customer_id,customer_number,first_name,middle_name,last_name,date_of_birth,age,gender,marital_status,nationality,residential_status,occupation_type,occupation,employer_name,employment_type,annual_income,income_range,education_level,address_line_1,address_line_2,city,state,country,pincode,mobile_number,email,customer_since,customer_segment_type,customer_status,kyc_status,kyc_last_updated,risk_profile,credit_score,branch_id,relationship_manager_id,preferred_language,preferred_channel,marketing_consent
CUST00001,CIF00000001,Aditya,,Malhotra,1990-04-23,36,Male,Married,Indian,Resident,Self-employed,Dentist,Self Employed,Self-employed,1029895,10-20L,Postgraduate,666 Gandhi Nagar,Flat 113,Dehradun,Uttarakhand,India,248001,9000000001,aditya.malhotra1@example.com,2019-09-25,Retail,Active,Verified,2026-06-09,Low,704,BR001,RM049,Marathi,NetBanking,Yes
CUST00002,CIF00000002,Ishita,,Ghosh,1977-07-03,49,Female,Married,Indian,Resident,Salaried,Doctor,Axis Bank,Salaried,1657401,10-20L,Postgraduate,566 Main Street,Plot 317,Delhi,Delhi,India,110001,9000000002,ishita.ghosh2@example.com,2021-10-08,Retail,Active,Verified,2024-07-15,Moderate,733,BR009,RM003,Odia,NetBanking,Yes
CUST00003,CIF00000003,Anika,,Kapoor,1980-09-24,46,Female,Married,Indian,Resident,Farmer,Agricultural Worker,Self / Family Farm,Farmer,132869,0-2.5L,Higher Secondary,251 Station Road,Flat 139,Lucknow,Uttar Pradesh,India,226001,9000000003,anika.kapoor3@example.com,2018-12-26,Retail,Dormant,Verified,2025-07-24,Moderate,673,BR029,RM044,Telugu,Mobile App,Yes
CUST00004,CIF00000004,Karan,,Bhatia,1979-05-05,47,Male,Divorced,Indian,Resident,Self-employed,Graphic Designer,Self Employed,Self-employed,761493,5-10L,Graduate,253 Gandhi Nagar,Flat 135,Visakhapatnam,Andhra Pradesh,India,530001,9000000004,karan.bhatia4@example.com,2018-07-12,Retail,Active,Verified,2025-08-20,Moderate,707,BR052,RM024,Gujarati,Branch,No
CUST00005,CIF00000005,Yogesh,,Singh,2001-09-28,25,Male,Single,Indian,Resident,Salaried,Data Scientist,Central Government,Salaried,1702931,10-20L,Postgraduate,966 MG Road,Plot 59,Sangli,Maharashtra,India,416416,9000000005,yogesh.singh5@example.com,2021-09-08,Retail,Active,Verified,2024-09-30,Moderate,708,BR044,RM008,Tamil,NetBanking,Yes
CUST00006,CIF00000006,Aadhya,,Kumar,1993-09-01,33,Female,Single,Indian,Resident,Salaried,Accountant,State Bank of India,Salaried,832342,5-10L,Postgraduate,614 Main Street,Flat 58,Sangli,Maharashtra,India,416416,9000000006,aadhya.kumar6@example.com,2021-10-30,Retail,Active,Verified,2026-05-01,Moderate,705,BR040,RM016,English,NetBanking,Yes
CUST00007,CIF00000007,Anmol,,Shinde,1970-09-25,56,Male,Married,Indian,Resident,Self-employed,Graphic Designer,Self Employed,Self-employed,1846071,10-20L,Graduate,748 Gandhi Nagar,Flat 160,Nanded,Maharashtra,India,431601,9000000007,anmol.shinde7@example.com,2021-03-01,Premium,Active,Verified,2025-01-17,High,721,BR057,RM058,Malayalam,Mobile App,Yes
CUST00008,CIF00000008,Jayesh,,Chaudhary,1980-11-16,46,Male,Married,Indian,Resident,Salaried,Finance Manager,HCLTech,Salaried,1861657,10-20L,Graduate,220 Market Road,Flat 479,Chennai,Tamil Nadu,India,600001,9000000008,jayesh.chaudhary8@example.com,2017-07-26,Retail,Active,Verified,2024-09-05,High,708,BR061,RM052,Kannada,Mobile App,Yes
CUST00009,CIF00000009,Vaibhav,,Nayak,1977-03-14,49,Male,Married,Indian,Resident,Salaried,Professor,Aditya Birla Group,Salaried,713605,5-10L,Postgraduate,188 Main Street,Flat 448,Akola,Maharashtra,India,444001,9000000009,vaibhav.nayak9@example.com,2023-03-02,Retail,Active,Verified,2026-06-01,Low,723,BR071,RM007,English,Mobile App,Yes
CUST00010,CIF00000010,Anshul,,Karnik,1983-12-26,43,Male,Widowed,Indian,Resident,Salaried,IT Manager,EY India,Salaried,3518963,20-50L,Graduate,570 Gandhi Nagar,Plot 80,Bhopal,Madhya Pradesh,India,462001,9000000010,anshul.karnik10@example.com,2019-04-02,Business,Active,Verified,2024-02-29,High,740,BR075,RM048,Malayalam,NetBanking,Yes
CUST00011,CIF00000011,Alisha,,Bhatt,1972-04-19,54,Female,Married,Indian,Resident,Business,Business Owner,Family Business,Business,2707704,20-50L,Doctorate,609 MG Road,Plot 215,Ranchi,Jharkhand,India,834001,9000000011,alisha.bhatt11@example.com,2021-09-03,Business,Active,Verified,2024-11-19,Low,708,BR034,RM014,Odia,Mobile App,Yes
CUST00012,CIF00000012,Mihir,,Pradhan,1985-02-08,41,Male,Married,Indian,Resident,Salaried,DevOps Engineer,Startup,Salaried,2717738,20-50L,Graduate,379 Main Street,Flat 427,Thane,Maharashtra,India,400601,9000000012,mihir.pradhan12@example.com,2016-02-14,Premium,Active,Verified,2026-04-06,Moderate,709,BR068,RM001,Odia,Mobile App,Yes
CUST00013,CIF00000013,Saloni,,Deshmukh,1993-09-16,33,Female,Married,Indian,Resident,Homemaker,Homemaker,Not Applicable,Homemaker,34664,0-2.5L,Higher Secondary,258 Nehru Colony,Flat 325,Delhi,Delhi,India,110001,9000000013,saloni.deshmukh13@example.com,2016-09-28,Retail,Active,Verified,2024-01-04,Low,689,BR043,RM050,Marathi,Email,Yes
CUST00014,CIF00000014,Bhumika,,Saini,1977-05-12,49,Female,Widowed,Indian,Resident,Salaried,Defence Personnel,Deloitte,Salaried,838153,5-10L,Diploma,921 Nehru Colony,Plot 21,Thane,Maharashtra,India,400601,9000000014,bhumika.saini14@example.com,2021-02-12,Retail,Active,Verified,2024-09-12,Moderate,684,BR014,RM023,Malayalam,Mobile App,Yes
CUST00015,CIF00000015,Rhea,,Ghosh,1964-04-09,62,Female,Divorced,Indian,Resident,Retired,Pensioner,Retired,Retired,185197,0-2.5L,Doctorate,164 Nehru Colony,Plot 196,Mysuru,Karnataka,India,570001,9000000015,rhea.ghosh15@example.com,2015-04-12,Retail,Active,Verified,2024-08-15,High,662,BR026,RM053,Bengali,SMS,Yes
CUST00016,CIF00000016,Jayesh,,Bhat,1979-01-04,47,Male,Widowed,Indian,Resident,Self-employed,Trader,Self Employed,Self-employed,1676830,10-20L,Postgraduate,899 Main Street,Flat 493,Thane,Maharashtra,India,400601,9000000016,jayesh.bhat16@example.com,2018-02-17,Retail,Dormant,Verified,2025-09-02,Moderate,744,BR056,RM023,Telugu,Branch,Yes
CUST00017,CIF00000017,Siddharth,,Tripathi,1996-10-11,30,Male,Married,Indian,Resident,Self-employed,Chartered Accountant,Self Employed,Self-employed,4457915,20-50L,Postgraduate,680 Nehru Colony,Flat 461,Dehradun,Uttarakhand,India,248001,9000000017,siddharth.tripathi17@example.com,2025-07-18,Premium,Active,Verified,2025-02-22,Moderate,834,BR042,RM026,Tamil,Branch,Yes
CUST00018,CIF00000018,Tejas,,Pawar,1993-08-15,33,Male,Married,Indian,Resident,Self-employed,Trader,Self Employed,Self-employed,2881656,20-50L,Postgraduate,453 Gandhi Nagar,Flat 243,Bhopal,Madhya Pradesh,India,462001,9000000018,tejas.pawar18@example.com,2015-01-02,Premium,Active,Verified,2026-01-23,Moderate,738,BR022,RM043,Hindi,NetBanking,Yes
CUST00019,CIF00000019,Anjali,,Karnik,1990-04-23,36,Female,Married,Indian,Resident,Self-employed,Trader,Self Employed,Self-employed,1135211,10-20L,Postgraduate,714 Park Road,Flat 125,Nagpur,Maharashtra,India,440001,9000000019,anjali.karnik19@example.com,2020-04-30,Retail,Active,Verified,2026-07-03,Low,778,BR014,RM050,Kannada,Mobile App,Yes
CUST00020,CIF00000020,Akanksha,,Tiwari,1991-09-14,35,Female,Married,Indian,Resident,Self-employed,Dentist,Self Employed,Self-employed,2514539,20-50L,Postgraduate,851 Market Road,Flat 82,Kochi,Kerala,India,682001,9000000020,akanksha.tiwari20@example.com,2021-04-08,Premium,Active,Verified,2024-09-22,Moderate,776,BR032,RM054,Odia,Mobile App,Yes
CUST00021,CIF00000021,Riddhi,,Karnik,2000-02-14,26,Female,Single,Indian,Resident,Self-employed,Architect,Self Employed,Self-employed,1199215,10-20L,Postgraduate,418 Main Street,Flat 213,Kolkata,West Bengal,India,700001,9000000021,riddhi.karnik21@example.com,2021-01-21,Retail,Active,Verified,2025-02-02,Low,710,BR075,RM045,English,Email,Yes
CUST00022,CIF00000022,Namrata,,Agarwal,1982-07-11,44,Female,Married,Indian,Resident,Homemaker,Homemaker,Not Applicable,Homemaker,98759,0-2.5L,Higher Secondary,685 Gandhi Nagar,Plot 371,Indore,Madhya Pradesh,India,452001,9000000022,namrata.agarwal22@example.com,2023-03-29,Retail,Active,Verified,2024-05-10,Low,759,BR080,RM035,English,Mobile App,Yes
CUST00023,CIF00000023,Anmol,,Roy,1975-05-27,51,Male,Married,Indian,Resident,Salaried,DevOps Engineer,DRDO,Salaried,1341113,10-20L,Postgraduate,84 Park Road,Flat 277,Kanpur,Uttar Pradesh,India,208001,9000000023,anmol.roy23@example.com,2018-08-31,Retail,Active,Verified,2024-08-17,Moderate,743,BR009,RM050,Odia,Email,Yes
CUST00024,CIF00000024,Lakshya,,Jadhav,1965-12-04,61,Male,Married,Indian,Resident,Farmer,Farmer,Self / Family Farm,Farmer,159892,0-2.5L,Higher Secondary,797 Nehru Colony,Flat 160,Thiruvananthapuram,Kerala,India,695001,9000000024,lakshya.jadhav24@example.com,2021-04-29,Retail,Active,Verified,2024-11-15,Low,675,BR074,RM044,Kannada,NetBanking,Yes
CUST00025,CIF00000025,Anirudh,,Vaidya,1989-06-03,37,Male,Divorced,Indian,Resident,Business,Entrepreneur,Startup,Business,1854810,10-20L,Graduate,519 Gandhi Nagar,Flat 435,Vadodara,Gujarat,India,390001,9000000025,anirudh.vaidya25@example.com,2016-05-10,Retail,Active,Verified,2025-03-19,Moderate,801,BR047,RM041,Bengali,Mobile App,Yes
CUST00026,CIF00000026,Charvi,,Soman,1987-02-09,39,Female,Married,Indian,Resident,Salaried,Accountant,DRDO,Salaried,945830,5-10L,Postgraduate,903 Park Road,Flat 238,Dehradun,Uttarakhand,India,248001,9000000026,charvi.soman26@example.com,2019-11-20,Retail,Active,Verified,2024-12-10,Moderate,785,BR004,RM032,Telugu,SMS,Yes
CUST00027,CIF00000027,Sahil,,Kumar,1979-11-23,47,Male,Married,Indian,Resident,Salaried,Finance Manager,PwC India,Salaried,2170488,20-50L,Postgraduate,503 Park Road,Plot 48,Amritsar,Punjab,India,143001,9000000027,sahil.kumar27@example.com,2015-12-17,Retail,Active,Verified,2024-09-06,Moderate,730,BR040,RM043,Punjabi,Email,Yes
CUST00028,CIF00000028,Meera,,Suresh,1969-04-24,57,Female,Married,Indian,Resident,Self-employed,Chartered Accountant,Self Employed,Self-employed,2096305,20-50L,Postgraduate,496 Main Street,Plot 390,Chennai,Tamil Nadu,India,600001,9000000028,meera.suresh28@example.com,2017-02-27,Premium,Active,Verified,2024-04-12,Moderate,740,BR025,RM019,Gujarati,NetBanking,Yes
CUST00029,CIF00000029,Aakanksha,,Srivastava,2002-01-09,24,Female,Married,Indian,Resident,Salaried,Cloud Engineer,Indian Railways,Salaried,800000,5-10L,Graduate,964 Nehru Colony,Flat 421,Osmanabad,Maharashtra,India,413501,9000000029,aakanksha.srivastava29@example.com,2016-02-25,Retail,Active,Verified,2025-08-13,Moderate,791,BR007,RM010,Marathi,NetBanking,Yes
CUST00030,CIF00000030,Anika,,Kaur,1978-12-04,48,Female,Married,Indian,Resident,Salaried,Cloud Engineer,Municipal Corporation,Salaried,1746600,10-20L,Diploma,971 Nehru Colony,Flat 109,Kanpur,Uttar Pradesh,India,208001,9000000030,anika.kaur30@example.com,2018-05-02,Retail,Active,Verified,2024-09-02,Moderate,810,BR023,RM036,Hindi,NetBanking,Yes
CUST00031,CIF00000031,Mitali,,Varma,2002-04-14,24,Female,Single,Indian,Resident,Salaried,Civil Engineer,DRDO,Salaried,521360,5-10L,Postgraduate,118 Market Road,Flat 77,Surat,Gujarat,India,395001,9000000031,mitali.varma31@example.com,2015-10-19,Retail,Active,Verified,2024-03-14,Moderate,767,BR008,RM011,Tamil,Email,Yes
CUST00032,CIF00000032,Mihika,,Dixit,1985-02-08,41,Female,Married,Indian,Resident,Salaried,Civil Engineer,Municipal Corporation,Salaried,1244121,10-20L,Graduate,985 Gandhi Nagar,Plot 295,Ranchi,Jharkhand,India,834001,9000000032,mihika.dixit32@example.com,2015-11-26,Premium,Active,Verified,2026-02-22,Moderate,776,BR035,RM037,English,Mobile App,Yes
CUST00033,CIF00000033,Yash,,Soman,1987-06-14,39,Male,Married,Indian,NRI,Business,Shop Owner,Independent Business,Business,2000000,20-50L,Doctorate,711 Park Road,Flat 484,Bhubaneswar,Odisha,India,751001,9000000033,yash.soman33@example.com,2016-01-09,Business,Active,Verified,2024-02-07,Moderate,760,BR059,RM006,Telugu,Email,Yes
CUST00034,CIF00000034,Suraj,,Solanki,2004-04-09,22,Male,Single,Indian,Resident,Self-employed,Graphic Designer,Self Employed,Self-employed,544803,5-10L,Postgraduate,563 Station Road,Plot 225,Kochi,Kerala,India,682001,9000000034,suraj.solanki34@example.com,2017-02-07,Retail,Active,Verified,2024-01-30,Moderate,746,BR078,RM052,Gujarati,NetBanking,Yes
CUST00035,CIF00000035,Pragya,,Ahire,1999-07-27,27,Female,Married,Indian,NRI,Salaried,Defence Personnel,Capgemini,Salaried,2000000,20-50L,Postgraduate,495 Park Road,Flat 283,New Delhi,Delhi,India,110011,9000000035,pragya.ahire35@example.com,2022-04-07,Premium,Active,Verified,2025-09-05,High,806,BR066,RM048,Marathi,Mobile App,Yes
CUST00036,CIF00000036,Sonia,,Rathod,1973-08-12,53,Female,Married,Indian,Resident,Salaried,Finance Manager,Mahindra & Mahindra,Salaried,1904803,10-20L,Graduate,341 Market Road,Plot 194,Mumbai,Maharashtra,India,400001,9000000036,sonia.rathod36@example.com,2024-05-23,Retail,Active,Verified,2024-07-12,Moderate,775,BR031,RM037,Kannada,SMS,Yes
CUST00037,CIF00000037,Aditi,,Modi,1980-09-15,46,Female,Widowed,Indian,Resident,Business,Construction Business Owner,Independent Business,Business,15954653,1Cr+,Graduate,16 Gandhi Nagar,Flat 446,Akola,Maharashtra,India,444001,9000000037,aditi.modi37@example.com,2015-06-01,Business,Active,Verified,2025-04-25,High,756,BR034,RM022,Punjabi,SMS,Yes
CUST00038,CIF00000038,Rajiv,,Srivastava,1984-11-23,42,Male,Married,Indian,Resident,Self-employed,Investment Advisor,Self Employed,Self-employed,4893200,20-50L,Doctorate,894 MG Road,Flat 356,Nagpur,Maharashtra,India,440001,9000000038,rajiv.srivastava38@example.com,2017-08-19,Premium,Active,Verified,2024-11-28,Moderate,820,BR008,RM019,Telugu,Mobile App,Yes
CUST00039,CIF00000039,Kunal,,Sonawane,1993-08-10,33,Male,Married,Indian,Resident,Salaried,Teacher,Google India,Salaried,378240,2.5-5L,Postgraduate,694 Market Road,Flat 227,Solapur,Maharashtra,India,413001,9000000039,kunal.sonawane39@example.com,2020-07-31,Retail,Active,Pending,2024-11-02,Moderate,756,BR055,RM045,Tamil,NetBanking,Yes
CUST00040,CIF00000040,Deepti,,Pillai,1998-12-02,28,Female,Married,Indian,Resident,Farmer,Agricultural Worker,Self / Family Farm,Farmer,122182,0-2.5L,Higher Secondary,933 Market Road,Plot 427,Jaipur,Rajasthan,India,302001,9000000040,deepti.pillai40@example.com,2022-11-04,Retail,Active,Verified,2026-03-29,Low,695,BR030,RM039,Telugu,Mobile App,Yes
CUST00041,CIF00000041,Manav,,Gandhi,2002-09-12,24,Male,Single,Indian,Resident,Business,Restaurant Owner,Startup,Business,561969,5-10L,Diploma,544 Market Road,Plot 426,Nagpur,Maharashtra,India,440001,9000000041,manav.gandhi41@example.com,2016-01-05,Business,Active,Verified,2025-05-08,Moderate,796,BR038,RM048,Telugu,Mobile App,Yes
CUST00042,CIF00000042,Ananya,,Garg,1990-11-12,36,Female,Married,Indian,Resident,Business,Construction Business Owner,Startup,Business,16334916,1Cr+,Postgraduate,111 Gandhi Nagar,Flat 13,Amritsar,Punjab,India,143001,9000000042,ananya.garg42@example.com,2015-02-27,Business,Active,Verified,2024-12-01,High,773,BR079,RM015,Odia,Email,Yes
CUST00043,CIF00000043,Shanti,,Menon,1997-12-23,29,Female,Single,Indian,Resident,Business,Shop Owner,Independent Business,Business,693133,5-10L,Postgraduate,969 Market Road,Flat 381,Nagpur,Maharashtra,India,440001,9000000043,shanti.menon43@example.com,2016-02-03,Premium,Active,Verified,2025-11-01,Low,710,BR013,RM054,Bengali,NetBanking,Yes
CUST00044,CIF00000044,Aastha,,Patil,1970-02-28,56,Female,Widowed,Indian,Resident,Salaried,Doctor,HDFC Bank,Salaried,2940656,20-50L,Postgraduate,844 Park Road,Flat 109,Delhi,Delhi,India,110001,9000000044,aastha.patil44@example.com,2021-02-08,Business,Active,Verified,2024-01-22,Moderate,815,BR007,RM051,Telugu,Mobile App,Yes
CUST00045,CIF00000045,Himanshu,,Chaudhary,1969-03-18,57,Male,Married,Indian,Resident,Self-employed,Graphic Designer,Self Employed,Self-employed,674440,5-10L,Diploma,257 Nehru Colony,Flat 339,Chennai,Tamil Nadu,India,600001,9000000045,himanshu.chaudhary45@example.com,2016-08-27,Retail,Active,Verified,2025-01-01,Low,780,BR031,RM038,Telugu,SMS,Yes
CUST00046,CIF00000046,Akanksha,,Dubey,1971-11-17,55,Female,Married,Indian,Resident,Business,Transport Business Owner,Independent Business,Business,2153359,20-50L,Postgraduate,309 Park Road,Plot 16,Thiruvananthapuram,Kerala,India,695001,9000000046,akanksha.dubey46@example.com,2021-08-28,Business,Active,Verified,2025-02-15,Low,713,BR055,RM044,Hindi,NetBanking,Yes
CUST00047,CIF00000047,Ananya,,Chopra,1989-10-14,37,Female,Married,Indian,Resident,Self-employed,Chartered Accountant,Self Employed,Self-employed,1350982,10-20L,Postgraduate,102 Nehru Colony,Plot 437,Solapur,Maharashtra,India,413001,9000000047,ananya.chopra47@example.com,2021-02-24,Premium,Active,Verified,2025-07-18,High,791,BR028,RM028,Bengali,NetBanking,Yes
CUST00048,CIF00000048,Kavya,,Sarkar,1998-06-26,28,Female,Single,Indian,Resident,Salaried,Teacher,Deloitte,Salaried,363865,2.5-5L,Postgraduate,134 Market Road,Flat 490,Nanded,Maharashtra,India,431601,9000000048,kavya.sarkar48@example.com,2022-09-14,Retail,Active,Verified,2024-05-05,Low,758,BR053,RM023,Odia,Mobile App,No
CUST00049,CIF00000049,Kamla,,Bhatt,1985-10-08,41,Female,Married,Indian,Resident,Salaried,Accountant,ISRO,Salaried,668727,5-10L,Postgraduate,827 Park Road,Plot 499,Ranchi,Jharkhand,India,834001,9000000049,kamla.bhatt49@example.com,2017-07-07,Retail,Active,Verified,2025-11-22,High,788,BR072,RM002,Punjabi,Mobile App,No
CUST00050,CIF00000050,Aaradhya,,Gupta,1985-12-17,41,Female,Divorced,Indian,Resident,Self-employed,Architect,Self Employed,Self-employed,2025327,20-50L,Higher Secondary,221 Park Road,Flat 175,Mysuru,Karnataka,India,570001,9000000050,aaradhya.gupta50@example.com,2021-05-08,Retail,Active,Verified,2024-11-28,Low,784,BR073,RM039,Hindi,NetBanking,Yes
CUST00051,CIF00000051,Darshan,,Yadav,1996-11-22,30,Male,Married,Indian,Resident,Salaried,Senior Software Engineer,Municipal Corporation,Salaried,1941282,10-20L,Graduate,608 Park Road,Flat 158,Bhubaneswar,Odisha,India,751001,9000000051,darshan.yadav51@example.com,2019-08-24,Premium,Active,Verified,2025-09-05,Moderate,734,BR008,RM001,Gujarati,Mobile App,Yes
CUST00052,CIF00000052,Bhavesh,,Kulkarni,1997-02-13,29,Male,Single,Indian,Resident,Self-employed,Consultant,Self Employed,Self-employed,616210,5-10L,Postgraduate,883 Gandhi Nagar,Flat 10,Bhubaneswar,Odisha,India,751001,9000000052,bhavesh.kulkarni52@example.com,2019-04-07,Retail,Active,Verified,2024-11-16,Moderate,748,BR074,RM028,Punjabi,SMS,Yes
CUST00053,CIF00000053,Janhvi,,Dhawan,1984-05-24,42,Female,Married,Indian,Resident,Salaried,Teacher,HDFC Bank,Salaried,380222,2.5-5L,Graduate,348 Station Road,Flat 87,Solapur,Maharashtra,India,413001,9000000053,janhvi.dhawan53@example.com,2015-12-27,Retail,Active,Verified,2025-06-27,Moderate,695,BR066,RM013,Telugu,NetBanking,Yes
CUST00054,CIF00000054,Keshav,,Deshmukh,1992-11-21,34,Male,Single,Indian,Resident,Salaried,Product Manager,Indian Railways,Salaried,2227707,20-50L,Doctorate,640 Main Street,Plot 322,Akola,Maharashtra,India,444001,9000000054,keshav.deshmukh54@example.com,2020-03-15,Retail,Active,Verified,2025-04-25,Moderate,796,BR057,RM041,Tamil,Email,Yes
CUST00055,CIF00000055,Sahil,,Sinha,1975-10-18,51,Male,Divorced,Indian,Resident,Salaried,Data Scientist,Accenture,Salaried,1907732,10-20L,Postgraduate,978 Nehru Colony,Plot 22,Lucknow,Uttar Pradesh,India,226001,9000000055,sahil.sinha55@example.com,2022-03-25,Retail,Active,Verified,2025-10-29,Low,810,BR025,RM021,Punjabi,NetBanking,Yes
CUST00056,CIF00000056,Amit,,Salunke,1983-07-25,43,Male,Married,Indian,Resident,Salaried,Data Analyst,Municipal Corporation,Salaried,576851,5-10L,Graduate,347 Gandhi Nagar,Flat 405,Mysuru,Karnataka,India,570001,9000000056,amit.salunke56@example.com,2019-12-05,Retail,Active,Verified,2024-12-03,Low,747,BR013,RM036,Odia,Mobile App,Yes
CUST00057,CIF00000057,Sharanya,,Verma,1983-06-27,43,Female,Widowed,Indian,Resident,Farmer,Dairy Farmer,Self / Family Farm,Farmer,122730,0-2.5L,Higher Secondary,131 Gandhi Nagar,Plot 485,Gurgaon,Haryana,India,122001,9000000057,sharanya.verma57@example.com,2018-06-24,Retail,Active,Verified,2025-06-23,Low,720,BR012,RM042,Odia,NetBanking,Yes
CUST00058,CIF00000058,Aaliya,,Patel,1991-12-17,35,Female,Married,Indian,Resident,Salaried,Researcher,Tech Mahindra,Salaried,1116664,10-20L,Doctorate,39 Gandhi Nagar,Flat 393,Patna,Bihar,India,800001,9000000058,aaliya.patel58@example.com,2016-09-26,Retail,Active,Verified,2024-06-06,Moderate,709,BR021,RM012,Punjabi,NetBanking,Yes
CUST00059,CIF00000059,Ved,,Bhosale,1989-06-22,37,Male,Married,Indian,Resident,Salaried,Teacher,Microsoft India,Salaried,665776,5-10L,Postgraduate,970 Market Road,Plot 237,Amravati,Maharashtra,India,444601,9000000059,ved.bhosale59@example.com,2020-12-27,Retail,Active,Verified,2025-05-29,High,710,BR068,RM027,Marathi,NetBanking,Yes
CUST00060,CIF00000060,Manav,,Bhatt,1981-07-03,45,Male,Divorced,Indian,Resident,Business,Restaurant Owner,Private Company,Business,2725912,20-50L,Diploma,970 Station Road,Plot 453,Wardha,Maharashtra,India,442001,9000000060,manav.bhatt60@example.com,2018-03-13,Premium,Active,Verified,2024-02-24,Moderate,710,BR051,RM033,Telugu,Branch,Yes
CUST00061,CIF00000061,Shashank,,Kale,1998-08-15,28,Male,Married,Indian,Resident,Salaried,Software Engineer,Tech Mahindra,Salaried,839970,5-10L,Graduate,631 MG Road,Plot 10,Kolkata,West Bengal,India,700001,9000000061,shashank.kale61@example.com,2015-06-06,Retail,Active,Verified,2025-07-15,Moderate,716,BR078,RM034,Kannada,SMS,Yes
CUST00062,CIF00000062,Gayatri,,Menon,1989-12-05,37,Female,Married,Indian,Resident,Salaried,Cloud Engineer,Capgemini,Salaried,2560875,20-50L,Postgraduate,299 Park Road,Flat 181,Solapur,Maharashtra,India,413001,9000000062,gayatri.menon62@example.com,2024-05-20,Premium,Active,Verified,2025-11-11,Moderate,815,BR011,RM034,Telugu,NetBanking,Yes
CUST00063,CIF00000063,Soham,,Sharma,1986-06-05,40,Male,Married,Indian,Resident,Salaried,Senior Software Engineer,Accenture,Salaried,2365743,20-50L,Graduate,46 Main Street,Flat 417,Pune,Maharashtra,India,411001,9000000063,soham.sharma63@example.com,2018-11-13,Retail,Active,Verified,2025-12-02,Moderate,730,BR060,RM045,Bengali,Email,Yes
CUST00064,CIF00000064,Anand,,Sarkar,1992-06-28,34,Male,Single,Indian,Resident,Salaried,Software Engineer,Mahindra & Mahindra,Salaried,491868,2.5-5L,Graduate,800 MG Road,Plot 170,Nagpur,Maharashtra,India,440001,9000000064,anand.sarkar64@example.com,2020-10-12,Premium,Active,Verified,2025-03-23,Low,690,BR052,RM048,Bengali,Email,Yes
CUST00065,CIF00000065,Kavya,,Gupta,1973-06-04,53,Female,Married,Indian,Resident,Salaried,Mechanical Engineer,IBM India,Salaried,1250382,10-20L,Postgraduate,82 Main Street,Plot 157,Guwahati,Assam,India,781001,9000000065,kavya.gupta65@example.com,2023-02-26,Premium,Active,Verified,2024-06-19,Moderate,754,BR057,RM023,Bengali,SMS,Yes
CUST00066,CIF00000066,Rekha,,Saha,2001-08-02,25,Female,Single,Indian,Resident,Self-employed,Architect,Self Employed,Self-employed,757372,5-10L,Postgraduate,130 MG Road,Flat 331,Bhopal,Madhya Pradesh,India,462001,9000000066,rekha.saha66@example.com,2023-12-26,Retail,Active,Verified,2025-08-03,High,775,BR005,RM039,Marathi,Mobile App,Yes
CUST00067,CIF00000067,Krisha,,Saini,1968-05-23,58,Female,Married,Indian,Resident,Business,Medium Business Owner,Family Business,Business,5910140,50L-1Cr,Diploma,457 Station Road,Plot 147,Bhopal,Madhya Pradesh,India,462001,9000000067,krisha.saini67@example.com,2025-10-09,Business,Active,Pending,2024-07-23,Moderate,754,BR016,RM009,Hindi,Email,Yes
CUST00068,CIF00000068,Anjali,,Modi,2000-02-07,26,Female,Married,Indian,Resident,Self-employed,Trader,Self Employed,Self-employed,1453427,10-20L,Postgraduate,812 Station Road,Flat 253,Vadodara,Gujarat,India,390001,9000000068,anjali.modi68@example.com,2022-12-25,Retail,Active,Verified,2025-01-12,Moderate,790,BR060,RM052,Malayalam,Email,Yes
CUST00069,CIF00000069,Anand,,Mishra,1974-09-21,52,Male,Divorced,Indian,Resident,Salaried,Teacher,Accenture,Salaried,791231,5-10L,Graduate,602 Station Road,Plot 67,Indore,Madhya Pradesh,India,452001,9000000069,anand.mishra69@example.com,2016-05-28,Retail,Active,Verified,2024-02-26,Moderate,720,BR016,RM034,Marathi,Email,Yes
CUST00070,CIF00000070,Rajat,,Kale,1982-10-19,44,Male,Married,Indian,Resident,Salaried,Finance Manager,Family Business,Salaried,1295692,10-20L,Postgraduate,158 Station Road,Plot 369,Madurai,Tamil Nadu,India,625001,9000000070,rajat.kale70@example.com,2018-01-29,Retail,Active,Verified,2026-08-04,Moderate,716,BR073,RM003,English,Mobile App,Yes
CUST00071,CIF00000071,Sakshi,,Jain,1978-03-15,48,Female,Married,Indian,Resident,Business,Medium Business Owner,Startup,Business,4016226,20-50L,Postgraduate,426 Park Road,Flat 175,Sangli,Maharashtra,India,416416,9000000071,sakshi.jain71@example.com,2018-05-22,Business,Active,Verified,2026-01-05,Moderate,801,BR041,RM047,Telugu,NetBanking,No
CUST00072,CIF00000072,Sarthak,,Solanki,1984-03-27,42,Male,Married,Indian,Resident,Salaried,Defence Personnel,Deloitte,Salaried,503480,5-10L,Graduate,336 Market Road,Plot 98,Ahmedabad,Gujarat,India,380001,9000000072,sarthak.solanki72@example.com,2016-02-01,Retail,Active,Verified,2025-06-11,Moderate,686,BR060,RM032,Tamil,NetBanking,Yes
CUST00073,CIF00000073,Sourabh,,Sinha,1989-03-09,37,Male,Married,Indian,Resident,Salaried,School Teacher,Indian Railways,Salaried,425595,2.5-5L,Diploma,745 Main Street,Plot 188,Nashik,Maharashtra,India,422001,9000000073,sourabh.sinha73@example.com,2021-09-13,Retail,Active,Verified,2025-07-29,Low,752,BR025,RM024,Malayalam,Mobile App,Yes
CUST00074,CIF00000074,Nikita,,Salunke,1987-01-02,39,Female,Married,Indian,Resident,Business,Medium Business Owner,Startup,Business,6986636,50L-1Cr,Postgraduate,141 Gandhi Nagar,Flat 243,Delhi,Delhi,India,110001,9000000074,nikita.salunke74@example.com,2018-10-20,Premium,Active,Verified,2026-07-03,Low,811,BR066,RM009,Telugu,NetBanking,No
CUST00075,CIF00000075,Bhumika,,Pradhan,1975-11-04,51,Female,Married,Indian,Resident,Salaried,Marketing Manager,State Bank of India,Salaried,1363532,10-20L,Graduate,427 Market Road,Flat 461,Kolkata,West Bengal,India,700001,9000000075,bhumika.pradhan75@example.com,2020-12-20,Retail,Active,Verified,2024-01-28,Moderate,762,BR077,RM031,Tamil,SMS,No
CUST00076,CIF00000076,Aman,,Upadhyay,1971-03-14,55,Male,Married,Indian,Resident,Salaried,Mechanical Engineer,Google India,Salaried,1799161,10-20L,Graduate,708 Station Road,Flat 397,Kanpur,Uttar Pradesh,India,208001,9000000076,aman.upadhyay76@example.com,2015-05-10,Retail,Active,Verified,2026-05-18,Low,773,BR008,RM046,Marathi,Branch,Yes
CUST00077,CIF00000077,Saloni,,Shetty,1984-04-09,42,Female,Married,Indian,Resident,Salaried,Government Employee,Axis Bank,Salaried,431594,2.5-5L,Graduate,572 Main Street,Flat 499,Dehradun,Uttarakhand,India,248001,9000000077,saloni.shetty77@example.com,2022-07-31,Retail,Dormant,Verified,2025-12-22,Moderate,738,BR027,RM045,Bengali,Mobile App,Yes
CUST00078,CIF00000078,Pranita,,Malhotra,1968-08-21,58,Female,Divorced,Indian,Resident,Self-employed,Consultant,Self Employed,Self-employed,3557959,20-50L,Graduate,263 Gandhi Nagar,Flat 104,Bhopal,Madhya Pradesh,India,462001,9000000078,pranita.malhotra78@example.com,2025-09-15,Retail,Active,Verified,2025-07-29,Moderate,838,BR035,RM009,Hindi,NetBanking,Yes
CUST00079,CIF00000079,Kunal,,Bhatt,1971-03-14,55,Male,Married,Indian,Resident,Self-employed,Trader,Self Employed,Self-employed,1306535,10-20L,Doctorate,669 Park Road,Flat 103,Nashik,Maharashtra,India,422001,9000000079,kunal.bhatt79@example.com,2018-09-14,Retail,Active,Verified,2024-10-19,Moderate,791,BR008,RM059,Hindi,Branch,Yes
CUST00080,CIF00000080,Ajay,,Goswami,1993-10-20,33,Male,Married,Indian,NRI,Salaried,Teacher,KPMG India,Salaried,2000000,20-50L,Higher Secondary,110 Main Street,Flat 329,Bhopal,Madhya Pradesh,India,462001,9000000080,ajay.goswami80@example.com,2025-07-03,Retail,Active,Verified,2024-05-17,High,795,BR065,RM030,Tamil,SMS,Yes
CUST00081,CIF00000081,Rajiv,,Goel,1988-06-03,38,Male,Married,Indian,Resident,Business,Transport Business Owner,Family Business,Business,7028038,50L-1Cr,Graduate,411 Gandhi Nagar,Flat 72,Amravati,Maharashtra,India,444601,9000000081,rajiv.goel81@example.com,2022-07-25,Business,Active,Verified,2024-01-07,Moderate,836,BR034,RM025,Gujarati,Mobile App,Yes
CUST00082,CIF00000082,Kavita,,Menon,1968-12-25,58,Female,Married,Indian,Resident,Business,Business Owner,Family Business,Business,527964,5-10L,Doctorate,319 Gandhi Nagar,Flat 470,Lucknow,Uttar Pradesh,India,226001,9000000082,kavita.menon82@example.com,2016-04-29,Business,Active,Verified,2024-08-14,Moderate,739,BR029,RM009,Bengali,Mobile App,Yes
CUST00083,CIF00000083,Manisha,,Suresh,1954-10-04,72,Female,Married,Indian,Resident,Retired,Retired Professional,Retired,Retired,658042,5-10L,Diploma,64 Nehru Colony,Flat 259,Latur,Maharashtra,India,413512,9000000083,manisha.suresh83@example.com,2024-10-16,Retail,Active,Verified,2024-06-17,Moderate,780,BR042,RM055,Malayalam,NetBanking,Yes
CUST00084,CIF00000084,Kamlesh,,Das,1976-05-27,50,Male,Married,Indian,Resident,Farmer,Horticulture Farmer,Self / Family Farm,Farmer,503987,5-10L,Higher Secondary,4 Gandhi Nagar,Flat 38,Noida,Uttar Pradesh,India,201301,9000000084,kamlesh.das84@example.com,2020-02-15,Retail,Active,Verified,2024-03-06,Moderate,634,BR070,RM004,Hindi,Mobile App,No
CUST00085,CIF00000085,Aastha,,Mane,1996-06-04,30,Female,Married,Indian,Resident,Salaried,Teacher,Larsen & Toubro,Salaried,640781,5-10L,Postgraduate,183 Market Road,Flat 66,Kanpur,Uttar Pradesh,India,208001,9000000085,aastha.mane85@example.com,2019-03-19,Retail,Active,Verified,2024-01-04,Moderate,690,BR003,RM020,Bengali,NetBanking,Yes
CUST00086,CIF00000086,Pooja,,Pawar,1989-01-08,37,Female,Married,Indian,Resident,Self-employed,Graphic Designer,Self Employed,Self-employed,1166001,10-20L,Postgraduate,212 MG Road,Flat 18,Ahmedabad,Gujarat,India,380001,9000000086,pooja.pawar86@example.com,2024-10-24,Retail,Active,Verified,2026-06-12,Low,792,BR007,RM016,English,Email,Yes
CUST00087,CIF00000087,Jai,,Chakraborty,1986-11-17,40,Male,Married,Indian,Resident,Salaried,DevOps Engineer,Startup,Salaried,1782144,10-20L,Diploma,227 Park Road,Flat 32,Yavatmal,Maharashtra,India,445001,9000000087,jai.chakraborty87@example.com,2021-09-15,Retail,Active,Verified,2026-01-22,Moderate,798,BR023,RM041,Odia,Mobile App,Yes
CUST00088,CIF00000088,Akanksha,,Narayan,1977-12-05,49,Female,Married,Indian,Resident,Homemaker,Homemaker,Not Applicable,Homemaker,102996,0-2.5L,Higher Secondary,826 Park Road,Plot 288,Osmanabad,Maharashtra,India,413501,9000000088,akanksha.narayan88@example.com,2016-09-03,Retail,Active,Verified,2025-06-26,Low,696,BR018,RM025,Gujarati,SMS,Yes
CUST00089,CIF00000089,Roshni,,Chopra,1960-11-18,66,Female,Married,Indian,Resident,Retired,Pensioner,Retired,Retired,148477,0-2.5L,Postgraduate,223 Park Road,Flat 465,Mangaluru,Karnataka,India,575001,9000000089,roshni.chopra89@example.com,2019-03-25,Retail,Active,Verified,2024-01-16,Low,726,BR028,RM060,Gujarati,SMS,No
CUST00090,CIF00000090,Balram,,Kaur,1991-12-16,35,Male,Married,Indian,Resident,Business,Entrepreneur,Family Business,Business,4327190,20-50L,Graduate,780 Nehru Colony,Flat 105,Amritsar,Punjab,India,143001,9000000090,balram.kaur90@example.com,2020-03-24,Business,Active,Verified,2025-07-30,Moderate,808,BR029,RM048,Marathi,SMS,Yes
CUST00091,CIF00000091,Janhvi,,Ghosh,1984-08-06,42,Female,Married,Indian,Resident,Self-employed,Chartered Accountant,Self Employed,Self-employed,3986326,20-50L,Postgraduate,751 Nehru Colony,Flat 72,Coimbatore,Tamil Nadu,India,641001,9000000091,janhvi.ghosh91@example.com,2022-05-05,Premium,Active,Verified,2026-07-27,Moderate,827,BR070,RM042,English,Email,Yes
CUST00092,CIF00000092,Alok,,Agarwal,1990-01-18,36,Male,Married,Indian,Resident,Salaried,Teacher,DRDO,Salaried,271269,2.5-5L,Graduate,565 Park Road,Flat 272,Mumbai,Maharashtra,India,400001,9000000092,alok.agarwal92@example.com,2019-03-09,Retail,Active,Verified,2024-10-20,Moderate,647,BR003,RM033,Odia,NetBanking,Yes
CUST00093,CIF00000093,Arun,,Desai,1989-05-22,37,Male,Divorced,Indian,Resident,Salaried,Government Employee,Reliance Industries,Salaried,451255,2.5-5L,Postgraduate,848 Nehru Colony,Flat 440,Madurai,Tamil Nadu,India,625001,9000000093,arun.desai93@example.com,2023-12-01,Retail,Active,Verified,2025-02-19,Low,690,BR049,RM025,Malayalam,Mobile App,Yes
CUST00094,CIF00000094,Dhruv,,Chopra,1977-10-16,49,Male,Widowed,Indian,Resident,Salaried,Mechanical Engineer,Cognizant,Salaried,1752468,10-20L,Postgraduate,278 MG Road,Plot 351,Visakhapatnam,Andhra Pradesh,India,530001,9000000094,dhruv.chopra94@example.com,2025-01-13,Retail,Active,Verified,2025-07-31,Low,767,BR005,RM012,Telugu,Branch,Yes
CUST00095,CIF00000095,Chaitanya,,Pradhan,1962-12-03,64,Male,Divorced,Indian,Resident,Retired,Pensioner,Retired,Retired,185170,0-2.5L,Doctorate,513 Gandhi Nagar,Plot 28,Visakhapatnam,Andhra Pradesh,India,530001,9000000095,chaitanya.pradhan95@example.com,2019-05-13,Retail,Active,Verified,2024-03-18,Moderate,726,BR044,RM039,Punjabi,Branch,No
CUST00096,CIF00000096,Suhani,,More,1987-04-23,39,Female,Married,Indian,Resident,Salaried,Software Engineer,Larsen & Toubro,Salaried,1344872,10-20L,Graduate,76 MG Road,Flat 195,Jaipur,Rajasthan,India,302001,9000000096,suhani.more96@example.com,2019-11-04,Retail,Active,Verified,2026-01-27,Moderate,723,BR050,RM021,Telugu,Mobile App,Yes
CUST00097,CIF00000097,Pranav,,Saini,1987-06-28,39,Male,Married,Indian,Resident,Salaried,Bank Employee,Family Business,Salaried,407197,2.5-5L,Postgraduate,395 MG Road,Flat 199,Mysuru,Karnataka,India,570001,9000000097,pranav.saini97@example.com,2021-03-22,Retail,Active,Verified,2025-07-26,Low,705,BR032,RM037,Malayalam,Mobile App,Yes
CUST00098,CIF00000098,Charita,,Gandhi,1981-10-20,45,Female,Married,Indian,Resident,Self-employed,Lawyer,Self Employed,Self-employed,4736623,20-50L,Postgraduate,201 Park Road,Flat 156,Bengaluru,Karnataka,India,560001,9000000098,charita.gandhi98@example.com,2019-09-21,Premium,Active,Verified,2026-05-11,Moderate,778,BR080,RM025,Telugu,Mobile App,Yes
CUST00099,CIF00000099,Vaishnavi,,Varma,1984-07-09,42,Female,Widowed,Indian,Resident,Salaried,DevOps Engineer,Bajaj Finserv,Salaried,1642432,10-20L,Graduate,837 Nehru Colony,Flat 59,Mysuru,Karnataka,India,570001,9000000099,vaishnavi.varma99@example.com,2018-04-08,Retail,Active,Verified,2025-07-12,Moderate,794,BR024,RM044,Malayalam,NetBanking,Yes
CUST00100,CIF00000100,Shalini,,Jain,1986-10-16,40,Female,Married,Indian,Resident,Salaried,School Teacher,Tech Mahindra,Salaried,272518,2.5-5L,Diploma,597 Park Road,Flat 473,Indore,Madhya Pradesh,India,452001,9000000100,shalini.jain100@example.com,2022-02-07,Retail,Active,Verified,2025-07-10,Moderate,678,BR005,RM051,Telugu,Email,Yes
CUST00101,CIF00000101,Arun,,Kaur,1982-02-09,44,Male,Married,Indian,Resident,Business,Shop Owner,Startup,Business,1097674,10-20L,Diploma,228 Market Road,Plot 286,Nagpur,Maharashtra,India,440001,9000000101,arun.kaur101@example.com,2022-04-03,Retail,Active,Verified,2025-04-01,Moderate,751,BR048,RM026,Bengali,Email,Yes
CUST00102,CIF00000102,Sachin,,Bhat,1986-02-15,40,Male,Married,Indian,Resident,Salaried,Mechanical Engineer,Deloitte,Salaried,1272363,10-20L,Graduate,740 Gandhi Nagar,Flat 35,Navi Mumbai,Maharashtra,India,400703,9000000102,sachin.bhat102@example.com,2018-11-27,Premium,Active,Verified,2024-04-27,Moderate,739,BR003,RM055,Telugu,NetBanking,Yes
CUST00103,CIF00000103,Kunal,,Soman,1988-04-15,38,Male,Married,Indian,Resident,Self-employed,Chartered Accountant,Self Employed,Self-employed,3576542,20-50L,Postgraduate,607 Park Road,Flat 361,Kochi,Kerala,India,682001,9000000103,kunal.soman103@example.com,2019-07-18,Premium,Active,Verified,2025-12-21,Moderate,820,BR009,RM037,Hindi,Mobile App,Yes
CUST00104,CIF00000104,Sanket,,More,1991-10-06,35,Male,Married,Indian,Resident,Self-employed,Chartered Accountant,Self Employed,Self-employed,3000779,20-50L,Postgraduate,834 Gandhi Nagar,Plot 153,Patna,Bihar,India,800001,9000000104,sanket.more104@example.com,2022-03-02,Premium,Active,Verified,2025-11-19,Moderate,780,BR018,RM021,Hindi,Mobile App,Yes
CUST00105,CIF00000105,Eshan,,Patil,1972-05-05,54,Male,Married,Indian,Resident,Business,Entrepreneur,Independent Business,Business,4458666,20-50L,Graduate,192 Main Street,Plot 318,Noida,Uttar Pradesh,India,201301,9000000105,eshan.patil105@example.com,2020-06-16,Business,Active,Verified,2024-01-10,High,821,BR063,RM009,Gujarati,Mobile App,Yes
CUST00106,CIF00000106,Mahi,,Shinde,1976-12-25,50,Female,Married,Indian,Resident,Salaried,Teacher,Microsoft India,Salaried,752438,5-10L,Graduate,785 Park Road,Flat 58,Visakhapatnam,Andhra Pradesh,India,530001,9000000106,mahi.shinde106@example.com,2018-04-11,Retail,Active,Verified,2025-07-10,Moderate,684,BR047,RM035,English,Mobile App,Yes
CUST00107,CIF00000107,Prachi,,Joshi,1995-04-26,31,Female,Married,Indian,Resident,Salaried,Marketing Manager,Axis Bank,Salaried,919111,5-10L,Postgraduate,756 Market Road,Plot 441,Nagpur,Maharashtra,India,440001,9000000107,prachi.joshi107@example.com,2024-09-01,Retail,Active,Verified,2024-06-18,High,784,BR079,RM009,Gujarati,Mobile App,Yes
CUST00108,CIF00000108,Sagar,,Srivastava,1970-03-25,56,Male,Married,Indian,Resident,Self-employed,Architect,Self Employed,Self-employed,1426225,10-20L,Postgraduate,805 Park Road,Plot 142,Wardha,Maharashtra,India,442001,9000000108,sagar.srivastava108@example.com,2021-06-03,Retail,Active,Verified,2026-06-05,Moderate,734,BR017,RM016,Marathi,Email,Yes
CUST00109,CIF00000109,Sourabh,,Shinde,1987-08-11,39,Male,Married,Indian,Resident,Salaried,DevOps Engineer,IBM India,Salaried,2537385,20-50L,Graduate,596 MG Road,Plot 434,Thane,Maharashtra,India,400601,9000000109,sourabh.shinde109@example.com,2019-07-09,Premium,Active,Verified,2025-04-14,Moderate,765,BR046,RM055,Hindi,SMS,Yes
CUST00110,CIF00000110,Esha,,Roy,1973-01-02,53,Female,Married,Indian,Resident,Self-employed,Graphic Designer,Self Employed,Self-employed,803162,5-10L,Postgraduate,102 Gandhi Nagar,Plot 236,Surat,Gujarat,India,395001,9000000110,esha.roy110@example.com,2021-06-25,Retail,Active,Verified,2024-06-10,Moderate,696,BR057,RM030,English,Mobile App,No
CUST00111,CIF00000111,Deepti,,Dubey,1985-12-23,41,Female,Married,Indian,Resident,Farmer,Horticulture Farmer,Self / Family Farm,Farmer,163349,0-2.5L,Postgraduate,774 Station Road,Flat 47,Ahmedabad,Gujarat,India,380001,9000000111,deepti.dubey111@example.com,2019-01-16,Retail,Active,Verified,2025-05-03,Moderate,684,BR010,RM009,Punjabi,Mobile App,Yes
CUST00112,CIF00000112,Aakanksha,,Ahire,1997-03-21,29,Female,Married,Indian,Resident,Business,Entrepreneur,Family Business,Business,4608528,20-50L,Graduate,694 Station Road,Flat 289,Noida,Uttar Pradesh,India,201301,9000000112,aakanksha.ahire112@example.com,2016-01-01,Premium,Active,Verified,2025-03-26,Moderate,833,BR045,RM047,Gujarati,Mobile App,Yes
CUST00113,CIF00000113,Tanish,,Wagh,1991-02-08,35,Male,Married,Indian,Resident,Business,Entrepreneur,Independent Business,Business,1727191,10-20L,Graduate,567 Market Road,Plot 312,Noida,Uttar Pradesh,India,201301,9000000113,tanish.wagh113@example.com,2019-04-22,Retail,Active,Verified,2024-01-28,Moderate,744,BR039,RM014,Malayalam,Mobile App,Yes
CUST00114,CIF00000114,Sourabh,,Mehta,1989-10-14,37,Male,Married,Indian,Resident,Business,Shop Owner,Independent Business,Business,2475709,20-50L,Diploma,375 Market Road,Plot 391,Coimbatore,Tamil Nadu,India,641001,9000000114,sourabh.mehta114@example.com,2020-12-03,Retail,Active,Pending,2024-03-15,High,813,BR003,RM038,Hindi,Branch,Yes
CUST00115,CIF00000115,Akash,,Chakraborty,2002-05-03,24,Male,Single,Indian,Resident,Student,Student,College / University,Student,33201,0-2.5L,Higher Secondary,524 Station Road,Plot 80,Wardha,Maharashtra,India,442001,9000000115,akash.chakraborty115@example.com,2019-08-29,Retail,Active,Verified,2025-10-11,Moderate,708,BR009,RM020,Kannada,Mobile App,Yes
CUST00116,CIF00000116,Amar,,Kaur,1977-09-17,49,Male,Married,Indian,Resident,Salaried,Data Scientist,KPMG India,Salaried,1286482,10-20L,Postgraduate,802 Nehru Colony,Plot 86,Kolhapur,Maharashtra,India,416001,9000000116,amar.kaur116@example.com,2016-05-04,Retail,Active,Verified,2026-06-13,Moderate,701,BR035,RM047,Hindi,Mobile App,Yes
CUST00117,CIF00000117,Rakesh,,Roy,1994-03-09,32,Male,Married,Indian,Resident,Self-employed,Lawyer,Self Employed,Self-employed,2805781,20-50L,Postgraduate,792 MG Road,Plot 346,Visakhapatnam,Andhra Pradesh,India,530001,9000000117,rakesh.roy117@example.com,2020-07-25,Premium,Active,Verified,2025-06-05,Low,758,BR001,RM003,English,SMS,Yes
CUST00118,CIF00000118,Komal,,Pillai,1966-06-04,60,Female,Married,Indian,Resident,Retired,Pensioner,Retired,Retired,118540,0-2.5L,Diploma,515 Gandhi Nagar,Plot 92,Wardha,Maharashtra,India,442001,9000000118,komal.pillai118@example.com,2019-09-14,Retail,Active,Verified,2024-02-17,Moderate,668,BR052,RM005,Bengali,Branch,Yes
CUST00119,CIF00000119,Kanchan,,Das,2004-04-05,22,Female,Single,Indian,Resident,Salaried,Defence Personnel,Google India,Salaried,443419,2.5-5L,Doctorate,7 Park Road,Flat 278,Visakhapatnam,Andhra Pradesh,India,530001,9000000119,kanchan.das119@example.com,2020-03-15,Retail,Active,Verified,2026-06-17,Moderate,687,BR002,RM022,English,Mobile App,Yes
CUST00120,CIF00000120,Vineeta,,Mishra,1971-12-12,55,Female,Widowed,Indian,Resident,Salaried,Data Analyst,Deloitte,Salaried,729736,5-10L,Postgraduate,470 Gandhi Nagar,Flat 49,Nashik,Maharashtra,India,422001,9000000120,vineeta.mishra120@example.com,2022-12-24,Retail,Active,Verified,2025-02-07,High,715,BR010,RM038,Punjabi,SMS,Yes
CUST00121,CIF00000121,Keshav,,Mehta,1978-02-06,48,Male,Married,Indian,Resident,Self-employed,Lawyer,Self Employed,Self-employed,3896325,20-50L,Postgraduate,461 Park Road,Flat 62,Amravati,Maharashtra,India,444601,9000000121,keshav.mehta121@example.com,2020-01-29,Premium,Active,Verified,2024-07-31,Low,774,BR058,RM020,Bengali,Email,Yes
CUST00122,CIF00000122,Anshul,,Goel,1985-09-02,41,Male,Married,Indian,Resident,Self-employed,Graphic Designer,Self Employed,Self-employed,1933058,10-20L,Graduate,694 Main Street,Flat 90,Kolhapur,Maharashtra,India,416001,9000000122,anshul.goel122@example.com,2024-05-16,Premium,Active,Verified,2025-04-08,Low,809,BR072,RM048,Malayalam,Mobile App,Yes
CUST00123,CIF00000123,Anushka,,Gandhi,2001-02-01,25,Female,Single,Indian,Resident,Salaried,Cloud Engineer,Aditya Birla Group,Salaried,1670708,10-20L,Graduate,67 Station Road,Plot 228,Chennai,Tamil Nadu,India,600001,9000000123,anushka.gandhi123@example.com,2019-03-05,Retail,Active,Verified,2026-05-17,Moderate,787,BR043,RM008,English,NetBanking,No
CUST00124,CIF00000124,Dhruv,,Tripathi,1968-10-20,58,Male,Married,Indian,Resident,Salaried,Professor,KPMG India,Salaried,1548372,10-20L,Postgraduate,632 Station Road,Plot 256,Kanpur,Uttar Pradesh,India,208001,9000000124,dhruv.tripathi124@example.com,2018-12-20,Retail,Active,Verified,2024-03-03,Moderate,727,BR012,RM018,Kannada,Mobile App,Yes
CUST00125,CIF00000125,Lakshya,,Yadav,1981-10-08,45,Male,Married,Indian,Resident,Salaried,Marketing Manager,Independent Consultant,Salaried,440957,2.5-5L,Higher Secondary,31 Nehru Colony,Plot 30,Wardha,Maharashtra,India,442001,9000000125,lakshya.yadav125@example.com,2023-10-06,Retail,Active,Verified,2025-01-01,Low,702,BR075,RM015,Marathi,Mobile App,Yes
CUST00126,CIF00000126,Mohit,,Srivastava,2001-10-11,25,Male,Married,Indian,NRI,Self-employed,Graphic Designer,Self Employed,Self-employed,2000000,20-50L,Graduate,826 Gandhi Nagar,Plot 468,Chennai,Tamil Nadu,India,600001,9000000126,mohit.srivastava126@example.com,2023-12-11,Retail,Active,Verified,2024-12-26,High,749,BR073,RM037,Marathi,SMS,Yes
CUST00127,CIF00000127,Ramesh,,Subramanian,1973-12-06,53,Male,Married,Indian,Resident,Salaried,Researcher,Infosys,Salaried,519807,5-10L,Doctorate,941 Nehru Colony,Plot 166,Chennai,Tamil Nadu,India,600001,9000000127,ramesh.subramanian127@example.com,2020-11-26,Retail,Active,Verified,2025-12-22,High,741,BR019,RM050,Hindi,Mobile App,Yes
CUST00128,CIF00000128,Ananya,,Patil,1979-12-20,47,Female,Married,Indian,Resident,Business,Manufacturer,Private Company,Business,5915864,50L-1Cr,Doctorate,806 Main Street,Flat 302,Vadodara,Gujarat,India,390001,9000000128,ananya.patil128@example.com,2023-03-19,Premium,Active,Verified,2026-01-21,Moderate,795,BR038,RM009,Marathi,Mobile App,Yes
CUST00129,CIF00000129,Vineeta,,Trivedi,1984-02-27,42,Female,Widowed,Indian,Resident,Salaried,Software Engineer,Deloitte,Salaried,863250,5-10L,Graduate,726 Gandhi Nagar,Plot 454,Delhi,Delhi,India,110001,9000000129,vineeta.trivedi129@example.com,2018-09-18,Retail,Active,Verified,2024-08-02,Moderate,775,BR032,RM045,Hindi,Mobile App,Yes
CUST00130,CIF00000130,Aarav,,Bhatt,1978-11-08,48,Male,Divorced,Indian,Resident,Self-employed,Investment Advisor,Self Employed,Self-employed,2195347,20-50L,Postgraduate,167 Park Road,Flat 434,Patna,Bihar,India,800001,9000000130,aarav.bhatt130@example.com,2018-12-09,Retail,Active,Verified,2024-09-24,High,769,BR014,RM005,Telugu,Email,Yes
CUST00131,CIF00000131,Bhumika,,Chavan,1999-04-14,27,Female,Married,Indian,Resident,Salaried,Government Employee,Infosys,Salaried,427183,2.5-5L,Graduate,714 Market Road,Plot 374,Solapur,Maharashtra,India,413001,9000000131,bhumika.chavan131@example.com,2019-11-02,Retail,Active,Verified,2024-10-31,Low,760,BR031,RM007,English,Mobile App,Yes
CUST00132,CIF00000132,Bhavana,,Bhatt,1977-05-26,49,Female,Married,Indian,Resident,Salaried,Bank Employee,ISRO,Salaried,391884,2.5-5L,Postgraduate,408 Park Road,Flat 339,Nanded,Maharashtra,India,431601,9000000132,bhavana.bhatt132@example.com,2017-03-28,Retail,Active,Verified,2025-01-31,Low,652,BR024,RM024,Kannada,Mobile App,Yes
CUST00133,CIF00000133,Aditi,,Kumar,1988-07-27,38,Female,Married,Indian,Resident,Salaried,School Teacher,Cognizant,Salaried,437232,2.5-5L,Postgraduate,536 Park Road,Plot 352,Visakhapatnam,Andhra Pradesh,India,530001,9000000133,aditi.kumar133@example.com,2015-12-18,Retail,Active,Verified,2026-06-21,High,725,BR031,RM031,Tamil,NetBanking,Yes
CUST00134,CIF00000134,Santosh,,Tripathi,1968-07-03,58,Male,Married,Indian,Resident,Farmer,Horticulture Farmer,Self / Family Farm,Farmer,435223,2.5-5L,Diploma,700 Park Road,Flat 422,Gurgaon,Haryana,India,122001,9000000134,santosh.tripathi134@example.com,2023-06-29,Retail,Active,Verified,2024-09-21,High,734,BR041,RM059,Hindi,SMS,Yes
CUST00135,CIF00000135,Pragya,,More,1971-02-04,55,Female,Married,Indian,Resident,Farmer,Agricultural Worker,Self / Family Farm,Farmer,180103,0-2.5L,Higher Secondary,577 Nehru Colony,Flat 147,Mumbai,Maharashtra,India,400001,9000000135,pragya.more135@example.com,2021-12-27,Retail,Active,Verified,2026-06-17,Low,753,BR053,RM017,Kannada,Mobile App,Yes
CUST00136,CIF00000136,Aastha,,Goswami,1995-05-10,31,Female,Married,Indian,Resident,Self-employed,Architect,Self Employed,Self-employed,2284935,20-50L,Graduate,288 Nehru Colony,Flat 357,Kolkata,West Bengal,India,700001,9000000136,aastha.goswami136@example.com,2015-07-21,Retail,Active,Pending,2024-08-21,Moderate,795,BR018,RM020,Bengali,Mobile App,Yes
CUST00137,CIF00000137,Isha,,Rathod,1999-09-13,27,Female,Married,Indian,Resident,Business,Business Owner,Startup,Business,794129,5-10L,Graduate,139 Nehru Colony,Plot 451,Indore,Madhya Pradesh,India,452001,9000000137,isha.rathod137@example.com,2024-09-22,Business,Active,Verified,2026-06-15,Moderate,727,BR026,RM054,English,Mobile App,Yes
CUST00138,CIF00000138,Akanksha,,Patel,1987-09-12,39,Female,Married,Indian,Resident,Business,Manufacturer,Private Company,Business,4089959,20-50L,Graduate,353 Station Road,Plot 133,Ranchi,Jharkhand,India,834001,9000000138,akanksha.patel138@example.com,2022-08-22,Business,Active,Verified,2024-10-18,Moderate,743,BR004,RM025,English,Branch,Yes
CUST00139,CIF00000139,Jay,,Kale,1987-05-23,39,Male,Married,Indian,Resident,Self-employed,Trader,Self Employed,Self-employed,2017597,20-50L,Graduate,991 Gandhi Nagar,Plot 217,Latur,Maharashtra,India,413512,9000000139,jay.kale139@example.com,2025-03-22,Retail,Active,Verified,2025-04-15,Moderate,716,BR033,RM014,Bengali,Mobile App,Yes
CUST00140,CIF00000140,Ragini,,Deshmukh,1981-11-10,45,Female,Married,Indian,Resident,Salaried,Software Engineer,ICICI Bank,Salaried,992816,5-10L,Graduate,193 Station Road,Flat 124,Delhi,Delhi,India,110001,9000000140,ragini.deshmukh140@example.com,2018-02-06,Retail,Active,Verified,2026-04-01,Moderate,761,BR077,RM026,Odia,Email,Yes
CUST00141,CIF00000141,Aditya,,Singh,1990-08-22,36,Male,Married,Indian,Resident,Salaried,Marketing Manager,Startup,Salaried,1277795,10-20L,Postgraduate,368 Market Road,Flat 88,Amravati,Maharashtra,India,444601,9000000141,aditya.singh141@example.com,2024-02-25,Premium,Active,Verified,2024-07-04,Moderate,724,BR038,RM007,Bengali,Email,Yes
CUST00142,CIF00000142,Sharanya,,Tiwari,1993-08-02,33,Female,Single,Indian,Resident,Business,Medium Business Owner,Startup,Business,14261956,1Cr+,Doctorate,888 Gandhi Nagar,Flat 484,Chennai,Tamil Nadu,India,600001,9000000142,sharanya.tiwari142@example.com,2018-06-11,Premium,Active,Verified,2024-07-18,Moderate,793,BR065,RM008,Odia,Mobile App,Yes
CUST00143,CIF00000143,Mahi,,Bhatt,1995-06-21,31,Female,Married,Indian,NRI,Farmer,Dairy Farmer,Self / Family Farm,Farmer,2000000,20-50L,Higher Secondary,182 Main Street,Plot 3,Kolkata,West Bengal,India,700001,9000000143,mahi.bhatt143@example.com,2021-05-21,Premium,Active,Verified,2026-03-03,High,737,BR022,RM037,Marathi,Mobile App,Yes
CUST00144,CIF00000144,Ayush,,Wagh,1978-09-07,48,Male,Married,Indian,Resident,Salaried,Professor,Wipro,Salaried,1445977,10-20L,Postgraduate,19 Gandhi Nagar,Flat 376,Thiruvananthapuram,Kerala,India,695001,9000000144,ayush.wagh144@example.com,2020-12-26,Retail,Active,Verified,2024-12-18,High,725,BR040,RM009,Hindi,SMS,Yes
CUST00145,CIF00000145,Charita,,Chaudhary,1985-06-25,41,Female,Married,Indian,Resident,Self-employed,Graphic Designer,Self Employed,Self-employed,809910,5-10L,Doctorate,193 Station Road,Plot 471,Guwahati,Assam,India,781001,9000000145,charita.chaudhary145@example.com,2018-10-15,Retail,Active,Verified,2024-08-17,High,735,BR017,RM014,English,Mobile App,Yes
CUST00146,CIF00000146,Atharv,,Patel,2002-07-15,24,Male,Single,Indian,Resident,Business,Exporter,Startup,Business,3000000,20-50L,Postgraduate,390 MG Road,Flat 243,Madurai,Tamil Nadu,India,625001,9000000146,atharv.patel146@example.com,2021-08-29,Business,Active,Verified,2025-12-03,Moderate,746,BR002,RM020,Kannada,Mobile App,Yes
CUST00147,CIF00000147,Rhea,,Verma,1978-04-12,48,Female,Married,Indian,Resident,Business,Manufacturer,Family Business,Business,7968020,50L-1Cr,Postgraduate,721 Park Road,Flat 21,Ranchi,Jharkhand,India,834001,9000000147,rhea.verma147@example.com,2016-04-11,Business,Active,Verified,2025-12-05,Low,840,BR062,RM022,Gujarati,Mobile App,Yes
CUST00148,CIF00000148,Aryan,,Tripathi,1995-08-02,31,Male,Married,Indian,Resident,Self-employed,Trader,Self Employed,Self-employed,677834,5-10L,Graduate,103 Nehru Colony,Flat 21,Thane,Maharashtra,India,400601,9000000148,aryan.tripathi148@example.com,2016-02-19,Retail,Active,Verified,2025-11-24,Low,795,BR041,RM028,Hindi,Branch,Yes
CUST00149,CIF00000149,Abhay,,Gandhi,1994-07-15,32,Male,Married,Indian,Resident,Self-employed,Trader,Self Employed,Self-employed,1678503,10-20L,Diploma,279 Nehru Colony,Flat 436,Chandigarh,Chandigarh,India,160001,9000000149,abhay.gandhi149@example.com,2018-01-03,Retail,Active,Verified,2026-06-26,Moderate,812,BR022,RM008,Marathi,Mobile App,Yes
CUST00150,CIF00000150,Darshan,,Deshmukh,1974-08-04,52,Male,Married,Indian,Resident,Salaried,Teacher,Infosys,Salaried,699447,5-10L,Graduate,909 Park Road,Flat 33,Kanpur,Uttar Pradesh,India,208001,9000000150,darshan.deshmukh150@example.com,2024-09-03,Retail,Active,Verified,2025-12-22,Moderate,767,BR068,RM050,Punjabi,SMS,Yes
CUST00151,CIF00000151,Rohan,,Soman,1998-09-28,28,Male,Married,Indian,Resident,Salaried,Government Employee,Larsen & Toubro,Salaried,476936,2.5-5L,Doctorate,481 Nehru Colony,Flat 85,Coimbatore,Tamil Nadu,India,641001,9000000151,rohan.soman151@example.com,2016-08-31,Retail,Active,Verified,2024-09-03,Moderate,747,BR043,RM018,English,Mobile App,Yes
CUST00152,CIF00000152,Mahima,,Karnik,1976-01-18,50,Female,Divorced,Indian,Resident,Salaried,Data Scientist,Municipal Corporation,Salaried,2640366,20-50L,Postgraduate,563 MG Road,Plot 406,Navi Mumbai,Maharashtra,India,400703,9000000152,mahima.karnik152@example.com,2018-07-18,Business,Active,Verified,2024-11-07,Moderate,715,BR066,RM036,Gujarati,Mobile App,Yes
CUST00153,CIF00000153,Kavya,,Patel,1990-11-08,36,Female,Married,Indian,Resident,Self-employed,Graphic Designer,Self Employed,Self-employed,1970662,10-20L,Diploma,3 Main Street,Flat 325,Amritsar,Punjab,India,143001,9000000153,kavya.patel153@example.com,2021-09-23,Retail,Dormant,Verified,2025-06-18,Moderate,760,BR048,RM045,Hindi,NetBanking,Yes
CUST00154,CIF00000154,Ramesh,,Gandhi,1978-07-02,48,Male,Married,Indian,Resident,Self-employed,Graphic Designer,Self Employed,Self-employed,424314,2.5-5L,Diploma,949 Gandhi Nagar,Plot 302,Mangaluru,Karnataka,India,575001,9000000154,ramesh.gandhi154@example.com,2025-06-07,Retail,Active,Verified,2025-04-13,Moderate,749,BR076,RM033,Marathi,Email,No
CUST00155,CIF00000155,Alok,,Suresh,1971-07-20,55,Male,Married,Indian,Resident,Homemaker,Homemaker,Not Applicable,Homemaker,66628,0-2.5L,Higher Secondary,938 Gandhi Nagar,Plot 141,Mysuru,Karnataka,India,570001,9000000155,alok.suresh155@example.com,2016-12-12,Retail,Active,Verified,2024-10-28,Moderate,652,BR058,RM052,Marathi,Mobile App,Yes
CUST00156,CIF00000156,Vidhi,,Suresh,1969-09-23,57,Female,Married,Indian,Resident,Farmer,Agricultural Worker,Self / Family Farm,Farmer,116975,0-2.5L,Higher Secondary,653 Main Street,Plot 390,Solapur,Maharashtra,India,413001,9000000156,vidhi.suresh156@example.com,2022-09-13,Retail,Active,Verified,2025-08-07,Moderate,708,BR054,RM044,Malayalam,Email,Yes
CUST00157,CIF00000157,Trisha,,Ahire,2003-05-07,23,Female,Single,Indian,Resident,Salaried,Government Employee,Reliance Industries,Salaried,449685,2.5-5L,Postgraduate,772 Market Road,Flat 417,Nanded,Maharashtra,India,431601,9000000157,trisha.ahire157@example.com,2023-05-31,Retail,Active,Verified,2025-11-22,Low,740,BR072,RM056,Gujarati,SMS,Yes
CUST00158,CIF00000158,Gayatri,,Solanki,1986-05-07,40,Female,Married,Indian,Resident,Self-employed,Content Creator,Self Employed,Self-employed,1653192,10-20L,Higher Secondary,636 Nehru Colony,Plot 446,Kanpur,Uttar Pradesh,India,208001,9000000158,gayatri.solanki158@example.com,2025-09-23,Retail,Active,Verified,2025-10-10,Moderate,800,BR048,RM049,Punjabi,NetBanking,Yes
CUST00159,CIF00000159,Harish,,Mehta,2000-08-23,26,Male,Married,Indian,Resident,Salaried,School Teacher,Larsen & Toubro,Salaried,298029,2.5-5L,Higher Secondary,960 Station Road,Flat 476,Amravati,Maharashtra,India,444601,9000000159,harish.mehta159@example.com,2015-06-16,Retail,Active,Verified,2026-08-12,Low,694,BR079,RM054,Odia,SMS,Yes
CUST00160,CIF00000160,Ananya,,Modi,1993-06-10,33,Female,Single,Indian,Resident,Salaried,Government Employee,Independent Consultant,Salaried,795895,5-10L,Graduate,224 Nehru Colony,Plot 244,Ranchi,Jharkhand,India,834001,9000000160,ananya.modi160@example.com,2021-01-08,Retail,Dormant,Verified,2025-10-26,Low,731,BR002,RM008,Odia,Mobile App,Yes
CUST00161,CIF00000161,Kunal,,Bhosale,1984-01-10,42,Male,Married,Indian,Resident,Business,Entrepreneur,Independent Business,Business,4199185,20-50L,Graduate,920 Gandhi Nagar,Flat 264,New Delhi,Delhi,India,110011,9000000161,kunal.bhosale161@example.com,2018-03-04,Premium,Active,Verified,2026-03-02,Moderate,743,BR069,RM035,English,SMS,Yes
CUST00162,CIF00000162,Ishaan,,Roy,1991-06-02,35,Male,Married,Indian,Resident,Self-employed,Graphic Designer,Self Employed,Self-employed,1327752,10-20L,Graduate,90 MG Road,Flat 407,Amravati,Maharashtra,India,444601,9000000162,ishaan.roy162@example.com,2022-04-02,Retail,Active,Verified,2026-04-21,Moderate,804,BR030,RM059,Tamil,Mobile App,Yes
CUST00163,CIF00000163,Riddhi,,Rao,1991-02-10,35,Female,Married,Indian,Resident,Salaried,Professor,Accenture,Salaried,1416844,10-20L,Postgraduate,806 Gandhi Nagar,Flat 45,Dehradun,Uttarakhand,India,248001,9000000163,riddhi.rao163@example.com,2023-06-24,Retail,Active,Verified,2025-01-25,Moderate,795,BR051,RM053,Odia,Mobile App,Yes
CUST00164,CIF00000164,Jay,,Gandhi,1970-03-04,56,Male,Married,Indian,Resident,Business,Construction Business Owner,Private Company,Business,8548917,50L-1Cr,Doctorate,43 MG Road,Flat 202,Gurgaon,Haryana,India,122001,9000000164,jay.gandhi164@example.com,2025-10-29,Premium,Active,Verified,2024-11-08,High,841,BR027,RM048,Telugu,Branch,Yes
CUST00165,CIF00000165,Deepak,,Gupta,1982-09-03,44,Male,Married,Indian,Resident,Self-employed,Doctor,Self Employed,Self-employed,2430126,20-50L,Postgraduate,298 Gandhi Nagar,Flat 51,Nanded,Maharashtra,India,431601,9000000165,deepak.gupta165@example.com,2024-07-22,Retail,Active,Verified,2024-12-04,High,706,BR046,RM009,Odia,Branch,Yes
CUST00166,CIF00000166,Neel,,Yadav,1992-03-01,34,Male,Married,Indian,Resident,Salaried,Senior Software Engineer,Mahindra & Mahindra,Salaried,2132890,20-50L,Graduate,321 Station Road,Plot 365,Kolkata,West Bengal,India,700001,9000000166,neel.yadav166@example.com,2022-10-11,Premium,Active,Verified,2026-05-10,Moderate,774,BR047,RM009,Odia,SMS,Yes
CUST00167,CIF00000167,Muskan,,Salunke,1985-11-03,41,Female,Married,Indian,Resident,Salaried,Bank Employee,IBM India,Salaried,810626,5-10L,Graduate,745 MG Road,Plot 435,Mysuru,Karnataka,India,570001,9000000167,muskan.salunke167@example.com,2024-06-09,Retail,Active,Verified,2025-08-18,Low,715,BR075,RM026,Punjabi,NetBanking,Yes
CUST00168,CIF00000168,Mayank,,Subramanian,1970-04-28,56,Male,Married,Indian,Resident,Farmer,Horticulture Farmer,Self / Family Farm,Farmer,327518,2.5-5L,Higher Secondary,988 Nehru Colony,Plot 351,Gurgaon,Haryana,India,122001,9000000168,mayank.subramanian168@example.com,2017-07-03,Retail,Active,Verified,2025-04-01,Low,694,BR021,RM012,Punjabi,Mobile App,No
CUST00169,CIF00000169,Gopal,,Nayak,1973-01-21,53,Male,Married,Indian,Resident,Salaried,Software Engineer,Amazon India,Salaried,723007,5-10L,Graduate,332 MG Road,Plot 267,Lucknow,Uttar Pradesh,India,226001,9000000169,gopal.nayak169@example.com,2020-10-22,Retail,Active,Verified,2026-01-29,Moderate,796,BR034,RM038,Malayalam,Branch,Yes
CUST00170,CIF00000170,Sakshi,,Pawar,2000-08-06,26,Female,Married,Indian,Resident,Salaried,Insurance Officer,Axis Bank,Salaried,435440,2.5-5L,Doctorate,236 MG Road,Flat 144,Chennai,Tamil Nadu,India,600001,9000000170,sakshi.pawar170@example.com,2024-03-01,Retail,Active,Verified,2025-01-05,Moderate,751,BR078,RM046,Hindi,Mobile App,Yes
CUST00171,CIF00000171,Trisha,,Naik,1974-10-05,52,Female,Married,Indian,Resident,Business,Exporter,Startup,Business,14928469,1Cr+,Postgraduate,58 Station Road,Flat 93,Hyderabad,Telangana,India,500001,9000000171,trisha.naik171@example.com,2019-08-11,Business,Active,Verified,2025-07-31,Moderate,742,BR003,RM057,Odia,Mobile App,Yes
CUST00172,CIF00000172,Jai,,Salunke,1974-06-15,52,Male,Married,Indian,Resident,Business,Retail Business Owner,Startup,Business,2500263,20-50L,Postgraduate,611 Market Road,Flat 194,Indore,Madhya Pradesh,India,452001,9000000172,jai.salunke172@example.com,2024-03-14,Business,Active,Verified,2024-07-26,Moderate,798,BR067,RM056,Malayalam,Mobile App,Yes
CUST00173,CIF00000173,Arjun,,Goswami,2002-07-17,24,Male,Single,Indian,Resident,Salaried,Civil Engineer,Tech Mahindra,Salaried,678622,5-10L,Postgraduate,431 Main Street,Plot 358,New Delhi,Delhi,India,110011,9000000173,arjun.goswami173@example.com,2025-02-11,Retail,Active,Verified,2026-04-01,Low,757,BR062,RM051,Kannada,Branch,Yes
CUST00174,CIF00000174,Uday,,Gandhi,1990-04-23,36,Male,Married,Indian,Resident,Salaried,Pharmacist,PwC India,Salaried,387889,2.5-5L,Graduate,824 Main Street,Flat 55,Dehradun,Uttarakhand,India,248001,9000000174,uday.gandhi174@example.com,2015-01-23,Retail,Active,Verified,2024-09-16,Moderate,730,BR034,RM055,Malayalam,NetBanking,Yes
CUST00175,CIF00000175,Rekha,,Malhotra,1986-07-24,40,Female,Married,Indian,Resident,Salaried,Marketing Manager,HDFC Bank,Salaried,827176,5-10L,Postgraduate,142 Nehru Colony,Plot 61,Amritsar,Punjab,India,143001,9000000175,rekha.malhotra175@example.com,2021-04-09,Retail,Active,Verified,2025-12-17,High,751,BR021,RM007,Gujarati,NetBanking,Yes
CUST00176,CIF00000176,Tanya,,Suresh,2001-02-20,25,Female,Single,Indian,Resident,Business,Retail Business Owner,Family Business,Business,737092,5-10L,Graduate,39 Gandhi Nagar,Flat 206,Sangli,Maharashtra,India,416416,9000000176,tanya.suresh176@example.com,2016-08-18,Premium,Active,Verified,2025-12-29,Moderate,740,BR077,RM004,Marathi,Mobile App,Yes
CUST00177,CIF00000177,Aakanksha,,Jadhav,1971-02-09,55,Female,Married,Indian,Resident,Farmer,Farmer,Self / Family Farm,Farmer,229949,0-2.5L,Higher Secondary,799 Park Road,Flat 203,Kolhapur,Maharashtra,India,416001,9000000177,aakanksha.jadhav177@example.com,2022-10-31,Retail,Active,Verified,2024-01-16,Low,679,BR009,RM059,Hindi,NetBanking,Yes
CUST00178,CIF00000178,Khushi,,Malhotra,1986-09-09,40,Female,Married,Indian,Resident,Self-employed,Doctor,Self Employed,Self-employed,4614795,20-50L,Postgraduate,898 Market Road,Plot 295,Visakhapatnam,Andhra Pradesh,India,530001,9000000178,khushi.malhotra178@example.com,2016-12-17,Premium,Active,Verified,2025-01-21,Moderate,792,BR073,RM031,Gujarati,Mobile App,Yes
CUST00179,CIF00000179,Sanjana,,Sarkar,2003-01-23,23,Female,Single,Indian,Resident,Farmer,Horticulture Farmer,Self / Family Farm,Farmer,332691,2.5-5L,Postgraduate,853 Main Street,Flat 48,Thane,Maharashtra,India,400601,9000000179,sanjana.sarkar179@example.com,2023-11-05,Retail,Active,Verified,2024-12-16,Low,676,BR010,RM036,Marathi,Branch,Yes
CUST00180,CIF00000180,Esha,,Tripathi,1986-02-04,40,Female,Married,Indian,Resident,Self-employed,Lawyer,Self Employed,Self-employed,4785909,20-50L,Postgraduate,943 MG Road,Plot 340,Coimbatore,Tamil Nadu,India,641001,9000000180,esha.tripathi180@example.com,2024-10-14,Premium,Active,Verified,2026-05-27,Moderate,773,BR070,RM003,Bengali,NetBanking,Yes
CUST00181,CIF00000181,Nidhi,,Tripathi,1973-07-28,53,Female,Married,Indian,Resident,Farmer,Agricultural Worker,Self / Family Farm,Farmer,107938,0-2.5L,Higher Secondary,703 Nehru Colony,Flat 500,Ranchi,Jharkhand,India,834001,9000000181,nidhi.tripathi181@example.com,2017-06-28,Retail,Active,Verified,2024-11-19,Low,652,BR002,RM001,Odia,NetBanking,Yes
CUST00182,CIF00000182,Rajesh,,Patel,1988-06-28,38,Male,Married,Indian,Resident,Business,Retail Business Owner,Private Company,Business,1184974,10-20L,Postgraduate,411 Main Street,Flat 293,Coimbatore,Tamil Nadu,India,641001,9000000182,rajesh.patel182@example.com,2018-11-06,Business,Active,Verified,2024-08-22,Moderate,746,BR013,RM047,Tamil,Mobile App,Yes
CUST00183,CIF00000183,Yamini,,Pawar,1989-10-02,37,Female,Married,Indian,Resident,Self-employed,Chartered Accountant,Self Employed,Self-employed,4767702,20-50L,Postgraduate,408 MG Road,Plot 31,Mysuru,Karnataka,India,570001,9000000183,yamini.pawar183@example.com,2016-07-04,Premium,Active,Verified,2026-05-09,Moderate,848,BR013,RM029,Telugu,NetBanking,Yes
CUST00184,CIF00000184,Pranita,,Tiwari,1985-06-22,41,Female,Married,Indian,Resident,Homemaker,Homemaker,Not Applicable,Homemaker,45107,0-2.5L,Higher Secondary,523 Park Road,Plot 229,New Delhi,Delhi,India,110011,9000000184,pranita.tiwari184@example.com,2022-08-15,Retail,Active,Verified,2024-10-20,Moderate,670,BR060,RM041,Marathi,Branch,Yes
CUST00185,CIF00000185,Manisha,,Yadav,1979-06-24,47,Female,Married,Indian,Resident,Business,Retail Business Owner,Independent Business,Business,699238,5-10L,Graduate,602 Market Road,Plot 212,Kolkata,West Bengal,India,700001,9000000185,manisha.yadav185@example.com,2018-04-08,Business,Active,Verified,2024-05-08,Moderate,770,BR031,RM043,Tamil,Mobile App,No
CUST00186,CIF00000186,Hrithik,,Gokhale,1998-07-10,28,Male,Married,Indian,Resident,Salaried,Teacher,Infosys,Salaried,233445,0-2.5L,Diploma,235 Station Road,Plot 227,Thiruvananthapuram,Kerala,India,695001,9000000186,hrithik.gokhale186@example.com,2023-08-24,Retail,Active,Verified,2026-05-08,Low,690,BR022,RM002,English,NetBanking,Yes
CUST00187,CIF00000187,Zoya,,Sharma,1970-09-21,56,Female,Widowed,Indian,Resident,Salaried,Civil Engineer,Independent Consultant,Salaried,1051294,10-20L,Postgraduate,655 Market Road,Flat 178,Noida,Uttar Pradesh,India,201301,9000000187,zoya.sharma187@example.com,2016-12-26,Retail,Active,Verified,2024-04-01,Moderate,775,BR057,RM020,Telugu,NetBanking,Yes
CUST00188,CIF00000188,Parth,,Ahire,1996-04-26,30,Male,Single,Indian,Resident,Salaried,Software Engineer,Indian Railways,Salaried,1121178,10-20L,Graduate,8 Market Road,Flat 211,Dehradun,Uttarakhand,India,248001,9000000188,parth.ahire188@example.com,2025-08-14,Retail,Active,Verified,2024-09-12,Low,796,BR021,RM046,Odia,Mobile App,Yes
CUST00189,CIF00000189,Garima,,Kumar,1989-03-05,37,Female,Divorced,Indian,Resident,Salaried,Data Scientist,Reliance Industries,Salaried,2966819,20-50L,Postgraduate,297 MG Road,Plot 317,Solapur,Maharashtra,India,413001,9000000189,garima.kumar189@example.com,2018-03-12,Premium,Active,Verified,2025-05-18,High,783,BR025,RM021,English,Mobile App,Yes
CUST00190,CIF00000190,Gaurav,,Deshmukh,1996-06-15,30,Male,Single,Indian,Resident,Self-employed,Architect,Self Employed,Self-employed,2438852,20-50L,Graduate,714 Nehru Colony,Flat 42,Chennai,Tamil Nadu,India,600001,9000000190,gaurav.deshmukh190@example.com,2015-03-02,Premium,Active,Verified,2024-02-27,Moderate,763,BR035,RM050,Kannada,Email,Yes
CUST00191,CIF00000191,Deepa,,Iyer,1988-04-15,38,Female,Married,Indian,Resident,Farmer,Horticulture Farmer,Self / Family Farm,Farmer,508474,5-10L,Doctorate,753 Nehru Colony,Flat 341,Mumbai,Maharashtra,India,400001,9000000191,deepa.iyer191@example.com,2023-08-13,Retail,Dormant,Verified,2025-11-28,High,683,BR040,RM060,Telugu,Mobile App,Yes
CUST00192,CIF00000192,Atharv,,Kulkarni,1985-10-04,41,Male,Divorced,Indian,Resident,Salaried,Mechanical Engineer,Amazon India,Salaried,816753,5-10L,Postgraduate,406 Nehru Colony,Flat 497,Nashik,Maharashtra,India,422001,9000000192,atharv.kulkarni192@example.com,2025-11-30,Retail,Active,Verified,2025-05-01,Moderate,694,BR077,RM010,Telugu,Mobile App,Yes
CUST00193,CIF00000193,Darshan,,Singh,1983-06-26,43,Male,Married,Indian,Resident,Salaried,Data Scientist,Independent Consultant,Salaried,1051877,10-20L,Postgraduate,914 Park Road,Plot 11,Akola,Maharashtra,India,444001,9000000193,darshan.singh193@example.com,2023-11-16,Retail,Active,Verified,2024-05-17,Low,713,BR033,RM058,English,Branch,Yes
CUST00194,CIF00000194,Pranita,,Mehta,1973-05-27,53,Female,Married,Indian,Resident,Salaried,Government Employee,DRDO,Salaried,498994,2.5-5L,Graduate,270 Market Road,Flat 1,Dehradun,Uttarakhand,India,248001,9000000194,pranita.mehta194@example.com,2018-02-01,Retail,Active,Verified,2026-01-21,Moderate,751,BR024,RM057,English,Mobile App,Yes
CUST00195,CIF00000195,Suhani,,Yadav,1994-02-04,32,Female,Married,Indian,Resident,Self-employed,Dentist,Self Employed,Self-employed,2860547,20-50L,Postgraduate,536 Gandhi Nagar,Flat 428,Mangaluru,Karnataka,India,575001,9000000195,suhani.yadav195@example.com,2020-07-30,Premium,Active,Verified,2024-02-02,Moderate,798,BR026,RM007,Bengali,Mobile App,Yes
CUST00196,CIF00000196,Soham,,Shinde,1988-01-12,38,Male,Married,Indian,Resident,Salaried,Government Employee,TCS,Salaried,301470,2.5-5L,Postgraduate,572 Gandhi Nagar,Plot 213,Kolhapur,Maharashtra,India,416001,9000000196,soham.shinde196@example.com,2025-06-07,Retail,Active,Verified,2024-02-29,Moderate,757,BR079,RM018,Malayalam,Mobile App,Yes
CUST00197,CIF00000197,Parth,,Chavan,1968-07-24,58,Male,Married,Indian,Resident,Homemaker,Homemaker,Not Applicable,Homemaker,12729,0-2.5L,Higher Secondary,109 Nehru Colony,Plot 184,Chennai,Tamil Nadu,India,600001,9000000197,parth.chavan197@example.com,2017-02-15,Retail,Active,Verified,2025-03-13,Moderate,669,BR014,RM011,Marathi,Branch,Yes
CUST00198,CIF00000198,Saloni,,Goel,1976-04-19,50,Female,Widowed,Indian,Resident,Salaried,Government Employee,Bajaj Finserv,Salaried,669438,5-10L,Graduate,559 Station Road,Flat 282,Amritsar,Punjab,India,143001,9000000198,saloni.goel198@example.com,2024-06-22,Retail,Active,Verified,2025-04-08,Moderate,727,BR058,RM026,English,SMS,Yes
CUST00199,CIF00000199,Rashmi,,Bansal,1985-10-05,41,Female,Married,Indian,Resident,Salaried,Government Employee,Bajaj Finserv,Salaried,256887,2.5-5L,Postgraduate,97 MG Road,Flat 80,Chennai,Tamil Nadu,India,600001,9000000199,rashmi.bansal199@example.com,2015-03-30,Retail,Active,Verified,2025-08-19,Low,738,BR032,RM015,Tamil,NetBanking,Yes
CUST00200,CIF00000200,Sumit,,Trivedi,1969-01-24,57,Male,Married,Indian,Resident,Retired,Retired Professional,Retired,Retired,880928,5-10L,Postgraduate,828 Market Road,Flat 400,Mysuru,Karnataka,India,570001,9000000200,sumit.trivedi200@example.com,2025-01-30,Retail,Active,Verified,2024-12-22,High,768,BR056,RM027,Hindi,Branch,Yes
CUST00201,CIF00000201,Abhay,,Reddy,1980-08-25,46,Male,Married,Indian,Resident,Self-employed,Freelancer,Self Employed,Self-employed,313514,2.5-5L,Doctorate,610 Market Road,Flat 114,Nagpur,Maharashtra,India,440001,9000000201,abhay.reddy201@example.com,2021-05-02,Retail,Active,Verified,2024-05-31,Low,659,BR017,RM022,Hindi,Email,Yes
CUST00202,CIF00000202,Sumit,,Kumar,1972-12-17,54,Male,Married,Indian,Resident,Salaried,Data Scientist,ISRO,Salaried,1871193,10-20L,Postgraduate,253 Station Road,Flat 398,Noida,Uttar Pradesh,India,201301,9000000202,sumit.kumar202@example.com,2021-04-09,Retail,Active,Verified,2025-08-12,Moderate,725,BR012,RM008,Odia,Mobile App,Yes
CUST00203,CIF00000203,Khushi,,Iyer,1997-11-12,29,Female,Married,Indian,Resident,Self-employed,Chartered Accountant,Self Employed,Self-employed,2078502,20-50L,Postgraduate,160 Nehru Colony,Plot 44,Jaipur,Rajasthan,India,302001,9000000203,khushi.iyer203@example.com,2024-01-02,Retail,Active,Verified,2025-09-27,Moderate,756,BR019,RM056,Tamil,Branch,Yes
CUST00204,CIF00000204,Pranav,,Salunke,1983-11-01,43,Male,Married,Indian,Resident,Salaried,Civil Engineer,Self Employed,Salaried,838324,5-10L,Postgraduate,386 Market Road,Plot 270,Hyderabad,Telangana,India,500001,9000000204,pranav.salunke204@example.com,2023-06-01,Retail,Active,Verified,2024-10-17,Moderate,713,BR026,RM051,Punjabi,Branch,Yes
CUST00205,CIF00000205,Sakshi,,Ahire,1977-12-04,49,Female,Married,Indian,Resident,Salaried,Senior Software Engineer,Cognizant,Salaried,1937958,10-20L,Graduate,926 Main Street,Flat 306,Nanded,Maharashtra,India,431601,9000000205,sakshi.ahire205@example.com,2015-03-20,Retail,Active,Verified,2025-05-27,Moderate,737,BR059,RM036,English,Mobile App,Yes
CUST00206,CIF00000206,Kavita,,Shinde,1994-01-18,32,Female,Single,Indian,Resident,Salaried,Teacher,Mahindra & Mahindra,Salaried,219264,0-2.5L,Doctorate,972 Main Street,Flat 175,Jaipur,Rajasthan,India,302001,9000000206,kavita.shinde206@example.com,2017-08-25,Retail,Active,Verified,2024-03-30,Low,704,BR049,RM034,Odia,Mobile App,Yes
CUST00207,CIF00000207,Tarun,,Karnik,1977-05-23,49,Male,Married,Indian,Resident,Salaried,Police Officer,Tech Mahindra,Salaried,577557,5-10L,Doctorate,723 Market Road,Plot 221,Kolkata,West Bengal,India,700001,9000000207,tarun.karnik207@example.com,2017-04-26,Retail,Dormant,Pending,2024-05-28,Moderate,763,BR073,RM059,Marathi,SMS,Yes
CUST00208,CIF00000208,Gaurav,,Modi,1995-03-25,31,Male,Married,Indian,Resident,Farmer,Farmer,Self / Family Farm,Farmer,461199,2.5-5L,Higher Secondary,193 MG Road,Flat 14,Rajkot,Gujarat,India,360001,9000000208,gaurav.modi208@example.com,2019-08-23,Retail,Active,Verified,2024-09-30,Moderate,725,BR078,RM037,Punjabi,NetBanking,Yes
CUST00209,CIF00000209,Kartik,,Bhat,1974-07-25,52,Male,Married,Indian,Resident,Salaried,Bank Employee,HDFC Bank,Salaried,500600,5-10L,Graduate,993 MG Road,Plot 487,Kolhapur,Maharashtra,India,416001,9000000209,kartik.bhat209@example.com,2017-01-23,Retail,Active,Verified,2024-07-26,Moderate,789,BR027,RM005,Marathi,Mobile App,No
CUST00210,CIF00000210,Zoya,,Wagh,1984-10-20,42,Female,Married,Indian,Resident,Salaried,Mechanical Engineer,Wipro,Salaried,1359541,10-20L,Doctorate,550 Market Road,Plot 361,Bhubaneswar,Odisha,India,751001,9000000210,zoya.wagh210@example.com,2021-10-26,Retail,Active,Verified,2025-04-07,Moderate,794,BR059,RM053,English,Mobile App,Yes
CUST00211,CIF00000211,Srinivas,,Bhosale,1971-01-23,55,Male,Married,Indian,Resident,Salaried,Defence Personnel,Aditya Birla Group,Salaried,961282,5-10L,Graduate,530 Station Road,Flat 331,Mangaluru,Karnataka,India,575001,9000000211,srinivas.bhosale211@example.com,2024-12-01,Retail,Active,Verified,2024-04-25,Moderate,718,BR024,RM050,Punjabi,Branch,No
CUST00212,CIF00000212,Sourabh,,Rane,1997-03-23,29,Male,Married,Indian,Resident,Self-employed,Chartered Accountant,Self Employed,Self-employed,1550271,10-20L,Postgraduate,751 MG Road,Flat 362,Wardha,Maharashtra,India,442001,9000000212,sourabh.rane212@example.com,2024-11-23,Premium,Active,Verified,2025-06-20,Moderate,758,BR050,RM047,Malayalam,NetBanking,Yes
CUST00213,CIF00000213,Shivam,,Suresh,1994-08-10,32,Male,Married,Indian,Resident,Self-employed,Investment Advisor,Self Employed,Self-employed,3611803,20-50L,Postgraduate,642 Station Road,Flat 68,Nanded,Maharashtra,India,431601,9000000213,shivam.suresh213@example.com,2016-10-26,Premium,Dormant,Verified,2026-02-22,Moderate,758,BR033,RM001,Bengali,Mobile App,Yes
CUST00214,CIF00000214,Prachi,,Agarwal,1973-09-27,53,Female,Married,Indian,Resident,Business,Retail Business Owner,Independent Business,Business,1477734,10-20L,Postgraduate,846 Station Road,Flat 76,Nanded,Maharashtra,India,431601,9000000214,prachi.agarwal214@example.com,2015-11-22,Business,Active,Verified,2024-05-28,Low,776,BR005,RM043,Punjabi,NetBanking,Yes
CUST00215,CIF00000215,Kavita,,Das,1985-02-25,41,Female,Married,Indian,Resident,Salaried,Senior Software Engineer,Startup,Salaried,1547627,10-20L,Graduate,307 Main Street,Flat 195,Surat,Gujarat,India,395001,9000000215,kavita.das215@example.com,2023-10-30,Premium,Active,Verified,2026-05-13,Moderate,771,BR071,RM005,Tamil,NetBanking,Yes
CUST00216,CIF00000216,Naman,,Naik,1971-12-10,55,Male,Married,Indian,Resident,Salaried,Government Employee,Startup,Salaried,520038,5-10L,Postgraduate,438 Market Road,Plot 133,Solapur,Maharashtra,India,413001,9000000216,naman.naik216@example.com,2023-03-08,Retail,Active,Pending,2024-12-28,Low,760,BR017,RM040,Punjabi,NetBanking,Yes
CUST00217,CIF00000217,Nidhi,,Gupta,1990-07-02,36,Female,Married,Indian,Resident,Farmer,Horticulture Farmer,Self / Family Farm,Farmer,451503,2.5-5L,Doctorate,342 Main Street,Flat 327,Mangaluru,Karnataka,India,575001,9000000217,nidhi.gupta217@example.com,2015-04-09,Retail,Active,Verified,2025-12-07,Moderate,739,BR037,RM017,Hindi,Email,Yes
CUST00218,CIF00000218,Sonia,,Agarwal,1983-08-26,43,Female,Married,Indian,Resident,Salaried,Cloud Engineer,Infosys,Salaried,2231774,20-50L,Graduate,37 Gandhi Nagar,Flat 80,Visakhapatnam,Andhra Pradesh,India,530001,9000000218,sonia.agarwal218@example.com,2024-05-01,Premium,Active,Verified,2025-07-03,High,722,BR043,RM030,Kannada,Branch,No
CUST00219,CIF00000219,Om,,Trivedi,1984-11-18,42,Male,Married,Indian,Resident,Business,Importer,Independent Business,Business,5657163,50L-1Cr,Doctorate,863 Station Road,Flat 200,Hyderabad,Telangana,India,500001,9000000219,om.trivedi219@example.com,2025-04-10,Business,Active,Verified,2026-03-12,Moderate,841,BR040,RM046,Telugu,Mobile App,Yes
CUST00220,CIF00000220,Mahi,,Das,1989-09-01,37,Female,Married,Indian,Resident,Salaried,Mechanical Engineer,Mahindra & Mahindra,Salaried,1179267,10-20L,Diploma,819 Park Road,Plot 79,Vadodara,Gujarat,India,390001,9000000220,mahi.das220@example.com,2016-12-17,Retail,Active,Verified,2026-01-20,Low,714,BR068,RM020,Telugu,Mobile App,Yes
CUST00221,CIF00000221,Ayush,,Jain,1975-11-24,51,Male,Married,Indian,Resident,Business,Importer,Independent Business,Business,4451325,20-50L,Diploma,320 MG Road,Flat 160,Guwahati,Assam,India,781001,9000000221,ayush.jain221@example.com,2015-06-30,Premium,Active,Verified,2024-07-24,Moderate,827,BR025,RM019,Tamil,SMS,Yes
CUST00222,CIF00000222,Sana,,Dixit,1988-05-19,38,Female,Married,Indian,Resident,Self-employed,Lawyer,Self Employed,Self-employed,2895432,20-50L,Postgraduate,251 Station Road,Flat 314,Solapur,Maharashtra,India,413001,9000000222,sana.dixit222@example.com,2016-02-24,Premium,Active,Verified,2024-02-21,Moderate,726,BR017,RM002,Bengali,Mobile App,Yes
CUST00223,CIF00000223,Arun,,Pillai,1985-09-03,41,Male,Widowed,Indian,Resident,Salaried,Senior Software Engineer,Municipal Corporation,Salaried,2443818,20-50L,Graduate,998 Nehru Colony,Plot 291,Kolhapur,Maharashtra,India,416001,9000000223,arun.pillai223@example.com,2021-11-29,Premium,Active,Verified,2026-07-30,High,745,BR060,RM007,Bengali,Email,Yes
CUST00224,CIF00000224,Naina,,Kapoor,1992-01-03,34,Female,Married,Indian,Resident,Homemaker,Homemaker,Not Applicable,Homemaker,112865,0-2.5L,Higher Secondary,487 MG Road,Flat 237,Madurai,Tamil Nadu,India,625001,9000000224,naina.kapoor224@example.com,2019-05-25,Retail,Active,Verified,2024-12-22,Moderate,666,BR078,RM037,Marathi,SMS,Yes
CUST00225,CIF00000225,Vaishnavi,,Deshmukh,1994-12-19,32,Female,Married,Indian,Resident,Self-employed,Chartered Accountant,Self Employed,Self-employed,3334350,20-50L,Postgraduate,442 Nehru Colony,Plot 291,Bhopal,Madhya Pradesh,India,462001,9000000225,vaishnavi.deshmukh225@example.com,2017-09-04,Premium,Active,Verified,2024-08-29,Moderate,819,BR023,RM043,Odia,Mobile App,Yes
CUST00226,CIF00000226,Anvi,,Vaidya,1984-08-21,42,Female,Married,Indian,Resident,Business,Business Owner,Private Company,Business,2728206,20-50L,Graduate,677 MG Road,Flat 419,Chandigarh,Chandigarh,India,160001,9000000226,anvi.vaidya226@example.com,2015-10-13,Business,Active,Verified,2026-02-12,High,776,BR001,RM049,Marathi,Email,Yes
CUST00227,CIF00000227,Pooja,,Mehta,1968-06-03,58,Female,Divorced,Indian,Resident,Salaried,Teacher,Mahindra & Mahindra,Salaried,708881,5-10L,Graduate,597 MG Road,Plot 262,Latur,Maharashtra,India,413512,9000000227,pooja.mehta227@example.com,2021-05-24,Retail,Active,Verified,2024-10-28,Moderate,781,BR008,RM024,Malayalam,Email,No
CUST00228,CIF00000228,Sameer,,Dhawan,2003-09-13,23,Male,Single,Indian,Resident,Farmer,Agricultural Worker,Self / Family Farm,Farmer,121667,0-2.5L,Higher Secondary,864 Main Street,Plot 79,Vijayawada,Andhra Pradesh,India,520001,9000000228,sameer.dhawan228@example.com,2018-07-27,Retail,Active,Verified,2024-05-08,Low,717,BR018,RM001,Hindi,Mobile App,Yes
CUST00229,CIF00000229,Harendra,,Saha,1996-07-20,30,Male,Married,Indian,Resident,Salaried,Accountant,Central Government,Salaried,388776,2.5-5L,Graduate,8 Market Road,Flat 375,Indore,Madhya Pradesh,India,452001,9000000229,harendra.saha229@example.com,2021-12-27,Retail,Active,Verified,2025-02-24,Moderate,663,BR070,RM037,Telugu,Mobile App,Yes
CUST00230,CIF00000230,Gopal,,Patil,1974-02-08,52,Male,Married,Indian,Resident,Salaried,Cloud Engineer,Self Employed,Salaried,2976910,20-50L,Doctorate,484 Gandhi Nagar,Plot 492,Gurgaon,Haryana,India,122001,9000000230,gopal.patil230@example.com,2024-08-20,Retail,Active,Verified,2025-07-06,Moderate,796,BR075,RM020,Punjabi,Mobile App,Yes
CUST00231,CIF00000231,Pooja,,Ahire,1972-10-09,54,Female,Married,Indian,Resident,Salaried,Civil Engineer,Tata Motors,Salaried,1464051,10-20L,Postgraduate,63 Gandhi Nagar,Flat 87,Kolkata,West Bengal,India,700001,9000000231,pooja.ahire231@example.com,2018-03-30,Premium,Active,Verified,2024-10-25,High,721,BR080,RM002,Tamil,Email,Yes
CUST00232,CIF00000232,Vijayendra,,Chavan,1987-06-26,39,Male,Married,Indian,Resident,Farmer,Farmer,Self / Family Farm,Farmer,212147,0-2.5L,Higher Secondary,180 Main Street,Plot 121,Ahmedabad,Gujarat,India,380001,9000000232,vijayendra.chavan232@example.com,2017-11-18,Retail,Active,Verified,2026-06-01,High,623,BR005,RM022,Hindi,Email,No
CUST00233,CIF00000233,Ramesh,,Rane,1989-05-16,37,Male,Married,Indian,Resident,Business,Medium Business Owner,Startup,Business,17770157,1Cr+,Graduate,765 Nehru Colony,Plot 120,Bengaluru,Karnataka,India,560001,9000000233,ramesh.rane233@example.com,2018-11-14,Business,Active,Verified,2025-04-30,Low,746,BR034,RM010,Malayalam,Mobile App,Yes
CUST00234,CIF00000234,Nikhil,,Salunke,1984-05-26,42,Male,Married,Indian,Resident,Self-employed,Investment Advisor,Self Employed,Self-employed,1144080,10-20L,Graduate,101 Main Street,Plot 201,Dehradun,Uttarakhand,India,248001,9000000234,nikhil.salunke234@example.com,2025-09-21,Retail,Active,Verified,2024-09-04,High,808,BR076,RM050,Gujarati,SMS,Yes
CUST00235,CIF00000235,Rahul,,Suresh,2004-10-22,22,Male,Single,Indian,Resident,Salaried,Software Engineer,Municipal Corporation,Salaried,435626,2.5-5L,Graduate,916 Nehru Colony,Flat 307,Delhi,Delhi,India,110001,9000000235,rahul.suresh235@example.com,2018-12-10,Retail,Active,Verified,2024-05-02,Low,668,BR012,RM055,Punjabi,NetBanking,Yes
CUST00236,CIF00000236,Aryan,,Gupta,1975-05-27,51,Male,Married,Indian,Resident,Salaried,Pharmacist,Bajaj Finserv,Salaried,439392,2.5-5L,Doctorate,272 Station Road,Flat 252,Ahmedabad,Gujarat,India,380001,9000000236,aryan.gupta236@example.com,2017-11-20,Retail,Dormant,Verified,2025-02-06,Low,660,BR023,RM042,Bengali,Mobile App,Yes
CUST00237,CIF00000237,Esha,,Wagh,1976-01-22,50,Female,Married,Indian,Resident,Business,Shop Owner,Startup,Business,1566309,10-20L,Higher Secondary,400 Main Street,Flat 169,Thane,Maharashtra,India,400601,9000000237,esha.wagh237@example.com,2023-09-19,Business,Active,Verified,2025-06-11,Moderate,757,BR063,RM031,Kannada,Email,Yes
CUST00238,CIF00000238,Jayesh,,Agarwal,1974-06-03,52,Male,Married,Indian,Resident,Self-employed,Investment Advisor,Self Employed,Self-employed,1468364,10-20L,Graduate,862 Park Road,Plot 149,Jaipur,Rajasthan,India,302001,9000000238,jayesh.agarwal238@example.com,2018-05-25,Premium,Active,Verified,2024-02-10,High,751,BR050,RM043,Gujarati,NetBanking,Yes
CUST00239,CIF00000239,Lalita,,Deshmukh,1982-09-21,44,Female,Married,Indian,Resident,Business,Restaurant Owner,Family Business,Business,2440543,20-50L,Graduate,316 Park Road,Flat 428,Sangli,Maharashtra,India,416416,9000000239,lalita.deshmukh239@example.com,2015-05-27,Business,Active,Verified,2024-01-17,High,724,BR005,RM022,English,Mobile App,Yes
CUST00240,CIF00000240,Suraj,,Dixit,1965-01-08,61,Male,Married,Indian,Resident,Salaried,Doctor,Private Company,Salaried,4805089,20-50L,Postgraduate,719 Gandhi Nagar,Flat 89,Dehradun,Uttarakhand,India,248001,9000000240,suraj.dixit240@example.com,2017-08-12,Premium,Active,Verified,2026-04-20,High,749,BR013,RM030,Punjabi,Mobile App,Yes
CUST00241,CIF00000241,Arun,,Dhawan,1990-04-25,36,Male,Married,Indian,Resident,Salaried,Mechanical Engineer,Aditya Birla Group,Salaried,532351,5-10L,Postgraduate,47 Market Road,Flat 33,Bhubaneswar,Odisha,India,751001,9000000241,arun.dhawan241@example.com,2018-08-21,Premium,Active,Verified,2025-03-01,Moderate,695,BR022,RM045,Telugu,Mobile App,Yes
CUST00242,CIF00000242,Geetanjali,,Upadhyay,1998-11-19,28,Female,Single,Indian,Resident,Salaried,Software Engineer,EY India,Salaried,814739,5-10L,Graduate,909 Main Street,Flat 414,Solapur,Maharashtra,India,413001,9000000242,geetanjali.upadhyay242@example.com,2015-03-06,Retail,Active,Verified,2024-05-09,Low,792,BR027,RM010,Odia,Mobile App,Yes
CUST00243,CIF00000243,Mahi,,Karnik,1999-02-20,27,Female,Married,Indian,Resident,Homemaker,Homemaker,Not Applicable,Homemaker,78154,0-2.5L,Higher Secondary,371 Nehru Colony,Plot 277,Patna,Bihar,India,800001,9000000243,mahi.karnik243@example.com,2015-12-27,Retail,Active,Verified,2025-10-03,Low,697,BR027,RM018,English,Mobile App,Yes
CUST00244,CIF00000244,Yuvraj,,Singh,1996-01-18,30,Male,Single,Indian,Resident,Self-employed,Chartered Accountant,Self Employed,Self-employed,1253216,10-20L,Postgraduate,181 Station Road,Plot 249,Surat,Gujarat,India,395001,9000000244,yuvraj.singh244@example.com,2017-10-26,Retail,Active,Verified,2024-08-28,High,742,BR057,RM038,Punjabi,NetBanking,Yes
CUST00245,CIF00000245,Rajesh,,Kapoor,1984-07-05,42,Male,Married,Indian,Resident,Self-employed,Freelancer,Self Employed,Self-employed,677693,5-10L,Diploma,222 Market Road,Flat 199,Amravati,Maharashtra,India,444601,9000000245,rajesh.kapoor245@example.com,2017-03-30,Retail,Active,Verified,2024-07-17,Low,728,BR046,RM018,Gujarati,NetBanking,Yes
CUST00246,CIF00000246,Amit,,Malhotra,1975-09-28,51,Male,Married,Indian,Resident,Salaried,DevOps Engineer,Tata Motors,Salaried,1921709,10-20L,Graduate,236 MG Road,Flat 268,Kolkata,West Bengal,India,700001,9000000246,amit.malhotra246@example.com,2021-10-08,Retail,Active,Pending,2025-08-28,Moderate,720,BR061,RM054,Bengali,NetBanking,Yes
CUST00247,CIF00000247,Shruti,,Kaur,1971-12-25,55,Female,Widowed,Indian,Resident,Self-employed,Dentist,Self Employed,Self-employed,1652840,10-20L,Postgraduate,517 MG Road,Flat 202,Vijayawada,Andhra Pradesh,India,520001,9000000247,shruti.kaur247@example.com,2025-03-31,Retail,Active,Verified,2026-04-21,Moderate,773,BR013,RM029,Bengali,Branch,Yes
CUST00248,CIF00000248,Tanay,,Joshi,1986-08-25,40,Male,Married,Indian,Resident,Salaried,DevOps Engineer,Mahindra & Mahindra,Salaried,1802700,10-20L,Doctorate,142 Nehru Colony,Plot 95,Navi Mumbai,Maharashtra,India,400703,9000000248,tanay.joshi248@example.com,2016-10-24,Retail,Active,Verified,2025-04-20,Moderate,790,BR001,RM056,Odia,NetBanking,Yes
CUST00249,CIF00000249,Pallavi,,Bhatia,1987-11-12,39,Female,Married,Indian,Resident,Self-employed,Consultant,Self Employed,Self-employed,3527854,20-50L,Postgraduate,910 MG Road,Flat 188,Dehradun,Uttarakhand,India,248001,9000000249,pallavi.bhatia249@example.com,2017-04-28,Premium,Active,Verified,2025-01-10,Moderate,840,BR023,RM042,Malayalam,Branch,Yes
CUST00250,CIF00000250,Bhavesh,,Naik,1991-09-22,35,Male,Divorced,Indian,Resident,Self-employed,Dentist,Self Employed,Self-employed,2606947,20-50L,Postgraduate,434 Main Street,Flat 191,Vijayawada,Andhra Pradesh,India,520001,9000000250,bhavesh.naik250@example.com,2022-11-18,Retail,Active,Verified,2025-06-23,Moderate,726,BR016,RM031,Malayalam,Mobile App,Yes
CUST00251,CIF00000251,Mitali,,Yadav,2000-08-05,26,Female,Single,Indian,Resident,Salaried,Insurance Officer,Aditya Birla Group,Salaried,349375,2.5-5L,Postgraduate,896 Station Road,Flat 322,Kochi,Kerala,India,682001,9000000251,mitali.yadav251@example.com,2025-01-25,Retail,Active,Verified,2025-11-29,Low,662,BR070,RM060,Marathi,Mobile App,Yes
CUST00252,CIF00000252,Mihika,,Bansal,2000-08-19,26,Female,Married,Indian,Resident,Self-employed,Consultant,Self Employed,Self-employed,646214,5-10L,Postgraduate,682 Gandhi Nagar,Flat 281,Chennai,Tamil Nadu,India,600001,9000000252,mihika.bansal252@example.com,2020-10-29,Retail,Active,Verified,2024-05-15,Moderate,762,BR040,RM011,Tamil,Email,Yes
CUST00253,CIF00000253,Jahnavi,,Bhatt,1989-04-04,37,Female,Widowed,Indian,Resident,Salaried,Product Manager,Independent Consultant,Salaried,3412294,20-50L,Graduate,43 Main Street,Flat 226,Solapur,Maharashtra,India,413001,9000000253,jahnavi.bhatt253@example.com,2018-03-14,Business,Active,Verified,2025-07-29,High,763,BR005,RM043,Telugu,Email,No
CUST00254,CIF00000254,Shashank,,Salunke,1994-09-17,32,Male,Married,Indian,Resident,Salaried,Government Employee,Indian Railways,Salaried,809565,5-10L,Doctorate,340 Gandhi Nagar,Plot 243,Pune,Maharashtra,India,411001,9000000254,shashank.salunke254@example.com,2023-08-14,Premium,Active,Verified,2026-02-11,High,698,BR074,RM043,Marathi,Mobile App,Yes
CUST00255,CIF00000255,Kavya,,Dhawan,2002-10-17,24,Female,Single,Indian,Resident,Business,Transport Business Owner,Independent Business,Business,1000000,10-20L,Postgraduate,228 Nehru Colony,Plot 143,New Delhi,Delhi,India,110011,9000000255,kavya.dhawan255@example.com,2024-06-06,Business,Active,Verified,2026-05-19,Low,728,BR058,RM044,Odia,Mobile App,No
CUST00256,CIF00000256,Deepika,,Shinde,1966-08-28,60,Female,Married,Indian,Resident,Self-employed,Chartered Accountant,Self Employed,Self-employed,4916915,20-50L,Postgraduate,575 MG Road,Flat 455,Nanded,Maharashtra,India,431601,9000000256,deepika.shinde256@example.com,2016-08-28,Retail,Active,Pending,2026-04-02,Moderate,831,BR057,RM019,Marathi,Branch,Yes
CUST00257,CIF00000257,Shreya,,Rathod,1999-11-09,27,Female,Married,Indian,Resident,Salaried,DevOps Engineer,Self Employed,Salaried,950616,5-10L,Higher Secondary,425 Station Road,Flat 364,Thiruvananthapuram,Kerala,India,695001,9000000257,shreya.rathod257@example.com,2018-10-05,Premium,Active,Verified,2024-07-23,Moderate,688,BR024,RM054,Kannada,Mobile App,Yes
CUST00258,CIF00000258,Aditi,,Menon,1985-02-21,41,Female,Married,Indian,Resident,Self-employed,Graphic Designer,Self Employed,Self-employed,1236203,10-20L,Postgraduate,682 Main Street,Flat 252,Kochi,Kerala,India,682001,9000000258,aditi.menon258@example.com,2023-11-15,Premium,Active,Verified,2024-01-30,Moderate,700,BR016,RM049,Tamil,NetBanking,Yes
CUST00259,CIF00000259,Sanjay,,Upadhyay,1977-03-11,49,Male,Widowed,Indian,Resident,Salaried,Mechanical Engineer,Capgemini,Salaried,940879,5-10L,Postgraduate,473 Gandhi Nagar,Flat 84,Thiruvananthapuram,Kerala,India,695001,9000000259,sanjay.upadhyay259@example.com,2019-03-09,Retail,Active,Verified,2025-10-13,Low,745,BR046,RM004,Tamil,Mobile App,Yes
CUST00260,CIF00000260,Harish,,Yadav,1992-10-12,34,Male,Married,Indian,Resident,Self-employed,Chartered Accountant,Self Employed,Self-employed,2202037,20-50L,Postgraduate,844 Station Road,Flat 266,Rajkot,Gujarat,India,360001,9000000260,harish.yadav260@example.com,2022-09-06,Premium,Active,Verified,2025-02-25,Moderate,802,BR044,RM059,Marathi,Email,Yes
CUST00261,CIF00000261,Santosh,,Kale,1969-02-27,57,Male,Divorced,Indian,Resident,Self-employed,Graphic Designer,Self Employed,Self-employed,1526452,10-20L,Doctorate,135 MG Road,Flat 160,Guwahati,Assam,India,781001,9000000261,santosh.kale261@example.com,2022-12-28,Retail,Active,Verified,2025-03-28,High,770,BR077,RM034,Telugu,Mobile App,Yes
CUST00262,CIF00000262,Aaradhya,,Dixit,1989-07-02,37,Female,Married,Indian,Resident,Self-employed,Doctor,Self Employed,Self-employed,2700644,20-50L,Postgraduate,202 MG Road,Flat 338,Hyderabad,Telangana,India,500001,9000000262,aaradhya.dixit262@example.com,2015-11-18,Premium,Active,Verified,2024-05-01,Moderate,754,BR033,RM003,Hindi,Mobile App,Yes
CUST00263,CIF00000263,Arjun,,Dixit,1965-09-25,61,Male,Married,Indian,Resident,Retired,Pensioner,Retired,Retired,408073,2.5-5L,Graduate,747 Market Road,Flat 292,Mysuru,Karnataka,India,570001,9000000263,arjun.dixit263@example.com,2015-04-30,Retail,Active,Verified,2026-02-20,Low,651,BR002,RM034,Gujarati,Mobile App,Yes
CUST00264,CIF00000264,Charita,,Srivastava,1998-06-13,28,Female,Married,Indian,Resident,Salaried,Software Engineer,ISRO,Salaried,884563,5-10L,Graduate,435 Station Road,Flat 209,Ranchi,Jharkhand,India,834001,9000000264,charita.srivastava264@example.com,2019-02-10,Retail,Active,Pending,2024-05-06,Moderate,769,BR060,RM008,Malayalam,Branch,Yes
CUST00265,CIF00000265,Shalini,,Mane,2002-07-07,24,Female,Single,Indian,Resident,Salaried,Defence Personnel,DRDO,Salaried,293121,2.5-5L,Graduate,878 MG Road,Plot 411,New Delhi,Delhi,India,110011,9000000265,shalini.mane265@example.com,2021-09-25,Retail,Active,Verified,2024-07-02,Low,734,BR002,RM044,Bengali,NetBanking,Yes
CUST00266,CIF00000266,Mihika,,Soman,1999-04-20,27,Female,Married,Indian,Resident,Business,Shop Owner,Private Company,Business,650017,5-10L,Graduate,865 Park Road,Flat 430,Bhopal,Madhya Pradesh,India,462001,9000000266,mihika.soman266@example.com,2023-04-25,Premium,Active,Verified,2026-02-22,Low,798,BR075,RM038,Tamil,Mobile App,Yes
CUST00267,CIF00000267,Kirti,,Sharma,1979-02-24,47,Female,Married,Indian,Resident,Self-employed,Trader,Self Employed,Self-employed,2332278,20-50L,Diploma,55 Nehru Colony,Flat 348,Gurgaon,Haryana,India,122001,9000000267,kirti.sharma267@example.com,2016-03-18,Premium,Active,Verified,2025-09-11,Moderate,715,BR042,RM010,Tamil,NetBanking,Yes
CUST00268,CIF00000268,Anirudh,,Soman,1975-02-13,51,Male,Married,Indian,Resident,Business,Medium Business Owner,Family Business,Business,6987852,50L-1Cr,Graduate,461 Main Street,Plot 227,Patna,Bihar,India,800001,9000000268,anirudh.soman268@example.com,2018-11-08,Premium,Active,Verified,2025-07-24,High,843,BR039,RM057,Marathi,Mobile App,Yes
CUST00269,CIF00000269,Pratik,,Pillai,1997-08-19,29,Male,Married,Indian,Resident,Salaried,Mechanical Engineer,Independent Consultant,Salaried,996487,5-10L,Graduate,995 Park Road,Plot 181,Nanded,Maharashtra,India,431601,9000000269,pratik.pillai269@example.com,2021-06-01,Retail,Active,Verified,2024-03-03,High,740,BR004,RM038,English,NetBanking,Yes
CUST00270,CIF00000270,Khushi,,Upadhyay,1983-12-03,43,Female,Widowed,Indian,Resident,Salaried,Software Engineer,State Government,Salaried,1198120,10-20L,Graduate,890 Main Street,Flat 87,Jaipur,Rajasthan,India,302001,9000000270,khushi.upadhyay270@example.com,2018-12-09,Retail,Active,Verified,2025-04-16,Low,707,BR055,RM037,Malayalam,NetBanking,Yes
CUST00271,CIF00000271,Aaliya,,Sharma,1984-06-06,42,Female,Married,Indian,Resident,Business,Business Owner,Private Company,Business,1984346,10-20L,Postgraduate,630 Main Street,Flat 224,Rajkot,Gujarat,India,360001,9000000271,aaliya.sharma271@example.com,2016-02-14,Business,Active,Verified,2026-03-17,Moderate,788,BR010,RM054,Malayalam,NetBanking,Yes
CUST00272,CIF00000272,Akanksha,,Menon,1986-04-12,40,Female,Married,Indian,Resident,Salaried,Marketing Manager,Private Company,Salaried,873717,5-10L,Graduate,815 MG Road,Plot 155,Navi Mumbai,Maharashtra,India,400703,9000000272,akanksha.menon272@example.com,2016-01-24,Retail,Active,Verified,2025-11-10,Low,755,BR070,RM021,Gujarati,SMS,Yes
CUST00273,CIF00000273,Rhea,,Solanki,1969-09-26,57,Female,Married,Indian,Resident,Salaried,School Teacher,KPMG India,Salaried,429373,2.5-5L,Doctorate,630 Nehru Colony,Plot 223,Sangli,Maharashtra,India,416416,9000000273,rhea.solanki273@example.com,2021-06-20,Retail,Active,Verified,2024-03-02,Moderate,703,BR067,RM013,Telugu,Mobile App,Yes
CUST00274,CIF00000274,Chirag,,Menon,1978-04-04,48,Male,Married,Indian,Resident,Farmer,Farmer,Self / Family Farm,Farmer,247066,0-2.5L,Higher Secondary,154 Station Road,Flat 409,Thane,Maharashtra,India,400601,9000000274,chirag.menon274@example.com,2024-06-27,Retail,Active,Verified,2025-07-27,Low,725,BR056,RM028,Odia,Email,Yes
CUST00275,CIF00000275,Darshan,,Mahajan,1988-10-10,38,Male,Married,Indian,Resident,Salaried,DevOps Engineer,Wipro,Salaried,1965060,10-20L,Diploma,888 MG Road,Plot 209,Mysuru,Karnataka,India,570001,9000000275,darshan.mahajan275@example.com,2025-10-22,Retail,Active,Verified,2026-06-25,Low,792,BR012,RM026,Marathi,SMS,Yes
CUST00276,CIF00000276,Manav,,Singh,1989-04-09,37,Male,Married,Indian,Resident,Farmer,Horticulture Farmer,Self / Family Farm,Farmer,394479,2.5-5L,Diploma,451 Park Road,Flat 302,Rajkot,Gujarat,India,360001,9000000276,manav.singh276@example.com,2021-07-21,Retail,Active,Verified,2025-12-17,High,719,BR015,RM021,Malayalam,Mobile App,Yes
CUST00277,CIF00000277,Naveen,,Garg,1981-04-09,45,Male,Widowed,Indian,Resident,Salaried,Bank Employee,Wipro,Salaried,1161264,10-20L,Postgraduate,566 Park Road,Flat 491,Akola,Maharashtra,India,444001,9000000277,naveen.garg277@example.com,2024-06-08,Retail,Active,Verified,2025-12-02,High,794,BR016,RM035,Gujarati,Email,Yes
CUST00278,CIF00000278,Aakanksha,,Pradhan,1963-01-09,63,Female,Married,Indian,Resident,Retired,Pensioner,Retired,Retired,257752,2.5-5L,Postgraduate,888 MG Road,Plot 482,Coimbatore,Tamil Nadu,India,641001,9000000278,aakanksha.pradhan278@example.com,2024-08-21,Retail,Active,Verified,2026-08-06,Low,753,BR043,RM046,Kannada,SMS,Yes
CUST00279,CIF00000279,Deepak,,Kumar,1982-11-05,44,Male,Married,Indian,Resident,Salaried,Electrical Engineer,DRDO,Salaried,1282629,10-20L,Graduate,4 Park Road,Flat 157,Amritsar,Punjab,India,143001,9000000279,deepak.kumar279@example.com,2022-10-18,Retail,Active,Verified,2024-06-10,Moderate,703,BR032,RM034,Odia,Mobile App,Yes
CUST00280,CIF00000280,Tanisha,,Modi,1996-04-01,30,Female,Married,Indian,Resident,Salaried,School Teacher,Tata Motors,Salaried,473342,2.5-5L,Doctorate,971 MG Road,Plot 332,Vijayawada,Andhra Pradesh,India,520001,9000000280,tanisha.modi280@example.com,2017-03-24,Retail,Active,Verified,2024-04-01,Moderate,650,BR060,RM013,Tamil,Branch,Yes
CUST00281,CIF00000281,Alok,,Rao,1988-08-04,38,Male,Married,Indian,Resident,Business,Retail Business Owner,Independent Business,Business,1026004,10-20L,Postgraduate,230 Gandhi Nagar,Flat 485,Lucknow,Uttar Pradesh,India,226001,9000000281,alok.rao281@example.com,2015-02-27,Business,Active,Verified,2024-10-21,Moderate,791,BR064,RM025,Marathi,Branch,Yes
CUST00282,CIF00000282,Jai,,Mane,1992-08-05,34,Male,Single,Indian,Resident,Business,Importer,Private Company,Business,4509214,20-50L,Diploma,893 Main Street,Plot 204,Gurgaon,Haryana,India,122001,9000000282,jai.mane282@example.com,2017-08-22,Business,Active,Verified,2025-12-26,Moderate,819,BR055,RM048,Punjabi,NetBanking,Yes
CUST00283,CIF00000283,Amit,,Bhatt,1991-03-18,35,Male,Widowed,Indian,Resident,Salaried,Finance Manager,Wipro,Salaried,1687616,10-20L,Postgraduate,43 Market Road,Flat 87,Kolhapur,Maharashtra,India,416001,9000000283,amit.bhatt283@example.com,2015-01-22,Retail,Active,Verified,2026-06-17,Moderate,732,BR060,RM009,Hindi,Branch,Yes
CUST00284,CIF00000284,Avantika,,Kumar,2002-06-14,24,Female,Single,Indian,Resident,Salaried,Cloud Engineer,Central Government,Salaried,800000,5-10L,Graduate,915 Station Road,Flat 252,Ahmedabad,Gujarat,India,380001,9000000284,avantika.kumar284@example.com,2018-03-04,Retail,Active,Verified,2026-05-23,Moderate,795,BR057,RM004,Gujarati,Email,Yes
CUST00285,CIF00000285,Eshan,,Bhatia,1994-02-12,32,Male,Single,Indian,Resident,Salaried,Civil Engineer,Axis Bank,Salaried,1379648,10-20L,Doctorate,96 Station Road,Plot 93,Patna,Bihar,India,800001,9000000285,eshan.bhatia285@example.com,2022-12-14,Retail,Active,Verified,2026-04-22,Moderate,771,BR035,RM037,Odia,SMS,Yes
CUST00286,CIF00000286,Eshan,,Rathod,1964-01-03,62,Male,Married,Indian,Resident,Retired,Pensioner,Retired,Retired,361153,2.5-5L,Graduate,472 Nehru Colony,Plot 246,Kolkata,West Bengal,India,700001,9000000286,eshan.rathod286@example.com,2022-08-22,Retail,Active,Verified,2025-08-31,High,727,BR001,RM022,English,Branch,Yes
CUST00287,CIF00000287,Kanchan,,Trivedi,2001-07-03,25,Female,Married,Indian,Resident,Salaried,DevOps Engineer,Accenture,Salaried,1640494,10-20L,Doctorate,22 Nehru Colony,Flat 199,Rajkot,Gujarat,India,360001,9000000287,kanchan.trivedi287@example.com,2021-02-19,Retail,Active,Verified,2026-02-09,Moderate,777,BR020,RM008,Tamil,Mobile App,Yes
CUST00288,CIF00000288,Shruti,,Mishra,1952-07-26,74,Female,Divorced,Indian,Resident,Retired,Retired Professional,Retired,Retired,475328,2.5-5L,Graduate,378 Market Road,Flat 323,Delhi,Delhi,India,110001,9000000288,shruti.mishra288@example.com,2020-09-30,Retail,Active,Verified,2024-12-15,Low,665,BR060,RM044,Gujarati,Mobile App,Yes
CUST00289,CIF00000289,Ramesh,,Sonawane,1971-07-10,55,Male,Married,Indian,Resident,Business,Restaurant Owner,Private Company,Business,832196,5-10L,Graduate,583 MG Road,Flat 470,Bhubaneswar,Odisha,India,751001,9000000289,ramesh.sonawane289@example.com,2018-05-15,Retail,Active,Verified,2025-03-11,Moderate,699,BR053,RM007,Bengali,Mobile App,Yes
CUST00290,CIF00000290,Kirti,,Kulkarni,1972-12-15,54,Female,Married,Indian,Resident,Business,Business Owner,Startup,Business,548235,5-10L,Graduate,776 Gandhi Nagar,Flat 414,Nanded,Maharashtra,India,431601,9000000290,kirti.kulkarni290@example.com,2024-06-14,Business,Active,Verified,2026-06-11,Moderate,730,BR024,RM014,Marathi,Email,Yes
CUST00291,CIF00000291,Kamla,,Deshmukh,1991-05-20,35,Female,Married,Indian,Resident,Salaried,Professor,ISRO,Salaried,612262,5-10L,Postgraduate,833 Market Road,Flat 345,Mumbai,Maharashtra,India,400001,9000000291,kamla.deshmukh291@example.com,2020-02-28,Retail,Dormant,Verified,2026-04-03,Moderate,768,BR039,RM006,Marathi,Email,Yes
CUST00292,CIF00000292,Aryan,,Bansal,1992-03-16,34,Male,Single,Indian,Resident,Business,Entrepreneur,Family Business,Business,1224943,10-20L,Postgraduate,433 MG Road,Flat 463,Akola,Maharashtra,India,444001,9000000292,aryan.bansal292@example.com,2024-06-11,Business,Active,Verified,2025-05-11,Moderate,780,BR061,RM002,Bengali,Mobile App,Yes
CUST00293,CIF00000293,Nitin,,Trivedi,1979-05-02,47,Male,Married,Indian,Resident,Self-employed,Graphic Designer,Self Employed,Self-employed,306791,2.5-5L,Postgraduate,500 Park Road,Flat 303,Delhi,Delhi,India,110001,9000000293,nitin.trivedi293@example.com,2022-12-30,Premium,Active,Verified,2026-07-15,Moderate,695,BR063,RM015,English,NetBanking,Yes
CUST00294,CIF00000294,Radhika,,Modi,1987-08-08,39,Female,Married,Indian,Resident,Salaried,Defence Personnel,Axis Bank,Salaried,929792,5-10L,Graduate,520 Station Road,Flat 351,Thiruvananthapuram,Kerala,India,695001,9000000294,radhika.modi294@example.com,2020-01-11,Retail,Active,Verified,2026-05-12,Low,769,BR060,RM009,Tamil,Email,Yes
CUST00295,CIF00000295,Manisha,,Patel,1994-07-16,32,Female,Married,Indian,Resident,Self-employed,Graphic Designer,Self Employed,Self-employed,1504097,10-20L,Diploma,311 Station Road,Flat 25,Osmanabad,Maharashtra,India,413501,9000000295,manisha.patel295@example.com,2022-06-25,Premium,Dormant,Verified,2024-09-24,Low,761,BR046,RM044,Marathi,NetBanking,Yes
CUST00296,CIF00000296,Anand,,Nair,1972-12-28,54,Male,Married,Indian,Resident,Salaried,Professor,ICICI Bank,Salaried,1195403,10-20L,Postgraduate,528 Market Road,Plot 362,Chennai,Tamil Nadu,India,600001,9000000296,anand.nair296@example.com,2023-10-20,Retail,Active,Verified,2026-03-29,Moderate,745,BR059,RM054,Hindi,NetBanking,No
CUST00297,CIF00000297,Akash,,Sinha,1997-06-11,29,Male,Single,Indian,Resident,Salaried,Data Analyst,Tata Motors,Salaried,856586,5-10L,Graduate,839 Station Road,Flat 104,Lucknow,Uttar Pradesh,India,226001,9000000297,akash.sinha297@example.com,2022-12-10,Retail,Active,Verified,2026-02-26,Moderate,736,BR001,RM016,Bengali,SMS,Yes
CUST00298,CIF00000298,Anmol,,Mahajan,1978-08-28,48,Male,Married,Indian,Resident,Salaried,Insurance Officer,Self Employed,Salaried,678162,5-10L,Graduate,529 Nehru Colony,Plot 484,Coimbatore,Tamil Nadu,India,641001,9000000298,anmol.mahajan298@example.com,2019-09-24,Retail,Active,Verified,2024-01-11,High,780,BR067,RM005,Hindi,Mobile App,Yes
CUST00299,CIF00000299,Sonia,,Gokhale,1979-07-13,47,Female,Married,Indian,Resident,Salaried,Professor,Startup,Salaried,677791,5-10L,Postgraduate,908 Gandhi Nagar,Plot 448,Akola,Maharashtra,India,444001,9000000299,sonia.gokhale299@example.com,2015-08-25,Premium,Active,Verified,2026-07-20,Moderate,760,BR045,RM001,Tamil,SMS,Yes
CUST00300,CIF00000300,Suraj,,Salunke,1970-03-17,56,Male,Married,Indian,Resident,Business,Shop Owner,Family Business,Business,2334485,20-50L,Postgraduate,554 Main Street,Flat 262,Akola,Maharashtra,India,444001,9000000300,suraj.salunke300@example.com,2018-05-20,Business,Active,Verified,2026-02-14,Moderate,710,BR021,RM002,English,NetBanking,Yes
CUST00301,CIF00000301,Gayatri,,Menon,1972-01-15,54,Female,Married,Indian,Resident,Business,Importer,Independent Business,Business,2126453,20-50L,Postgraduate,348 Station Road,Plot 298,Lucknow,Uttar Pradesh,India,226001,9000000301,gayatri.menon301@example.com,2016-05-22,Premium,Active,Verified,2025-10-04,High,706,BR069,RM055,Punjabi,Mobile App,Yes
CUST00302,CIF00000302,Jahnavi,,Tripathi,1980-07-03,46,Female,Married,Indian,Resident,Self-employed,Trader,Self Employed,Self-employed,2479639,20-50L,Postgraduate,95 MG Road,Flat 67,Delhi,Delhi,India,110001,9000000302,jahnavi.tripathi302@example.com,2021-07-13,Retail,Active,Verified,2025-01-13,Moderate,724,BR068,RM026,Punjabi,Mobile App,Yes
CUST00303,CIF00000303,Kamla,,Kumar,1977-09-28,49,Female,Married,Indian,Resident,Business,Business Owner,Independent Business,Business,2245829,20-50L,Doctorate,542 MG Road,Plot 234,Patna,Bihar,India,800001,9000000303,kamla.kumar303@example.com,2016-10-29,Business,Active,Verified,2025-07-26,Moderate,718,BR048,RM059,Hindi,NetBanking,Yes
CUST00304,CIF00000304,Anvi,,Dixit,1986-05-10,40,Female,Married,Indian,Resident,Salaried,Insurance Officer,HDFC Bank,Salaried,342238,2.5-5L,Higher Secondary,221 Station Road,Plot 251,New Delhi,Delhi,India,110011,9000000304,anvi.dixit304@example.com,2018-05-27,Retail,Active,Verified,2024-03-10,Low,677,BR006,RM027,Bengali,NetBanking,Yes
CUST00305,CIF00000305,Geeta,,Nair,1974-12-11,52,Female,Married,Indian,Resident,Self-employed,Freelancer,Self Employed,Self-employed,1989989,10-20L,Diploma,92 Nehru Colony,Plot 320,Kolhapur,Maharashtra,India,416001,9000000305,geeta.nair305@example.com,2016-07-21,Retail,Active,Verified,2025-02-08,Moderate,764,BR044,RM035,English,Email,No
CUST00306,CIF00000306,Shruti,,Malhotra,1994-10-17,32,Female,Single,Indian,Resident,Business,Shop Owner,Startup,Business,504035,5-10L,Postgraduate,194 Nehru Colony,Flat 460,Wardha,Maharashtra,India,442001,9000000306,shruti.malhotra306@example.com,2022-03-22,Business,Active,Verified,2025-06-28,High,751,BR024,RM002,Tamil,NetBanking,Yes
CUST00307,CIF00000307,Veer,,Chopra,1984-05-03,42,Male,Divorced,Indian,Resident,Self-employed,Graphic Designer,Self Employed,Self-employed,1042631,10-20L,Graduate,118 MG Road,Flat 147,Patna,Bihar,India,800001,9000000307,veer.chopra307@example.com,2015-04-06,Retail,Active,Verified,2024-04-01,Moderate,743,BR020,RM020,Kannada,SMS,Yes
CUST00308,CIF00000308,Rajesh,,Gupta,2001-10-19,25,Male,Single,Indian,Resident,Salaried,Software Engineer,Bajaj Finserv,Salaried,556250,5-10L,Graduate,243 Park Road,Flat 259,Rajkot,Gujarat,India,360001,9000000308,rajesh.gupta308@example.com,2017-11-22,Premium,Active,Verified,2024-03-03,High,728,BR041,RM030,Malayalam,Mobile App,Yes
CUST00309,CIF00000309,Aaradhya,,Rane,2003-11-17,23,Female,Single,Indian,Resident,Business,Restaurant Owner,Family Business,Business,541117,5-10L,Diploma,209 Nehru Colony,Plot 192,Vijayawada,Andhra Pradesh,India,520001,9000000309,aaradhya.rane309@example.com,2021-03-22,Business,Active,Verified,2024-09-08,Moderate,763,BR069,RM028,Malayalam,Mobile App,Yes
CUST00310,CIF00000310,Vishal,,Yadav,1994-09-10,32,Male,Single,Indian,Resident,Self-employed,Consultant,Self Employed,Self-employed,602277,5-10L,Graduate,47 Station Road,Plot 289,Thiruvananthapuram,Kerala,India,695001,9000000310,vishal.yadav310@example.com,2017-10-24,Retail,Active,Verified,2025-12-16,High,787,BR016,RM054,Marathi,SMS,Yes
CUST00311,CIF00000311,Savita,,Saha,1966-12-05,60,Female,Married,Indian,Resident,Salaried,Doctor,Municipal Corporation,Salaried,3630126,20-50L,Postgraduate,662 MG Road,Plot 3,Kolkata,West Bengal,India,700001,9000000311,savita.saha311@example.com,2018-01-23,Premium,Active,Verified,2025-02-27,Moderate,771,BR072,RM058,Bengali,Email,Yes
CUST00312,CIF00000312,Anirudh,,Srivastava,1976-06-07,50,Male,Divorced,Indian,Resident,Salaried,Software Engineer,Axis Bank,Salaried,1184900,10-20L,Graduate,456 MG Road,Flat 11,Kanpur,Uttar Pradesh,India,208001,9000000312,anirudh.srivastava312@example.com,2019-05-04,Retail,Active,Verified,2025-12-27,High,722,BR046,RM013,Hindi,Branch,Yes
CUST00313,CIF00000313,Trisha,,Kale,1967-10-17,59,Female,Widowed,Indian,Resident,Self-employed,Doctor,Self Employed,Self-employed,4005057,20-50L,Postgraduate,506 Station Road,Flat 338,Patna,Bihar,India,800001,9000000313,trisha.kale313@example.com,2022-12-05,Premium,Active,Verified,2025-09-09,High,817,BR073,RM012,Hindi,Mobile App,Yes
CUST00314,CIF00000314,Avinash,,Kumar,1987-08-01,39,Male,Married,Indian,Resident,Homemaker,Homemaker,Not Applicable,Homemaker,115474,0-2.5L,Higher Secondary,961 Park Road,Plot 483,Ahmedabad,Gujarat,India,380001,9000000314,avinash.kumar314@example.com,2022-08-09,Premium,Active,Verified,2024-11-26,Moderate,625,BR056,RM055,Kannada,Mobile App,Yes
CUST00315,CIF00000315,Nidhi,,Patel,2002-01-24,24,Female,Married,Indian,Resident,Salaried,Government Employee,Independent Consultant,Salaried,628127,5-10L,Postgraduate,232 Gandhi Nagar,Flat 39,Ahmedabad,Gujarat,India,380001,9000000315,nidhi.patel315@example.com,2020-01-13,Retail,Active,Verified,2024-12-03,Low,720,BR040,RM005,Odia,Mobile App,Yes
CUST00316,CIF00000316,Balram,,Saha,1983-02-25,43,Male,Married,Indian,Resident,Self-employed,Graphic Designer,Self Employed,Self-employed,1962672,10-20L,Graduate,615 Market Road,Flat 49,Delhi,Delhi,India,110001,9000000316,balram.saha316@example.com,2025-10-02,Retail,Active,Verified,2024-03-28,High,743,BR008,RM059,English,NetBanking,Yes
CUST00317,CIF00000317,Avinash,,Chakraborty,1957-07-08,69,Male,Married,Indian,Resident,Retired,Pensioner,Retired,Retired,128725,0-2.5L,Postgraduate,886 Market Road,Plot 320,Sangli,Maharashtra,India,416416,9000000317,avinash.chakraborty317@example.com,2016-02-22,Retail,Active,Verified,2026-03-25,Moderate,726,BR055,RM057,Punjabi,Mobile App,Yes
CUST00318,CIF00000318,Sakshi,,Bhat,1983-08-24,43,Female,Married,Indian,Resident,Salaried,School Teacher,Accenture,Salaried,401831,2.5-5L,Graduate,636 Park Road,Flat 71,Mumbai,Maharashtra,India,400001,9000000318,sakshi.bhat318@example.com,2021-08-25,Retail,Active,Verified,2024-11-15,Low,741,BR075,RM028,Malayalam,NetBanking,No
CUST00319,CIF00000319,Kajal,,Upadhyay,1995-09-28,31,Female,Single,Indian,Resident,Farmer,Horticulture Farmer,Self / Family Farm,Farmer,157284,0-2.5L,Postgraduate,56 Park Road,Flat 500,Kolhapur,Maharashtra,India,416001,9000000319,kajal.upadhyay319@example.com,2019-02-19,Retail,Active,Verified,2026-03-15,Low,622,BR009,RM022,Gujarati,Mobile App,Yes
CUST00320,CIF00000320,Rashmi,,Naik,1968-01-21,58,Female,Married,Indian,Resident,Farmer,Farmer,Self / Family Farm,Farmer,584923,5-10L,Higher Secondary,229 Gandhi Nagar,Flat 320,Vadodara,Gujarat,India,390001,9000000320,rashmi.naik320@example.com,2016-10-26,Retail,Active,Verified,2026-02-25,Moderate,646,BR043,RM052,Kannada,Branch,Yes
CUST00321,CIF00000321,Aaryan,,Patel,1982-04-09,44,Male,Married,Indian,Resident,Salaried,Software Engineer,PwC India,Salaried,462951,2.5-5L,Graduate,737 Station Road,Flat 284,Gurgaon,Haryana,India,122001,9000000321,aaryan.patel321@example.com,2022-01-29,Retail,Active,Verified,2024-06-29,High,714,BR034,RM059,Hindi,Mobile App,Yes
CUST00322,CIF00000322,Shrey,,Dhawan,1992-02-04,34,Male,Married,Indian,Resident,Salaried,Finance Manager,EY India,Salaried,1339783,10-20L,Doctorate,148 Station Road,Plot 99,Lucknow,Uttar Pradesh,India,226001,9000000322,shrey.dhawan322@example.com,2025-07-21,Retail,Active,Verified,2024-11-21,High,767,BR077,RM028,Odia,SMS,Yes
CUST00323,CIF00000323,Girish,,Srivastava,1995-02-26,31,Male,Married,Indian,Resident,Self-employed,Consultant,Self Employed,Self-employed,1974392,10-20L,Graduate,482 Nehru Colony,Plot 34,Sangli,Maharashtra,India,416416,9000000323,girish.srivastava323@example.com,2024-10-15,Retail,Active,Verified,2026-06-22,High,716,BR066,RM024,Bengali,SMS,Yes
CUST00324,CIF00000324,Rajat,,Patil,1974-08-28,52,Male,Married,Indian,Resident,Salaried,Government Employee,Aditya Birla Group,Salaried,1050413,10-20L,Doctorate,241 Park Road,Flat 218,Thiruvananthapuram,Kerala,India,695001,9000000324,rajat.patil324@example.com,2022-02-26,Retail,Active,Verified,2026-08-15,Moderate,817,BR048,RM017,Malayalam,Mobile App,Yes
CUST00325,CIF00000325,Nitin,,Saini,1990-01-06,36,Male,Married,Indian,Resident,Salaried,Government Employee,Central Government,Salaried,862328,5-10L,Graduate,453 Station Road,Flat 39,Ranchi,Jharkhand,India,834001,9000000325,nitin.saini325@example.com,2020-01-22,Retail,Active,Verified,2026-05-12,Moderate,739,BR065,RM033,Malayalam,NetBanking,Yes
CUST00326,CIF00000326,Gauri,,Desai,1981-10-05,45,Female,Married,Indian,Resident,Salaried,Cloud Engineer,ICICI Bank,Salaried,960563,5-10L,Graduate,876 Nehru Colony,Plot 279,Kolkata,West Bengal,India,700001,9000000326,gauri.desai326@example.com,2017-10-21,Retail,Active,Verified,2024-11-02,Moderate,718,BR037,RM053,Telugu,SMS,Yes
CUST00327,CIF00000327,Mahima,,Upadhyay,2004-08-24,22,Female,Single,Indian,Resident,Business,Medium Business Owner,Family Business,Business,3000000,20-50L,Postgraduate,834 Park Road,Flat 44,Gurgaon,Haryana,India,122001,9000000327,mahima.upadhyay327@example.com,2023-02-10,Business,Active,Verified,2026-02-27,Low,835,BR054,RM014,Bengali,NetBanking,Yes
CUST00328,CIF00000328,Shashank,,Gandhi,1996-09-10,30,Male,Married,Indian,Resident,Salaried,Police Officer,Axis Bank,Salaried,570415,5-10L,Postgraduate,334 Market Road,Flat 403,Mumbai,Maharashtra,India,400001,9000000328,shashank.gandhi328@example.com,2018-10-23,Retail,Active,Verified,2024-12-04,Moderate,708,BR073,RM041,Punjabi,Mobile App,Yes
CUST00329,CIF00000329,Lakshmi,,Jain,2007-12-20,19,Female,Single,Indian,Resident,Student,Student,College / University,Student,35028,0-2.5L,Higher Secondary,501 MG Road,Flat 36,Thiruvananthapuram,Kerala,India,695001,9000000329,lakshmi.jain329@example.com,2021-05-21,Retail,Active,Verified,2024-07-29,Low,715,BR030,RM019,Odia,Mobile App,Yes
CUST00330,CIF00000330,Alisha,,Patil,1994-04-05,32,Female,Married,Indian,Resident,Salaried,Government Employee,Capgemini,Salaried,592645,5-10L,Doctorate,892 Station Road,Flat 419,Indore,Madhya Pradesh,India,452001,9000000330,alisha.patil330@example.com,2016-06-12,Retail,Active,Verified,2025-09-10,Moderate,748,BR074,RM020,Punjabi,Mobile App,Yes
CUST00331,CIF00000331,Ishita,,Jadhav,1995-12-03,31,Female,Married,Indian,Resident,Salaried,Software Engineer,Google India,Salaried,1334766,10-20L,Graduate,295 Gandhi Nagar,Plot 234,Bhopal,Madhya Pradesh,India,462001,9000000331,ishita.jadhav331@example.com,2020-11-23,Retail,Active,Verified,2026-03-22,High,742,BR039,RM026,Punjabi,NetBanking,Yes
CUST00332,CIF00000332,Tarun,,Kaur,1971-05-21,55,Male,Married,Indian,Resident,Self-employed,Chartered Accountant,Self Employed,Self-employed,2880270,20-50L,Postgraduate,551 Main Street,Plot 35,Nanded,Maharashtra,India,431601,9000000332,tarun.kaur332@example.com,2021-05-18,Premium,Active,Verified,2024-08-10,High,712,BR064,RM027,Malayalam,Branch,Yes
CUST00333,CIF00000333,Ananya,,Deshmukh,1984-12-13,42,Female,Married,Indian,Resident,Salaried,Electrical Engineer,Wipro,Salaried,1260033,10-20L,Graduate,877 Station Road,Flat 6,Madurai,Tamil Nadu,India,625001,9000000333,ananya.deshmukh333@example.com,2020-03-08,Premium,Active,Verified,2024-05-19,Moderate,703,BR042,RM043,Bengali,Email,Yes
CUST00334,CIF00000334,Anmol,,Suresh,1976-02-22,50,Male,Divorced,Indian,Resident,Business,Shop Owner,Family Business,Business,1068275,10-20L,Graduate,782 MG Road,Plot 79,Ahmedabad,Gujarat,India,380001,9000000334,anmol.suresh334@example.com,2015-03-15,Business,Active,Verified,2026-01-01,Moderate,777,BR005,RM058,Odia,NetBanking,Yes
CUST00335,CIF00000335,Sarika,,Bhatt,1971-04-12,55,Female,Widowed,Indian,Resident,Farmer,Farmer,Self / Family Farm,Farmer,416074,2.5-5L,Higher Secondary,931 Station Road,Flat 9,Nanded,Maharashtra,India,431601,9000000335,sarika.bhatt335@example.com,2019-05-19,Retail,Active,Pending,2024-12-11,Low,698,BR025,RM044,Odia,Mobile App,Yes
CUST00336,CIF00000336,Dev,,Gokhale,1982-02-12,44,Male,Married,Indian,Resident,Salaried,Senior Software Engineer,PwC India,Salaried,1251658,10-20L,Graduate,332 Station Road,Flat 335,Rajkot,Gujarat,India,360001,9000000336,dev.gokhale336@example.com,2022-01-02,Retail,Active,Verified,2025-04-14,Moderate,726,BR029,RM005,Odia,Mobile App,Yes
CUST00337,CIF00000337,Aditi,,Chaudhary,1978-06-21,48,Female,Widowed,Indian,Resident,Farmer,Horticulture Farmer,Self / Family Farm,Farmer,238090,0-2.5L,Diploma,714 Park Road,Plot 498,Patna,Bihar,India,800001,9000000337,aditi.chaudhary337@example.com,2016-02-22,Retail,Active,Verified,2024-06-28,Moderate,757,BR041,RM055,Odia,Mobile App,Yes
CUST00338,CIF00000338,Aaliya,,Verma,1957-05-08,69,Female,Married,Indian,Resident,Retired,Retired Professional,Retired,Retired,1001890,10-20L,Doctorate,756 Park Road,Plot 318,Amravati,Maharashtra,India,444601,9000000338,aaliya.verma338@example.com,2021-08-03,Premium,Active,Verified,2025-05-25,Low,790,BR038,RM013,Marathi,NetBanking,Yes
CUST00339,CIF00000339,Keshav,,Varma,1984-12-11,42,Male,Married,Indian,Resident,Salaried,HR Manager,Wipro,Salaried,1089312,10-20L,Higher Secondary,351 Station Road,Flat 28,Rajkot,Gujarat,India,360001,9000000339,keshav.varma339@example.com,2020-11-03,Premium,Active,Verified,2024-09-11,Moderate,801,BR029,RM039,Kannada,Mobile App,Yes
CUST00340,CIF00000340,Veer,,Yadav,1973-04-08,53,Male,Married,Indian,Resident,Salaried,Software Engineer,Deloitte,Salaried,553384,5-10L,Graduate,520 MG Road,Flat 240,Nashik,Maharashtra,India,422001,9000000340,veer.yadav340@example.com,2025-07-10,Retail,Active,Verified,2024-09-07,Low,706,BR055,RM012,Punjabi,NetBanking,Yes
CUST00341,CIF00000341,Radhika,,Salunke,1992-03-27,34,Female,Single,Indian,Resident,Salaried,Accountant,HDFC Bank,Salaried,585066,5-10L,Postgraduate,977 Nehru Colony,Flat 391,Thiruvananthapuram,Kerala,India,695001,9000000341,radhika.salunke341@example.com,2019-06-20,Retail,Active,Verified,2026-02-16,Moderate,728,BR039,RM039,Malayalam,NetBanking,Yes
CUST00342,CIF00000342,Manish,,Pawar,1975-09-24,51,Male,Married,Indian,Resident,Salaried,Civil Engineer,ICICI Bank,Salaried,1073967,10-20L,Higher Secondary,743 Main Street,Flat 474,Kolhapur,Maharashtra,India,416001,9000000342,manish.pawar342@example.com,2016-07-13,Retail,Active,Verified,2026-01-30,Low,791,BR048,RM025,Bengali,Mobile App,Yes
CUST00343,CIF00000343,Tanay,,Bhatia,1995-11-23,31,Male,Single,Indian,Resident,Salaried,Marketing Manager,Central Government,Salaried,1207038,10-20L,Postgraduate,378 Gandhi Nagar,Flat 198,Bengaluru,Karnataka,India,560001,9000000343,tanay.bhatia343@example.com,2025-09-25,Retail,Active,Verified,2024-09-05,Moderate,732,BR062,RM003,Telugu,Mobile App,Yes
CUST00344,CIF00000344,Chetan,,Kumar,1995-10-03,31,Male,Married,Indian,Resident,Business,Retail Business Owner,Private Company,Business,1466561,10-20L,Graduate,531 Station Road,Plot 85,Vijayawada,Andhra Pradesh,India,520001,9000000344,chetan.kumar344@example.com,2015-02-20,Business,Active,Verified,2024-11-05,Moderate,714,BR065,RM035,Odia,Branch,Yes
CUST00345,CIF00000345,Shreya,,Rane,1999-02-25,27,Female,Married,Indian,Resident,Business,Construction Business Owner,Family Business,Business,4833314,20-50L,Higher Secondary,714 Park Road,Flat 336,Jaipur,Rajasthan,India,302001,9000000345,shreya.rane345@example.com,2017-05-08,Business,Active,Verified,2024-06-29,High,835,BR048,RM012,Marathi,SMS,Yes
CUST00346,CIF00000346,Santosh,,Dhawan,1991-02-10,35,Male,Married,Indian,Resident,Salaried,School Teacher,PwC India,Salaried,394655,2.5-5L,Postgraduate,88 Park Road,Flat 33,Amravati,Maharashtra,India,444601,9000000346,santosh.dhawan346@example.com,2017-11-28,Retail,Active,Verified,2025-05-04,High,755,BR063,RM044,Hindi,Mobile App,Yes
CUST00347,CIF00000347,Sneha,,Agarwal,2002-11-11,24,Female,Single,Indian,Resident,Self-employed,Trader,Self Employed,Self-employed,350773,2.5-5L,Graduate,323 Nehru Colony,Flat 185,Mumbai,Maharashtra,India,400001,9000000347,sneha.agarwal347@example.com,2020-10-31,Retail,Active,Verified,2024-02-28,Moderate,737,BR046,RM056,Telugu,NetBanking,Yes
CUST00348,CIF00000348,Vikram,,Rao,1996-07-22,30,Male,Single,Indian,Resident,Business,Importer,Startup,Business,1215423,10-20L,Graduate,193 MG Road,Plot 491,Guwahati,Assam,India,781001,9000000348,vikram.rao348@example.com,2024-02-21,Business,Active,Verified,2025-10-10,Moderate,731,BR047,RM056,English,Email,No
CUST00349,CIF00000349,Sandhya,,Saini,1967-04-23,59,Female,Married,Indian,Resident,Self-employed,Doctor,Self Employed,Self-employed,4316828,20-50L,Postgraduate,147 Nehru Colony,Flat 293,Navi Mumbai,Maharashtra,India,400703,9000000349,sandhya.saini349@example.com,2025-07-13,Business,Active,Verified,2024-02-02,High,800,BR017,RM032,Hindi,NetBanking,Yes
CUST00350,CIF00000350,Charita,,Salunke,2001-07-25,25,Female,Single,Indian,Resident,Student,Student,College / University,Student,43426,0-2.5L,Higher Secondary,288 Station Road,Plot 341,Coimbatore,Tamil Nadu,India,641001,9000000350,charita.salunke350@example.com,2023-06-13,Retail,Active,Verified,2024-05-06,Low,622,BR018,RM060,Malayalam,Email,Yes
CUST00351,CIF00000351,Anjali,,Naik,1968-05-04,58,Female,Married,Indian,Resident,Farmer,Dairy Farmer,Self / Family Farm,Farmer,481781,2.5-5L,Higher Secondary,298 MG Road,Flat 175,Thane,Maharashtra,India,400601,9000000351,anjali.naik351@example.com,2019-03-25,Retail,Active,Verified,2026-02-01,High,717,BR015,RM037,Telugu,Mobile App,Yes
CUST00352,CIF00000352,Lakshmi,,Tripathi,1985-10-19,41,Female,Divorced,Indian,Resident,Business,Transport Business Owner,Private Company,Business,1519128,10-20L,Postgraduate,228 MG Road,Flat 276,Mangaluru,Karnataka,India,575001,9000000352,lakshmi.tripathi352@example.com,2018-08-02,Business,Active,Verified,2026-04-15,Moderate,798,BR038,RM054,Gujarati,Email,Yes
CUST00353,CIF00000353,Avantika,,Varma,2002-08-10,24,Female,Married,Indian,Resident,Self-employed,Architect,Self Employed,Self-employed,678496,5-10L,Postgraduate,722 Park Road,Flat 415,Ranchi,Jharkhand,India,834001,9000000353,avantika.varma353@example.com,2016-05-20,Premium,Active,Verified,2024-08-03,Moderate,715,BR029,RM045,English,NetBanking,No
CUST00354,CIF00000354,Harendra,,Pradhan,1994-12-07,32,Male,Married,Indian,Resident,Self-employed,Consultant,Self Employed,Self-employed,690453,5-10L,Graduate,718 Nehru Colony,Flat 50,Kolkata,West Bengal,India,700001,9000000354,harendra.pradhan354@example.com,2020-04-23,Retail,Active,Verified,2025-08-17,Moderate,724,BR007,RM055,Tamil,NetBanking,Yes
CUST00355,CIF00000355,Bhavesh,,Saini,1986-07-14,40,Male,Married,Indian,Resident,Business,Entrepreneur,Startup,Business,2214862,20-50L,Doctorate,696 Nehru Colony,Flat 29,Amravati,Maharashtra,India,444601,9000000355,bhavesh.saini355@example.com,2019-01-23,Premium,Active,Pending,2024-07-02,Low,792,BR007,RM008,Malayalam,Email,Yes
CUST00356,CIF00000356,Bhavana,,Yadav,1989-11-03,37,Female,Married,Indian,Resident,Business,Importer,Startup,Business,1285152,10-20L,Postgraduate,797 Park Road,Plot 333,Bhopal,Madhya Pradesh,India,462001,9000000356,bhavana.yadav356@example.com,2025-09-14,Business,Active,Verified,2025-03-31,Moderate,722,BR048,RM001,Hindi,Email,Yes
CUST00357,CIF00000357,Kamlesh,,Solanki,1961-10-05,65,Male,Married,Indian,Resident,Self-employed,Doctor,Self Employed,Self-employed,5766520,50L-1Cr,Postgraduate,102 Main Street,Flat 466,Thiruvananthapuram,Kerala,India,695001,9000000357,kamlesh.solanki357@example.com,2023-05-11,Premium,Active,Verified,2025-02-19,Moderate,752,BR003,RM026,Malayalam,NetBanking,Yes
CUST00358,CIF00000358,Amrita,,Soman,1970-09-15,56,Female,Married,Indian,Resident,Farmer,Farmer,Self / Family Farm,Farmer,454210,2.5-5L,Higher Secondary,820 Main Street,Flat 66,Akola,Maharashtra,India,444001,9000000358,amrita.soman358@example.com,2023-06-12,Premium,Active,Verified,2024-03-30,Low,673,BR072,RM017,English,Mobile App,Yes
CUST00359,CIF00000359,Vijayendra,,Menon,1970-08-23,56,Male,Married,Indian,Resident,Salaried,Insurance Officer,Mahindra & Mahindra,Salaried,539938,5-10L,Diploma,321 Market Road,Plot 181,Nanded,Maharashtra,India,431601,9000000359,vijayendra.menon359@example.com,2015-07-09,Retail,Active,Verified,2025-12-05,Moderate,746,BR013,RM043,English,Mobile App,Yes
CUST00360,CIF00000360,Chaitanya,,Menon,1991-03-13,35,Male,Married,Indian,Resident,Farmer,Agricultural Worker,Self / Family Farm,Farmer,95181,0-2.5L,Higher Secondary,468 MG Road,Plot 347,Hyderabad,Telangana,India,500001,9000000360,chaitanya.menon360@example.com,2018-02-10,Retail,Active,Verified,2025-07-02,Moderate,652,BR027,RM005,Odia,Mobile App,Yes
CUST00361,CIF00000361,Shashank,,Trivedi,1972-11-18,54,Male,Married,Indian,Resident,Business,Shop Owner,Startup,Business,1168046,10-20L,Postgraduate,417 MG Road,Flat 46,Gurgaon,Haryana,India,122001,9000000361,shashank.trivedi361@example.com,2019-04-02,Retail,Active,Verified,2024-10-06,Low,703,BR019,RM056,Gujarati,Mobile App,Yes
CUST00362,CIF00000362,Shivam,,Kale,1998-05-18,28,Male,Married,Indian,Resident,Self-employed,Investment Advisor,Self Employed,Self-employed,1318011,10-20L,Postgraduate,278 Market Road,Flat 25,Yavatmal,Maharashtra,India,445001,9000000362,shivam.kale362@example.com,2021-08-08,Retail,Active,Verified,2025-02-02,Low,805,BR024,RM023,Odia,Mobile App,No
CUST00363,CIF00000363,Namrata,,Vaidya,2004-10-14,22,Female,Single,Indian,Resident,Salaried,Cloud Engineer,Reliance Industries,Salaried,800000,5-10L,Graduate,724 Park Road,Flat 182,Gurgaon,Haryana,India,122001,9000000363,namrata.vaidya363@example.com,2015-08-05,Retail,Active,Verified,2024-10-09,High,797,BR055,RM034,Gujarati,Email,Yes
CUST00364,CIF00000364,Pranav,,Rane,1999-07-22,27,Male,Married,Indian,Resident,Business,Medium Business Owner,Family Business,Business,4333367,20-50L,Doctorate,521 Gandhi Nagar,Flat 255,Coimbatore,Tamil Nadu,India,641001,9000000364,pranav.rane364@example.com,2015-08-24,Premium,Active,Pending,2026-06-28,Moderate,750,BR069,RM045,Hindi,SMS,Yes
CUST00365,CIF00000365,Aaryan,,Roy,1982-09-08,44,Male,Widowed,Indian,NRI,Business,Manufacturer,Private Company,Business,3048718,20-50L,Doctorate,180 MG Road,Flat 69,Nanded,Maharashtra,India,431601,9000000365,aaryan.roy365@example.com,2024-11-14,Business,Active,Verified,2025-03-08,Moderate,807,BR064,RM025,Marathi,Mobile App,Yes
CUST00366,CIF00000366,Rohan,,Kaur,1997-11-17,29,Male,Single,Indian,Resident,Self-employed,Graphic Designer,Self Employed,Self-employed,504154,5-10L,Doctorate,846 MG Road,Plot 457,Surat,Gujarat,India,395001,9000000366,rohan.kaur366@example.com,2015-01-10,Retail,Active,Verified,2024-12-30,Moderate,774,BR001,RM040,Bengali,Branch,Yes
CUST00367,CIF00000367,Anushka,,Agarwal,1993-03-25,33,Female,Married,Indian,Resident,Salaried,Bank Employee,PwC India,Salaried,721598,5-10L,Graduate,673 Main Street,Flat 203,Delhi,Delhi,India,110001,9000000367,anushka.agarwal367@example.com,2015-12-14,Retail,Active,Verified,2026-07-02,Low,747,BR024,RM035,Tamil,Mobile App,Yes
CUST00368,CIF00000368,Saloni,,Saini,1987-11-07,39,Female,Divorced,Indian,Resident,Salaried,IT Manager,PwC India,Salaried,4633527,20-50L,Higher Secondary,972 Park Road,Plot 137,Jaipur,Rajasthan,India,302001,9000000368,saloni.saini368@example.com,2016-03-29,Premium,Active,Verified,2025-05-22,Moderate,764,BR017,RM021,Kannada,Mobile App,Yes
CUST00369,CIF00000369,Aradhana,,Dhawan,2008-08-10,18,Female,Single,Indian,Resident,Student,Student,College / University,Student,8265,0-2.5L,Higher Secondary,289 Park Road,Flat 220,Ranchi,Jharkhand,India,834001,9000000369,aradhana.dhawan369@example.com,2022-09-04,Retail,Active,Verified,2025-06-07,Low,660,BR024,RM016,Tamil,Mobile App,Yes
CUST00370,CIF00000370,Sarika,,Kaur,1977-04-04,49,Female,Married,Indian,Resident,Self-employed,Trader,Self Employed,Self-employed,1132202,10-20L,Postgraduate,136 Park Road,Flat 99,Delhi,Delhi,India,110001,9000000370,sarika.kaur370@example.com,2020-08-19,Retail,Active,Verified,2025-09-23,High,778,BR026,RM006,English,NetBanking,Yes
CUST00371,CIF00000371,Sarika,,Reddy,1991-06-02,35,Female,Married,Indian,Resident,Salaried,HR Manager,HCLTech,Salaried,1105016,10-20L,Graduate,187 MG Road,Flat 339,Nashik,Maharashtra,India,422001,9000000371,sarika.reddy371@example.com,2018-05-31,Retail,Active,Verified,2025-04-28,Moderate,714,BR036,RM059,Punjabi,Mobile App,Yes
CUST00372,CIF00000372,Manav,,Shinde,1985-11-09,41,Male,Married,Indian,Resident,Salaried,Insurance Officer,Tech Mahindra,Salaried,416946,2.5-5L,Graduate,216 Market Road,Flat 455,Mumbai,Maharashtra,India,400001,9000000372,manav.shinde372@example.com,2018-09-18,Retail,Active,Verified,2025-09-08,Moderate,686,BR016,RM003,Punjabi,NetBanking,No
CUST00373,CIF00000373,Harish,,Salunke,1969-09-12,57,Male,Married,Indian,Resident,Retired,Pensioner,Retired,Retired,386564,2.5-5L,Postgraduate,917 Main Street,Flat 368,Vadodara,Gujarat,India,390001,9000000373,harish.salunke373@example.com,2023-07-15,Retail,Active,Verified,2025-05-09,Low,665,BR054,RM034,Malayalam,Mobile App,Yes
CUST00374,CIF00000374,Naman,,Dubey,1968-08-25,58,Male,Married,Indian,Resident,Self-employed,Consultant,Self Employed,Self-employed,974985,5-10L,Diploma,522 Park Road,Flat 200,Osmanabad,Maharashtra,India,413501,9000000374,naman.dubey374@example.com,2024-02-19,Retail,Active,Verified,2024-07-07,Moderate,730,BR001,RM011,Punjabi,Mobile App,Yes
CUST00375,CIF00000375,Vikram,,Sinha,1971-05-05,55,Male,Married,Indian,Resident,Business,Manufacturer,Family Business,Business,3371262,20-50L,Doctorate,277 Nehru Colony,Plot 329,Chennai,Tamil Nadu,India,600001,9000000375,vikram.sinha375@example.com,2016-05-02,Business,Dormant,Pending,2024-08-03,Moderate,761,BR069,RM008,English,NetBanking,Yes
CUST00376,CIF00000376,Kanchan,,Chopra,1966-05-06,60,Female,Widowed,Indian,Resident,Homemaker,Homemaker,Not Applicable,Homemaker,34608,0-2.5L,Higher Secondary,263 MG Road,Flat 445,Indore,Madhya Pradesh,India,452001,9000000376,kanchan.chopra376@example.com,2018-04-22,Premium,Active,Verified,2024-04-18,Low,703,BR049,RM042,Tamil,Mobile App,Yes
CUST00377,CIF00000377,Veer,,Kale,1985-03-07,41,Male,Married,Indian,Resident,Self-employed,Chartered Accountant,Self Employed,Self-employed,4117387,20-50L,Postgraduate,584 Park Road,Plot 93,Chennai,Tamil Nadu,India,600001,9000000377,veer.kale377@example.com,2019-11-13,Premium,Active,Verified,2024-06-15,Moderate,787,BR023,RM053,Kannada,NetBanking,Yes
CUST00378,CIF00000378,Aniket,,Garg,1991-02-27,35,Male,Married,Indian,Resident,Salaried,Senior Software Engineer,Self Employed,Salaried,2708509,20-50L,Graduate,14 Nehru Colony,Plot 479,Bhopal,Madhya Pradesh,India,462001,9000000378,aniket.garg378@example.com,2016-07-16,Retail,Active,Verified,2024-03-26,Low,793,BR035,RM010,Odia,Mobile App,Yes
CUST00379,CIF00000379,Arun,,Subramanian,1983-11-18,43,Male,Married,Indian,Resident,Business,Transport Business Owner,Independent Business,Business,6934569,50L-1Cr,Postgraduate,127 MG Road,Plot 53,Noida,Uttar Pradesh,India,201301,9000000379,arun.subramanian379@example.com,2019-12-25,Business,Active,Verified,2026-06-26,Low,844,BR054,RM010,English,Mobile App,Yes
CUST00380,CIF00000380,Karan,,Roy,1982-05-12,44,Male,Married,Indian,Resident,Self-employed,Investment Advisor,Self Employed,Self-employed,3206240,20-50L,Diploma,79 Market Road,Flat 185,Latur,Maharashtra,India,413512,9000000380,karan.roy380@example.com,2024-11-30,Retail,Active,Verified,2026-07-06,Low,831,BR006,RM039,Marathi,Mobile App,Yes
CUST00381,CIF00000381,Rashmi,,Gupta,1995-12-26,31,Female,Single,Indian,Resident,Self-employed,Trader,Self Employed,Self-employed,1564850,10-20L,Postgraduate,79 Nehru Colony,Flat 478,Surat,Gujarat,India,395001,9000000381,rashmi.gupta381@example.com,2016-03-01,Retail,Dormant,Verified,2024-05-30,Moderate,734,BR041,RM010,Kannada,Branch,Yes
CUST00382,CIF00000382,Vaishnavi,,Chaudhary,1977-10-26,49,Female,Widowed,Indian,Resident,Salaried,Cloud Engineer,KPMG India,Salaried,1968013,10-20L,Doctorate,652 Main Street,Flat 484,Rajkot,Gujarat,India,360001,9000000382,vaishnavi.chaudhary382@example.com,2023-08-10,Retail,Active,Verified,2025-03-04,Moderate,749,BR071,RM032,Malayalam,NetBanking,Yes
CUST00383,CIF00000383,Siddharth,,Chopra,1978-08-05,48,Male,Divorced,Indian,Resident,Business,Business Owner,Family Business,Business,2610171,20-50L,Graduate,944 MG Road,Flat 179,Osmanabad,Maharashtra,India,413501,9000000383,siddharth.chopra383@example.com,2015-12-24,Business,Active,Verified,2026-03-08,Low,730,BR018,RM019,Bengali,SMS,Yes
CUST00384,CIF00000384,Geetanjali,,Jain,2001-11-19,25,Female,Married,Indian,Resident,Self-employed,Graphic Designer,Self Employed,Self-employed,983281,5-10L,Postgraduate,76 Park Road,Plot 446,Osmanabad,Maharashtra,India,413501,9000000384,geetanjali.jain384@example.com,2019-03-27,Retail,Active,Verified,2024-05-24,High,773,BR011,RM016,Hindi,Mobile App,Yes
CUST00385,CIF00000385,Bhavana,,Gupta,1996-11-02,30,Female,Married,Indian,Resident,Salaried,Civil Engineer,ICICI Bank,Salaried,1506142,10-20L,Diploma,619 Nehru Colony,Flat 83,Vadodara,Gujarat,India,390001,9000000385,bhavana.gupta385@example.com,2019-12-24,Retail,Active,Verified,2025-11-27,Low,800,BR059,RM036,Tamil,Mobile App,Yes
CUST00386,CIF00000386,Shalini,,Kapoor,1986-09-20,40,Female,Married,Indian,Resident,Salaried,Professor,Tech Mahindra,Salaried,1170063,10-20L,Postgraduate,862 MG Road,Plot 240,Guwahati,Assam,India,781001,9000000386,shalini.kapoor386@example.com,2023-05-02,Retail,Active,Verified,2025-02-18,Low,727,BR049,RM011,English,Mobile App,Yes
CUST00387,CIF00000387,Deepika,,Mahajan,2000-04-18,26,Female,Single,Indian,Resident,Salaried,Data Analyst,Tata Motors,Salaried,590160,5-10L,Doctorate,207 Gandhi Nagar,Plot 124,Kolkata,West Bengal,India,700001,9000000387,deepika.mahajan387@example.com,2016-10-28,Retail,Active,Pending,2025-08-01,Low,749,BR006,RM037,Bengali,Mobile App,Yes
CUST00388,CIF00000388,Anjali,,Mishra,1982-12-17,44,Female,Married,Indian,Resident,Salaried,Software Engineer,Aditya Birla Group,Salaried,992240,5-10L,Graduate,104 Market Road,Plot 77,Ranchi,Jharkhand,India,834001,9000000388,anjali.mishra388@example.com,2023-02-20,Premium,Active,Verified,2025-05-03,Moderate,725,BR076,RM056,English,Mobile App,Yes
CUST00389,CIF00000389,Vishal,,Chopra,1999-12-20,27,Male,Married,Indian,Resident,Farmer,Horticulture Farmer,Self / Family Farm,Farmer,579551,5-10L,Postgraduate,668 Market Road,Plot 175,Hyderabad,Telangana,India,500001,9000000389,vishal.chopra389@example.com,2022-05-03,Retail,Active,Verified,2024-10-24,Low,656,BR047,RM040,Kannada,Branch,Yes
CUST00390,CIF00000390,Gayatri,,Jain,1979-02-16,47,Female,Married,Indian,Resident,Salaried,Marketing Manager,Indian Railways,Salaried,557282,5-10L,Doctorate,97 Park Road,Flat 479,Visakhapatnam,Andhra Pradesh,India,530001,9000000390,gayatri.jain390@example.com,2016-02-03,Retail,Active,Verified,2025-08-13,Moderate,783,BR047,RM023,Hindi,Mobile App,Yes
CUST00391,CIF00000391,Ira,,Sharma,1974-11-05,52,Female,Widowed,Indian,Resident,Salaried,HR Manager,Startup,Salaried,1399242,10-20L,Postgraduate,452 Main Street,Flat 320,Noida,Uttar Pradesh,India,201301,9000000391,ira.sharma391@example.com,2020-06-22,Retail,Active,Verified,2025-11-29,Moderate,705,BR053,RM033,Bengali,Mobile App,Yes
CUST00392,CIF00000392,Amar,,Kaur,1969-08-15,57,Male,Married,Indian,Resident,Business,Manufacturer,Family Business,Business,1266630,10-20L,Diploma,658 Market Road,Plot 239,Delhi,Delhi,India,110001,9000000392,amar.kaur392@example.com,2019-06-24,Business,Active,Verified,2024-04-20,Moderate,809,BR051,RM050,Kannada,Mobile App,Yes
CUST00393,CIF00000393,Amrita,,Modi,1979-10-02,47,Female,Married,Indian,Resident,Salaried,Finance Manager,Reliance Industries,Salaried,1719834,10-20L,Graduate,616 Nehru Colony,Flat 480,Amravati,Maharashtra,India,444601,9000000393,amrita.modi393@example.com,2020-02-05,Retail,Active,Verified,2025-04-29,High,704,BR028,RM004,Gujarati,Mobile App,Yes
CUST00394,CIF00000394,Isha,,Kulkarni,1999-01-03,27,Female,Single,Indian,Resident,Business,Restaurant Owner,Private Company,Business,697245,5-10L,Graduate,917 Park Road,Flat 386,Bhopal,Madhya Pradesh,India,462001,9000000394,isha.kulkarni394@example.com,2020-01-24,Business,Active,Verified,2025-03-05,Low,791,BR062,RM031,Malayalam,SMS,Yes
CUST00395,CIF00000395,Varun,,Nayak,1953-12-24,73,Male,Married,Indian,Resident,Retired,Retired Professional,Retired,Retired,1016081,10-20L,Graduate,846 Gandhi Nagar,Plot 8,Amritsar,Punjab,India,143001,9000000395,varun.nayak395@example.com,2021-09-11,Retail,Active,Verified,2024-05-31,Moderate,725,BR064,RM056,Telugu,NetBanking,Yes
CUST00396,CIF00000396,Ira,,Soman,1976-07-07,50,Female,Widowed,Indian,Resident,Business,Importer,Family Business,Business,2254592,20-50L,Graduate,357 Station Road,Plot 498,Sangli,Maharashtra,India,416416,9000000396,ira.soman396@example.com,2017-06-14,Retail,Active,Verified,2025-01-14,Moderate,795,BR047,RM002,Tamil,NetBanking,Yes
CUST00397,CIF00000397,Suresh,,Sarkar,1982-09-14,44,Male,Married,Indian,Resident,Salaried,Teacher,ICICI Bank,Salaried,569320,5-10L,Postgraduate,391 Main Street,Plot 353,Bhubaneswar,Odisha,India,751001,9000000397,suresh.sarkar397@example.com,2016-04-09,Retail,Active,Verified,2025-12-19,Moderate,798,BR080,RM060,Hindi,Mobile App,No
CUST00398,CIF00000398,Ansh,,Bansal,1978-04-25,48,Male,Widowed,Indian,Resident,Business,Retail Business Owner,Family Business,Business,834845,5-10L,Graduate,466 Market Road,Flat 101,Solapur,Maharashtra,India,413001,9000000398,ansh.bansal398@example.com,2019-12-25,Business,Active,Verified,2024-12-25,Low,744,BR060,RM027,Odia,Mobile App,Yes
CUST00399,CIF00000399,Aadhya,,Patil,1972-07-02,54,Female,Married,Indian,Resident,Self-employed,Freelancer,Self Employed,Self-employed,834761,5-10L,Doctorate,16 MG Road,Flat 192,Nanded,Maharashtra,India,431601,9000000399,aadhya.patil399@example.com,2024-05-27,Retail,Active,Verified,2026-01-29,Moderate,795,BR077,RM021,Telugu,Mobile App,Yes
CUST00400,CIF00000400,Gayatri,,Tiwari,1992-06-17,34,Female,Married,Indian,Resident,Salaried,Accountant,Startup,Salaried,946203,5-10L,Graduate,163 Park Road,Flat 364,Nashik,Maharashtra,India,422001,9000000400,gayatri.tiwari400@example.com,2019-10-24,Premium,Active,Verified,2025-10-08,Moderate,696,BR074,RM051,Kannada,Email,Yes
CUST00401,CIF00000401,Vidhi,,Suresh,1988-01-24,38,Female,Married,Indian,Resident,Salaried,Product Manager,Private Company,Salaried,2354642,20-50L,Postgraduate,752 Station Road,Plot 325,Pune,Maharashtra,India,411001,9000000401,vidhi.suresh401@example.com,2016-09-18,Retail,Active,Verified,2024-09-02,Moderate,703,BR029,RM020,Gujarati,Branch,Yes
CUST00402,CIF00000402,Shivam,,Kumar,1987-05-06,39,Male,Married,Indian,Resident,Business,Shop Owner,Private Company,Business,747973,5-10L,Diploma,96 MG Road,Flat 186,Sangli,Maharashtra,India,416416,9000000402,shivam.kumar402@example.com,2024-09-20,Business,Active,Verified,2024-04-13,High,693,BR063,RM051,English,Mobile App,Yes
CUST00403,CIF00000403,Riddhi,,Chavan,1972-06-12,54,Female,Widowed,Indian,Resident,Salaried,Doctor,EY India,Salaried,4107861,20-50L,Postgraduate,496 Market Road,Flat 3,Sangli,Maharashtra,India,416416,9000000403,riddhi.chavan403@example.com,2017-01-06,Premium,Active,Verified,2026-08-06,Moderate,778,BR016,RM013,Punjabi,NetBanking,Yes
CUST00404,CIF00000404,Daksh,,Joshi,1997-05-15,29,Male,Single,Indian,Resident,Farmer,Agricultural Worker,Self / Family Farm,Farmer,116874,0-2.5L,Higher Secondary,764 Nehru Colony,Flat 263,Noida,Uttar Pradesh,India,201301,9000000404,daksh.joshi404@example.com,2023-02-28,Retail,Active,Verified,2024-09-13,High,652,BR023,RM013,Odia,Mobile App,Yes
CUST00405,CIF00000405,Madhuri,,Deshmukh,1985-07-07,41,Female,Married,Indian,Resident,Business,Business Owner,Private Company,Business,1094799,10-20L,Postgraduate,581 Main Street,Flat 324,Yavatmal,Maharashtra,India,445001,9000000405,madhuri.deshmukh405@example.com,2019-10-02,Business,Active,Verified,2026-06-29,High,776,BR005,RM033,Tamil,NetBanking,Yes
CUST00406,CIF00000406,Reema,,Sonawane,2003-06-23,23,Female,Single,Indian,Resident,Salaried,Bank Employee,KPMG India,Salaried,360109,2.5-5L,Diploma,12 Gandhi Nagar,Flat 239,Rajkot,Gujarat,India,360001,9000000406,reema.sonawane406@example.com,2019-01-05,Retail,Active,Verified,2024-08-26,Low,671,BR072,RM005,Kannada,Email,Yes
CUST00407,CIF00000407,Jai,,Deshmukh,2000-05-14,26,Male,Married,Indian,Resident,Salaried,Defence Personnel,Central Government,Salaried,550914,5-10L,Graduate,123 MG Road,Flat 308,Indore,Madhya Pradesh,India,452001,9000000407,jai.deshmukh407@example.com,2018-07-25,Retail,Active,Verified,2025-08-13,Low,784,BR003,RM019,English,SMS,Yes
CUST00408,CIF00000408,Vishal,,Mane,1979-06-13,47,Male,Married,Indian,Resident,Salaried,DevOps Engineer,Infosys,Salaried,955223,5-10L,Graduate,82 Market Road,Plot 253,Guwahati,Assam,India,781001,9000000408,vishal.mane408@example.com,2015-10-12,Retail,Active,Verified,2025-12-14,High,740,BR059,RM032,Odia,Email,No
CUST00409,CIF00000409,Shashank,,Yadav,1990-06-27,36,Male,Married,Indian,Resident,Salaried,Data Analyst,Bajaj Finserv,Salaried,500315,5-10L,Postgraduate,925 Market Road,Plot 479,Noida,Uttar Pradesh,India,201301,9000000409,shashank.yadav409@example.com,2024-08-29,Retail,Active,Verified,2026-06-23,Low,768,BR006,RM008,English,Mobile App,No
CUST00410,CIF00000410,Mihir,,Naik,1980-11-04,46,Male,Married,Indian,Resident,Business,Entrepreneur,Family Business,Business,3264186,20-50L,Postgraduate,535 Market Road,Flat 245,Noida,Uttar Pradesh,India,201301,9000000410,mihir.naik410@example.com,2018-07-31,Business,Active,Pending,2024-11-25,High,850,BR062,RM015,Hindi,SMS,Yes
CUST00411,CIF00000411,Shanaya,,Chopra,1989-04-16,37,Female,Married,Indian,Resident,Salaried,Bank Employee,Accenture,Salaried,991515,5-10L,Postgraduate,108 Main Street,Flat 303,Hyderabad,Telangana,India,500001,9000000411,shanaya.chopra411@example.com,2025-11-24,Retail,Active,Verified,2024-11-16,Low,743,BR040,RM046,Bengali,Mobile App,Yes
CUST00412,CIF00000412,Ayush,,Kale,1959-10-21,67,Male,Married,Indian,Resident,Retired,Retired Professional,Retired,Retired,1148818,10-20L,Doctorate,105 Station Road,Flat 55,Ranchi,Jharkhand,India,834001,9000000412,ayush.kale412@example.com,2019-06-28,Retail,Active,Verified,2026-07-04,Moderate,724,BR059,RM012,Tamil,NetBanking,Yes
CUST00413,CIF00000413,Kirti,,Kumar,1969-07-24,57,Female,Married,Indian,Resident,Salaried,Cloud Engineer,State Bank of India,Salaried,1136300,10-20L,Higher Secondary,951 Park Road,Flat 97,Hyderabad,Telangana,India,500001,9000000413,kirti.kumar413@example.com,2019-10-31,Retail,Active,Verified,2025-06-26,Moderate,765,BR078,RM032,Malayalam,Mobile App,Yes
CUST00414,CIF00000414,Lakshya,,Dhawan,1995-04-24,31,Male,Single,Indian,Resident,Salaried,Doctor,Cognizant,Salaried,1099372,10-20L,Postgraduate,844 Gandhi Nagar,Flat 106,Coimbatore,Tamil Nadu,India,641001,9000000414,lakshya.dhawan414@example.com,2018-02-02,Retail,Active,Verified,2025-10-14,Moderate,728,BR037,RM046,Punjabi,Mobile App,Yes
CUST00415,CIF00000415,Arjun,,Gupta,1974-11-16,52,Male,Married,Indian,Resident,Salaried,Electrical Engineer,Bajaj Finserv,Salaried,1120311,10-20L,Doctorate,439 Main Street,Flat 499,Osmanabad,Maharashtra,India,413501,9000000415,arjun.gupta415@example.com,2022-08-23,Retail,Active,Verified,2025-11-26,Moderate,708,BR002,RM039,Telugu,NetBanking,No
CUST00416,CIF00000416,Kamlesh,,Kaur,2002-08-24,24,Male,Single,Indian,Resident,Salaried,Civil Engineer,Self Employed,Salaried,409117,2.5-5L,Graduate,360 Market Road,Flat 250,Surat,Gujarat,India,395001,9000000416,kamlesh.kaur416@example.com,2020-08-22,Retail,Active,Verified,2026-04-27,Low,661,BR046,RM020,Telugu,SMS,Yes
CUST00417,CIF00000417,Anvi,,Mahajan,2003-12-03,23,Female,Single,Indian,Resident,Business,Entrepreneur,Family Business,Business,1000000,10-20L,Graduate,199 Park Road,Plot 495,Chennai,Tamil Nadu,India,600001,9000000417,anvi.mahajan417@example.com,2020-08-01,Business,Active,Verified,2025-07-11,Moderate,703,BR058,RM057,Malayalam,Branch,Yes
CUST00418,CIF00000418,Sunita,,Naik,1978-02-01,48,Female,Married,Indian,Resident,Salaried,Teacher,ICICI Bank,Salaried,489666,2.5-5L,Graduate,511 Gandhi Nagar,Flat 349,Nagpur,Maharashtra,India,440001,9000000418,sunita.naik418@example.com,2024-05-09,Retail,Active,Verified,2025-09-30,Moderate,718,BR072,RM043,Marathi,Email,Yes
CUST00419,CIF00000419,Amrita,,Mehta,2002-06-10,24,Female,Single,Indian,Resident,Salaried,Software Engineer,Indian Railways,Salaried,513941,5-10L,Graduate,805 Nehru Colony,Flat 491,Vijayawada,Andhra Pradesh,India,520001,9000000419,amrita.mehta419@example.com,2018-06-06,Retail,Active,Verified,2024-03-29,Moderate,680,BR035,RM010,Gujarati,Mobile App,Yes
CUST00420,CIF00000420,Nirav,,Kale,1982-10-14,44,Male,Married,Indian,Resident,Salaried,Software Engineer,Aditya Birla Group,Salaried,921621,5-10L,Graduate,696 Main Street,Plot 72,Sangli,Maharashtra,India,416416,9000000420,nirav.kale420@example.com,2025-11-04,Retail,Active,Verified,2024-05-18,Moderate,795,BR054,RM036,Gujarati,Mobile App,Yes
CUST00421,CIF00000421,Om,,Trivedi,1957-08-14,69,Male,Married,Indian,Resident,Retired,Pensioner,Retired,Retired,386172,2.5-5L,Graduate,985 Park Road,Flat 468,Bhubaneswar,Odisha,India,751001,9000000421,om.trivedi421@example.com,2020-11-26,Retail,Active,Verified,2025-03-07,Moderate,696,BR012,RM049,Marathi,Mobile App,Yes
CUST00422,CIF00000422,Swati,,Kaur,1981-09-15,45,Female,Divorced,Indian,Resident,Business,Business Owner,Family Business,Business,933829,5-10L,Postgraduate,860 MG Road,Flat 139,Visakhapatnam,Andhra Pradesh,India,530001,9000000422,swati.kaur422@example.com,2024-06-23,Business,Active,Verified,2024-12-07,Moderate,730,BR077,RM007,Tamil,NetBanking,Yes
CUST00423,CIF00000423,Zoya,,Chakraborty,1972-03-10,54,Female,Married,Indian,Resident,Salaried,Cloud Engineer,Deloitte,Salaried,2510557,20-50L,Postgraduate,644 Main Street,Plot 480,Osmanabad,Maharashtra,India,413501,9000000423,zoya.chakraborty423@example.com,2021-04-21,Business,Active,Verified,2025-12-05,Low,794,BR026,RM008,Hindi,SMS,Yes
CUST00424,CIF00000424,Arjun,,Kaur,1968-05-27,58,Male,Married,Indian,Resident,Salaried,Doctor,Capgemini,Salaried,1166832,10-20L,Postgraduate,628 Gandhi Nagar,Flat 337,Chandigarh,Chandigarh,India,160001,9000000424,arjun.kaur424@example.com,2018-05-13,Retail,Active,Verified,2025-10-13,Low,751,BR003,RM012,Marathi,Branch,Yes
CUST00425,CIF00000425,Dhruv,,Solanki,1970-08-14,56,Male,Married,Indian,Resident,Business,Transport Business Owner,Family Business,Business,2880666,20-50L,Postgraduate,834 Park Road,Flat 146,Surat,Gujarat,India,395001,9000000425,dhruv.solanki425@example.com,2021-08-08,Business,Active,Verified,2024-01-12,Moderate,763,BR075,RM020,English,Mobile App,Yes
CUST00426,CIF00000426,Aditi,,Nayak,2001-02-06,25,Female,Married,Indian,Resident,Student,Student,College / University,Student,47386,0-2.5L,Higher Secondary,672 Station Road,Flat 369,Mumbai,Maharashtra,India,400001,9000000426,aditi.nayak426@example.com,2019-01-05,Retail,Active,Verified,2026-05-29,Low,728,BR018,RM018,Odia,NetBanking,Yes
CUST00427,CIF00000427,Amrita,,Shetty,1974-10-20,52,Female,Married,Indian,Resident,Self-employed,Investment Advisor,Self Employed,Self-employed,3501084,20-50L,Postgraduate,850 Park Road,Flat 16,Visakhapatnam,Andhra Pradesh,India,530001,9000000427,amrita.shetty427@example.com,2020-09-07,Premium,Active,Verified,2024-04-08,High,839,BR014,RM032,Odia,NetBanking,Yes
CUST00428,CIF00000428,Keshav,,Deshmukh,1993-01-06,33,Male,Married,Indian,Resident,Farmer,Horticulture Farmer,Self / Family Farm,Farmer,461767,2.5-5L,Postgraduate,329 MG Road,Plot 194,Indore,Madhya Pradesh,India,452001,9000000428,keshav.deshmukh428@example.com,2015-09-11,Retail,Active,Verified,2025-07-23,Low,684,BR026,RM013,Tamil,Email,Yes
CUST00429,CIF00000429,Garima,,Jadhav,1977-10-18,49,Female,Married,Indian,Resident,Business,Transport Business Owner,Family Business,Business,7826965,50L-1Cr,Postgraduate,886 MG Road,Flat 350,Mangaluru,Karnataka,India,575001,9000000429,garima.jadhav429@example.com,2025-10-06,Business,Active,Verified,2025-10-19,Low,825,BR068,RM032,Gujarati,Mobile App,Yes
CUST00430,CIF00000430,Nikita,,Nayak,1969-08-08,57,Female,Married,Indian,Resident,Salaried,Bank Employee,Larsen & Toubro,Salaried,504570,5-10L,Diploma,53 Market Road,Flat 12,Chandigarh,Chandigarh,India,160001,9000000430,nikita.nayak430@example.com,2024-10-19,Retail,Active,Verified,2026-08-02,Low,689,BR033,RM025,Telugu,Mobile App,Yes
CUST00431,CIF00000431,Nikhil,,Chavan,1989-05-21,37,Male,Married,Indian,Resident,Salaried,Government Employee,Aditya Birla Group,Salaried,1144640,10-20L,Doctorate,31 MG Road,Flat 134,Solapur,Maharashtra,India,413001,9000000431,nikhil.chavan431@example.com,2021-12-08,Retail,Active,Verified,2024-03-01,High,707,BR018,RM014,Malayalam,NetBanking,Yes
CUST00432,CIF00000432,Sneha,,Chakraborty,1994-09-16,32,Female,Married,Indian,Resident,Self-employed,Doctor,Self Employed,Self-employed,5529968,50L-1Cr,Postgraduate,970 Station Road,Flat 22,Osmanabad,Maharashtra,India,413501,9000000432,sneha.chakraborty432@example.com,2024-01-21,Premium,Active,Verified,2024-08-18,Moderate,744,BR045,RM028,Bengali,Email,Yes
CUST00433,CIF00000433,Adarsh,,Chakraborty,1992-03-04,34,Male,Single,Indian,Resident,Salaried,Software Engineer,ISRO,Salaried,1195635,10-20L,Graduate,449 MG Road,Plot 463,Amravati,Maharashtra,India,444601,9000000433,adarsh.chakraborty433@example.com,2015-08-02,Retail,Active,Verified,2025-03-23,Moderate,749,BR008,RM016,Gujarati,Mobile App,Yes
CUST00434,CIF00000434,Karan,,Rane,1970-04-10,56,Male,Divorced,Indian,Resident,Business,Construction Business Owner,Family Business,Business,13130274,1Cr+,Postgraduate,133 Market Road,Flat 337,Mumbai,Maharashtra,India,400001,9000000434,karan.rane434@example.com,2015-08-21,Business,Active,Verified,2024-09-13,Moderate,749,BR070,RM014,Bengali,Mobile App,Yes
CUST00435,CIF00000435,Lalita,,Kale,1985-07-23,41,Female,Divorced,Indian,Resident,Salaried,School Teacher,Google India,Salaried,584757,5-10L,Diploma,974 Market Road,Flat 41,Surat,Gujarat,India,395001,9000000435,lalita.kale435@example.com,2020-11-27,Retail,Active,Verified,2025-06-17,Moderate,794,BR030,RM020,Malayalam,NetBanking,Yes
CUST00436,CIF00000436,Sharanya,,Garg,1989-02-02,37,Female,Widowed,Indian,Resident,Salaried,Software Engineer,Infosys,Salaried,1323328,10-20L,Graduate,286 Nehru Colony,Plot 254,Kochi,Kerala,India,682001,9000000436,sharanya.garg436@example.com,2020-08-05,Premium,Active,Verified,2025-03-30,Moderate,807,BR006,RM015,Gujarati,Mobile App,Yes
CUST00437,CIF00000437,Pooja,,Bhatt,2002-04-25,24,Female,Married,Indian,Resident,Self-employed,Trader,Self Employed,Self-employed,583927,5-10L,Postgraduate,29 Main Street,Plot 319,Pune,Maharashtra,India,411001,9000000437,pooja.bhatt437@example.com,2023-06-18,Retail,Active,Verified,2026-01-16,High,794,BR008,RM052,Hindi,Mobile App,Yes
CUST00438,CIF00000438,Yamini,,Srivastava,1968-11-09,58,Female,Married,Indian,Resident,Salaried,Civil Engineer,Larsen & Toubro,Salaried,1671817,10-20L,Graduate,88 Station Road,Plot 152,Madurai,Tamil Nadu,India,625001,9000000438,yamini.srivastava438@example.com,2020-03-29,Retail,Active,Verified,2025-09-22,Low,795,BR036,RM024,Tamil,Email,Yes
CUST00439,CIF00000439,Atharv,,Mishra,1984-07-02,42,Male,Married,Indian,Resident,Salaried,Defence Personnel,Municipal Corporation,Salaried,527366,5-10L,Postgraduate,594 MG Road,Flat 313,Chandigarh,Chandigarh,India,160001,9000000439,atharv.mishra439@example.com,2015-02-06,Retail,Active,Verified,2025-03-27,Moderate,739,BR024,RM017,Tamil,NetBanking,Yes
CUST00440,CIF00000440,Aradhana,,Kapoor,1995-01-23,31,Female,Single,Indian,Resident,Business,Restaurant Owner,Family Business,Business,2991867,20-50L,Postgraduate,266 Main Street,Flat 433,Chennai,Tamil Nadu,India,600001,9000000440,aradhana.kapoor440@example.com,2022-09-04,Premium,Active,Verified,2026-01-05,Moderate,764,BR006,RM039,Gujarati,Mobile App,Yes
CUST00441,CIF00000441,Vijayendra,,Saini,2000-06-11,26,Male,Single,Indian,Resident,Salaried,Cloud Engineer,State Government,Salaried,1048490,10-20L,Postgraduate,999 Park Road,Plot 192,Visakhapatnam,Andhra Pradesh,India,530001,9000000441,vijayendra.saini441@example.com,2015-10-20,Retail,Active,Pending,2025-09-28,Moderate,782,BR004,RM011,Telugu,Mobile App,Yes
CUST00442,CIF00000442,Aditya,,Deshmukh,1984-07-25,42,Male,Married,Indian,Resident,Business,Retail Business Owner,Independent Business,Business,2542434,20-50L,Postgraduate,665 MG Road,Plot 491,Amravati,Maharashtra,India,444601,9000000442,aditya.deshmukh442@example.com,2018-11-10,Business,Active,Verified,2025-05-30,High,820,BR074,RM041,Malayalam,Mobile App,Yes
CUST00443,CIF00000443,Aman,,Verma,1971-08-11,55,Male,Married,Indian,Resident,Salaried,Civil Engineer,Startup,Salaried,1571223,10-20L,Graduate,767 MG Road,Plot 228,Ahmedabad,Gujarat,India,380001,9000000443,aman.verma443@example.com,2018-04-15,Premium,Active,Verified,2025-01-05,Low,816,BR011,RM023,Malayalam,NetBanking,Yes
CUST00444,CIF00000444,Sakshi,,Shetty,1976-06-11,50,Female,Widowed,Indian,Resident,Business,Retail Business Owner,Family Business,Business,2236785,20-50L,Postgraduate,121 MG Road,Flat 259,Noida,Uttar Pradesh,India,201301,9000000444,sakshi.shetty444@example.com,2025-03-13,Business,Dormant,Verified,2025-10-09,Moderate,752,BR026,RM058,Marathi,NetBanking,Yes
CUST00445,CIF00000445,Dev,,Dixit,1969-07-14,57,Male,Divorced,Indian,Resident,Salaried,Teacher,Central Government,Salaried,732684,5-10L,Postgraduate,363 Station Road,Flat 286,Noida,Uttar Pradesh,India,201301,9000000445,dev.dixit445@example.com,2015-04-09,Retail,Active,Verified,2024-12-10,Low,768,BR044,RM038,Punjabi,Mobile App,Yes
CUST00446,CIF00000446,Anil,,Nayak,2002-03-01,24,Male,Single,Indian,Resident,Student,Student,College / University,Student,41342,0-2.5L,Higher Secondary,608 Market Road,Flat 333,Bhubaneswar,Odisha,India,751001,9000000446,anil.nayak446@example.com,2020-05-08,Retail,Active,Verified,2024-06-29,Moderate,634,BR066,RM047,Punjabi,NetBanking,Yes
CUST00447,CIF00000447,Kartik,,Menon,2001-12-24,25,Male,Married,Indian,Resident,Salaried,Mechanical Engineer,Central Government,Salaried,991534,5-10L,Higher Secondary,216 Park Road,Flat 295,Guwahati,Assam,India,781001,9000000447,kartik.menon447@example.com,2018-03-14,Retail,Active,Verified,2024-12-21,Moderate,721,BR037,RM011,Hindi,Branch,Yes
CUST00448,CIF00000448,Mihika,,Kale,1986-03-01,40,Female,Married,Indian,Resident,Farmer,Horticulture Farmer,Self / Family Farm,Farmer,572413,5-10L,Postgraduate,613 MG Road,Plot 277,Kolhapur,Maharashtra,India,416001,9000000448,mihika.kale448@example.com,2025-05-14,Retail,Active,Verified,2025-05-15,Low,679,BR004,RM024,Gujarati,Mobile App,Yes
CUST00449,CIF00000449,Shreya,,Saini,1975-12-22,51,Female,Married,Indian,Resident,Salaried,Government Employee,Capgemini,Salaried,609268,5-10L,Doctorate,120 Main Street,Plot 382,Wardha,Maharashtra,India,442001,9000000449,shreya.saini449@example.com,2019-12-26,Retail,Active,Verified,2024-11-30,Moderate,793,BR021,RM033,Telugu,SMS,Yes
CUST00450,CIF00000450,Rahul,,Bhatia,1962-04-22,64,Male,Married,Indian,Resident,Salaried,Professor,Wipro,Salaried,1813238,10-20L,Postgraduate,201 Main Street,Flat 249,Amritsar,Punjab,India,143001,9000000450,rahul.bhatia450@example.com,2025-08-23,Retail,Active,Verified,2024-10-16,Low,781,BR017,RM013,Odia,Mobile App,Yes
CUST00451,CIF00000451,Aarav,,Saha,1981-03-10,45,Male,Married,Indian,Resident,Salaried,Senior Software Engineer,Flipkart,Salaried,1674709,10-20L,Graduate,861 Station Road,Plot 343,Nagpur,Maharashtra,India,440001,9000000451,aarav.saha451@example.com,2021-11-17,Retail,Active,Verified,2025-02-05,Low,748,BR077,RM023,Malayalam,Mobile App,Yes
CUST00452,CIF00000452,Jay,,Dhawan,2004-03-25,22,Male,Single,Indian,Resident,Student,Student,College / University,Student,27498,0-2.5L,Higher Secondary,904 Park Road,Plot 443,Rajkot,Gujarat,India,360001,9000000452,jay.dhawan452@example.com,2019-10-07,Retail,Active,Verified,2024-08-28,Moderate,629,BR004,RM019,Tamil,Mobile App,Yes
CUST00453,CIF00000453,Alisha,,Tiwari,1988-11-27,38,Female,Divorced,Indian,Resident,Self-employed,Freelancer,Self Employed,Self-employed,1615554,10-20L,Graduate,47 Main Street,Flat 114,Bhopal,Madhya Pradesh,India,462001,9000000453,alisha.tiwari453@example.com,2019-10-08,Premium,Active,Verified,2024-07-30,Low,751,BR015,RM040,Punjabi,NetBanking,Yes
CUST00454,CIF00000454,Adarsh,,Pawar,1983-12-08,43,Male,Married,Indian,Resident,Salaried,Data Scientist,HCLTech,Salaried,2279333,20-50L,Postgraduate,298 Nehru Colony,Flat 192,Amritsar,Punjab,India,143001,9000000454,adarsh.pawar454@example.com,2020-10-25,Retail,Active,Verified,2026-01-20,Low,726,BR032,RM001,English,Mobile App,Yes
CUST00455,CIF00000455,Santosh,,Pradhan,2002-03-27,24,Male,Single,Indian,Resident,Self-employed,Content Creator,Self Employed,Self-employed,282284,2.5-5L,Postgraduate,759 Main Street,Plot 40,Pune,Maharashtra,India,411001,9000000455,santosh.pradhan455@example.com,2023-08-30,Retail,Active,Verified,2026-02-19,Low,728,BR054,RM002,English,Email,Yes
CUST00456,CIF00000456,Arjun,,Vaidya,1992-11-19,34,Male,Married,Indian,Resident,Self-employed,Content Creator,Self Employed,Self-employed,1943722,10-20L,Diploma,483 Park Road,Flat 48,Vadodara,Gujarat,India,390001,9000000456,arjun.vaidya456@example.com,2019-10-08,Retail,Active,Verified,2024-10-12,Moderate,765,BR062,RM019,Malayalam,NetBanking,Yes
CUST00457,CIF00000457,Aaliya,,Singh,1981-03-26,45,Female,Married,Indian,Resident,Business,Importer,Independent Business,Business,7397994,50L-1Cr,Graduate,646 MG Road,Flat 87,Delhi,Delhi,India,110001,9000000457,aaliya.singh457@example.com,2015-04-12,Premium,Active,Verified,2025-08-30,Moderate,790,BR032,RM006,Marathi,Mobile App,Yes
CUST00458,CIF00000458,Palak,,Trivedi,2001-09-26,25,Female,Married,Indian,Resident,Business,Medium Business Owner,Private Company,Business,11278176,1Cr+,Graduate,501 Market Road,Flat 492,Vadodara,Gujarat,India,390001,9000000458,palak.trivedi458@example.com,2015-05-30,Business,Active,Verified,2025-12-26,High,781,BR062,RM033,Malayalam,Mobile App,Yes
CUST00459,CIF00000459,Arnav,,Roy,1980-11-26,46,Male,Married,Indian,Resident,Business,Manufacturer,Family Business,Business,2067722,20-50L,Graduate,538 Park Road,Flat 448,Bengaluru,Karnataka,India,560001,9000000459,arnav.roy459@example.com,2017-03-19,Premium,Active,Verified,2024-10-30,Low,756,BR016,RM028,Tamil,SMS,Yes
CUST00460,CIF00000460,Palak,,More,1981-04-11,45,Female,Married,Indian,Resident,Business,Retail Business Owner,Startup,Business,2764792,20-50L,Graduate,950 Gandhi Nagar,Plot 437,Gurgaon,Haryana,India,122001,9000000460,palak.more460@example.com,2024-01-02,Retail,Active,Verified,2026-01-02,Moderate,778,BR061,RM001,Telugu,NetBanking,Yes
CUST00461,CIF00000461,Yash,,Chaudhary,1998-11-18,28,Male,Married,Indian,Resident,Salaried,Marketing Manager,Independent Consultant,Salaried,563494,5-10L,Diploma,905 Station Road,Flat 8,Mangaluru,Karnataka,India,575001,9000000461,yash.chaudhary461@example.com,2020-02-22,Retail,Active,Verified,2026-04-20,Moderate,722,BR055,RM038,Tamil,NetBanking,Yes
CUST00462,CIF00000462,Harini,,Tiwari,1992-10-25,34,Female,Married,Indian,Resident,Salaried,Government Employee,Reliance Industries,Salaried,331239,2.5-5L,Graduate,874 Market Road,Plot 495,Delhi,Delhi,India,110001,9000000462,harini.tiwari462@example.com,2016-12-31,Retail,Active,Verified,2025-11-15,Moderate,673,BR061,RM014,Marathi,NetBanking,Yes
CUST00463,CIF00000463,Jai,,Das,1952-06-10,74,Male,Divorced,Indian,Resident,Retired,Pensioner,Retired,Retired,176803,0-2.5L,Postgraduate,513 Nehru Colony,Flat 287,Thiruvananthapuram,Kerala,India,695001,9000000463,jai.das463@example.com,2018-08-17,Retail,Active,Verified,2025-12-24,Moderate,649,BR061,RM023,Tamil,Mobile App,Yes
CUST00464,CIF00000464,Pallavi,,Chopra,1991-11-04,35,Female,Divorced,Indian,Resident,Farmer,Horticulture Farmer,Self / Family Farm,Farmer,580883,5-10L,Postgraduate,572 Park Road,Plot 92,Sangli,Maharashtra,India,416416,9000000464,pallavi.chopra464@example.com,2022-12-23,Retail,Active,Verified,2025-04-22,Moderate,656,BR045,RM047,Kannada,NetBanking,Yes
CUST00465,CIF00000465,Shrey,,Patil,1998-01-20,28,Male,Single,Indian,Resident,Self-employed,Chartered Accountant,Self Employed,Self-employed,1621396,10-20L,Postgraduate,280 MG Road,Plot 329,Guwahati,Assam,India,781001,9000000465,shrey.patil465@example.com,2021-07-29,Premium,Active,Verified,2025-12-13,High,739,BR033,RM018,Odia,Branch,Yes
CUST00466,CIF00000466,Yash,,Verma,1973-03-03,53,Male,Married,Indian,Resident,Business,Restaurant Owner,Private Company,Business,1208848,10-20L,Postgraduate,430 Nehru Colony,Plot 29,Akola,Maharashtra,India,444001,9000000466,yash.verma466@example.com,2015-06-06,Business,Active,Verified,2024-11-17,High,747,BR013,RM055,Malayalam,Mobile App,Yes
CUST00467,CIF00000467,Abhishek,,Naik,1984-01-03,42,Male,Married,Indian,Resident,Farmer,Farmer,Self / Family Farm,Farmer,550672,5-10L,Higher Secondary,198 Nehru Colony,Plot 76,Vijayawada,Andhra Pradesh,India,520001,9000000467,abhishek.naik467@example.com,2019-02-09,Retail,Active,Verified,2025-03-30,Moderate,752,BR006,RM018,Punjabi,Mobile App,Yes
CUST00468,CIF00000468,Charvi,,Reddy,2004-03-24,22,Female,Single,Indian,Resident,Business,Construction Business Owner,Independent Business,Business,3000000,20-50L,Doctorate,89 Station Road,Flat 321,Jaipur,Rajasthan,India,302001,9000000468,charvi.reddy468@example.com,2024-05-17,Business,Dormant,Verified,2026-03-18,High,829,BR002,RM014,Odia,Mobile App,Yes
CUST00469,CIF00000469,Lakshya,,Mishra,1963-10-11,63,Male,Married,Indian,Resident,Farmer,Farmer,Self / Family Farm,Farmer,574223,5-10L,Higher Secondary,424 Station Road,Plot 140,Mangaluru,Karnataka,India,575001,9000000469,lakshya.mishra469@example.com,2023-04-12,Retail,Active,Verified,2024-10-29,Moderate,653,BR034,RM045,Bengali,Branch,Yes
CUST00470,CIF00000470,Kirti,,Upadhyay,1971-07-12,55,Female,Divorced,Indian,Resident,Salaried,Insurance Officer,Wipro,Salaried,831516,5-10L,Doctorate,662 Nehru Colony,Plot 148,Latur,Maharashtra,India,413512,9000000470,kirti.upadhyay470@example.com,2025-08-25,Retail,Active,Verified,2025-05-30,Low,786,BR071,RM054,Tamil,Mobile App,Yes
CUST00471,CIF00000471,Mayank,,Joshi,2002-02-21,24,Male,Single,Indian,Resident,Salaried,Civil Engineer,Tech Mahindra,Salaried,460449,2.5-5L,Graduate,368 Nehru Colony,Plot 82,Sangli,Maharashtra,India,416416,9000000471,mayank.joshi471@example.com,2020-03-28,Retail,Active,Verified,2025-10-25,Moderate,715,BR013,RM012,Telugu,Branch,Yes
CUST00472,CIF00000472,Prachi,,Gupta,1976-05-02,50,Female,Married,Indian,Resident,Business,Construction Business Owner,Independent Business,Business,17176481,1Cr+,Postgraduate,995 Station Road,Plot 462,Vijayawada,Andhra Pradesh,India,520001,9000000472,prachi.gupta472@example.com,2019-06-24,Premium,Active,Verified,2025-03-12,Moderate,800,BR035,RM037,Kannada,Mobile App,Yes
CUST00473,CIF00000473,Dev,,Menon,1971-06-15,55,Male,Married,Indian,Resident,Farmer,Horticulture Farmer,Self / Family Farm,Farmer,184051,0-2.5L,Diploma,406 Station Road,Flat 338,Visakhapatnam,Andhra Pradesh,India,530001,9000000473,dev.menon473@example.com,2016-06-16,Retail,Active,Verified,2024-11-04,Low,705,BR040,RM006,Marathi,NetBanking,Yes
CUST00474,CIF00000474,Varun,,Das,1995-08-23,31,Male,Single,Indian,Resident,Business,Importer,Family Business,Business,6743793,50L-1Cr,Graduate,249 Nehru Colony,Plot 199,Lucknow,Uttar Pradesh,India,226001,9000000474,varun.das474@example.com,2016-02-14,Business,Active,Verified,2024-05-16,Moderate,800,BR052,RM050,Telugu,NetBanking,Yes
CUST00475,CIF00000475,Rashmi,,Pradhan,1982-07-03,44,Female,Married,Indian,Resident,Salaried,Government Employee,KPMG India,Salaried,762029,5-10L,Postgraduate,662 Station Road,Flat 97,Vijayawada,Andhra Pradesh,India,520001,9000000475,rashmi.pradhan475@example.com,2023-08-12,Retail,Active,Verified,2024-04-05,Moderate,710,BR044,RM025,Odia,SMS,Yes
CUST00476,CIF00000476,Neel,,Mishra,1974-12-04,52,Male,Married,Indian,Resident,Self-employed,Investment Advisor,Self Employed,Self-employed,1106073,10-20L,Graduate,672 Nehru Colony,Flat 414,Indore,Madhya Pradesh,India,452001,9000000476,neel.mishra476@example.com,2019-06-20,Retail,Active,Verified,2025-08-11,Low,787,BR065,RM025,Odia,SMS,Yes
CUST00477,CIF00000477,Sakshi,,Rao,1990-02-26,36,Female,Married,Indian,Resident,Salaried,Professor,Municipal Corporation,Salaried,1235341,10-20L,Postgraduate,184 Park Road,Flat 197,Amravati,Maharashtra,India,444601,9000000477,sakshi.rao477@example.com,2020-08-18,Retail,Active,Verified,2024-01-08,Moderate,747,BR044,RM060,Punjabi,SMS,Yes
CUST00478,CIF00000478,Megha,,Bhatt,2002-06-14,24,Female,Single,Indian,Resident,Salaried,Civil Engineer,HDFC Bank,Salaried,463727,2.5-5L,Graduate,18 Park Road,Flat 326,Kochi,Kerala,India,682001,9000000478,megha.bhatt478@example.com,2017-10-30,Retail,Active,Verified,2026-01-19,Moderate,694,BR005,RM035,Kannada,NetBanking,Yes
CUST00479,CIF00000479,Arjun,,Dubey,1973-06-12,53,Male,Widowed,Indian,Resident,Business,Importer,Startup,Business,4816333,20-50L,Higher Secondary,40 Station Road,Plot 371,Jaipur,Rajasthan,India,302001,9000000479,arjun.dubey479@example.com,2017-09-26,Premium,Active,Verified,2025-01-26,High,845,BR066,RM047,Hindi,NetBanking,Yes
CUST00480,CIF00000480,Meera,,Rao,1988-12-26,38,Female,Widowed,Indian,Resident,Salaried,Software Engineer,PwC India,Salaried,566269,5-10L,Graduate,51 Main Street,Flat 111,Bhubaneswar,Odisha,India,751001,9000000480,meera.rao480@example.com,2021-05-27,Premium,Active,Verified,2026-02-03,Moderate,713,BR024,RM018,Malayalam,NetBanking,Yes
CUST00481,CIF00000481,Shanti,,Gupta,1987-04-01,39,Female,Married,Indian,Resident,Self-employed,Trader,Self Employed,Self-employed,321185,2.5-5L,Diploma,727 Main Street,Flat 314,Pune,Maharashtra,India,411001,9000000481,shanti.gupta481@example.com,2022-05-15,Retail,Active,Verified,2026-04-26,Moderate,656,BR059,RM038,Kannada,NetBanking,Yes
CUST00482,CIF00000482,Prachi,,Pillai,1969-07-09,57,Female,Married,Indian,Resident,Salaried,Civil Engineer,Municipal Corporation,Salaried,506355,5-10L,Graduate,413 MG Road,Plot 293,Rajkot,Gujarat,India,360001,9000000482,prachi.pillai482@example.com,2016-09-13,Retail,Dormant,Verified,2025-07-28,Moderate,739,BR045,RM006,Gujarati,Mobile App,Yes
CUST00483,CIF00000483,Jiya,,Mehta,1976-08-08,50,Female,Married,Indian,Resident,Business,Construction Business Owner,Family Business,Business,14916255,1Cr+,Postgraduate,385 Market Road,Flat 311,Gurgaon,Haryana,India,122001,9000000483,jiya.mehta483@example.com,2018-12-11,Business,Active,Verified,2025-02-09,Low,812,BR028,RM014,Hindi,Branch,Yes
CUST00484,CIF00000484,Darshan,,Rao,1982-09-13,44,Male,Married,Indian,Resident,Salaried,Defence Personnel,HDFC Bank,Salaried,478330,2.5-5L,Postgraduate,231 Nehru Colony,Flat 388,Kolhapur,Maharashtra,India,416001,9000000484,darshan.rao484@example.com,2022-01-25,Retail,Active,Verified,2025-04-05,Moderate,653,BR021,RM060,Marathi,NetBanking,Yes
CUST00485,CIF00000485,Rakesh,,Shah,1998-10-19,28,Male,Married,Indian,Resident,Business,Shop Owner,Independent Business,Business,1203950,10-20L,Doctorate,750 Park Road,Plot 167,Indore,Madhya Pradesh,India,452001,9000000485,rakesh.shah485@example.com,2022-02-19,Business,Active,Verified,2025-10-02,Low,703,BR061,RM044,Hindi,NetBanking,No
CUST00486,CIF00000486,Soham,,Suresh,1992-01-07,34,Male,Married,Indian,Resident,Salaried,Electrical Engineer,KPMG India,Salaried,738436,5-10L,Diploma,592 Park Road,Flat 351,Yavatmal,Maharashtra,India,445001,9000000486,soham.suresh486@example.com,2020-04-18,Retail,Active,Pending,2026-03-26,Low,799,BR023,RM030,Malayalam,Mobile App,Yes
CUST00487,CIF00000487,Kamla,,Goel,1994-05-23,32,Female,Married,Indian,Resident,Self-employed,Dentist,Self Employed,Self-employed,628870,5-10L,Postgraduate,551 MG Road,Plot 311,Latur,Maharashtra,India,413512,9000000487,kamla.goel487@example.com,2024-09-21,Premium,Active,Verified,2024-01-25,High,746,BR057,RM031,English,Mobile App,Yes
CUST00488,CIF00000488,Varsha,,Bhosale,1972-03-12,54,Female,Married,Indian,Resident,Salaried,Bank Employee,Cognizant,Salaried,1019835,10-20L,Diploma,423 Gandhi Nagar,Flat 468,Bhubaneswar,Odisha,India,751001,9000000488,varsha.bhosale488@example.com,2016-08-20,Retail,Active,Verified,2024-09-27,High,808,BR013,RM022,Odia,Email,Yes
CUST00489,CIF00000489,Geeta,,Shinde,1988-06-19,38,Female,Married,Indian,Resident,Business,Construction Business Owner,Independent Business,Business,14490477,1Cr+,Higher Secondary,372 Gandhi Nagar,Flat 484,Chandigarh,Chandigarh,India,160001,9000000489,geeta.shinde489@example.com,2017-11-22,Business,Active,Verified,2024-11-08,Low,812,BR061,RM046,Bengali,NetBanking,Yes
CUST00490,CIF00000490,Avinash,,Garg,1980-09-13,46,Male,Divorced,Indian,Resident,Business,Retail Business Owner,Independent Business,Business,1479218,10-20L,Doctorate,489 Market Road,Plot 498,Pune,Maharashtra,India,411001,9000000490,avinash.garg490@example.com,2016-08-30,Business,Active,Verified,2026-05-23,Moderate,774,BR065,RM021,Malayalam,NetBanking,Yes
CUST00491,CIF00000491,Roshni,,Gokhale,1974-02-21,52,Female,Married,Indian,Resident,Farmer,Dairy Farmer,Self / Family Farm,Farmer,171953,0-2.5L,Higher Secondary,202 Main Street,Flat 292,Kanpur,Uttar Pradesh,India,208001,9000000491,roshni.gokhale491@example.com,2025-08-14,Retail,Active,Verified,2026-05-10,Low,636,BR068,RM058,Gujarati,Mobile App,Yes
CUST00492,CIF00000492,Sana,,Bhatia,1998-04-09,28,Female,Married,Indian,Resident,Salaried,Teacher,Independent Consultant,Salaried,372760,2.5-5L,Postgraduate,817 Gandhi Nagar,Flat 480,Ahmedabad,Gujarat,India,380001,9000000492,sana.bhatia492@example.com,2024-06-29,Retail,Active,Verified,2025-12-07,Moderate,734,BR059,RM012,English,Mobile App,No
CUST00493,CIF00000493,Pragya,,Malhotra,1992-01-11,34,Female,Married,Indian,Resident,Salaried,Data Scientist,HCLTech,Salaried,1067046,10-20L,Postgraduate,809 Gandhi Nagar,Flat 245,Noida,Uttar Pradesh,India,201301,9000000493,pragya.malhotra493@example.com,2017-04-30,Retail,Active,Verified,2024-07-21,Moderate,729,BR013,RM035,Punjabi,NetBanking,Yes
CUST00494,CIF00000494,Jiya,,Trivedi,1977-07-20,49,Female,Married,Indian,Resident,Salaried,Software Engineer,PwC India,Salaried,633882,5-10L,Graduate,278 Park Road,Plot 169,Chandigarh,Chandigarh,India,160001,9000000494,jiya.trivedi494@example.com,2021-08-09,Retail,Active,Verified,2025-10-22,Moderate,783,BR039,RM017,Malayalam,Branch,Yes
CUST00495,CIF00000495,Sandhya,,Tiwari,1976-05-04,50,Female,Married,Indian,Resident,Salaried,Electrical Engineer,Bajaj Finserv,Salaried,713769,5-10L,Graduate,948 Nehru Colony,Flat 327,Mysuru,Karnataka,India,570001,9000000495,sandhya.tiwari495@example.com,2025-01-07,Retail,Active,Verified,2024-07-17,Low,745,BR014,RM049,Gujarati,Mobile App,Yes
CUST00496,CIF00000496,Kalpana,,Sonawane,1985-06-17,41,Female,Married,Indian,Resident,Salaried,Civil Engineer,EY India,Salaried,1678270,10-20L,Postgraduate,486 Gandhi Nagar,Flat 214,Latur,Maharashtra,India,413512,9000000496,kalpana.sonawane496@example.com,2017-02-25,Retail,Active,Verified,2026-08-13,Low,798,BR034,RM031,Tamil,Mobile App,Yes
CUST00497,CIF00000497,Kavita,,Nayak,1984-03-15,42,Female,Married,Indian,Resident,Self-employed,Graphic Designer,Self Employed,Self-employed,1143105,10-20L,Graduate,786 Main Street,Flat 361,Visakhapatnam,Andhra Pradesh,India,530001,9000000497,kavita.nayak497@example.com,2019-09-05,Retail,Active,Verified,2024-09-19,Moderate,700,BR038,RM054,Telugu,Branch,Yes
CUST00498,CIF00000498,Tanisha,,Pawar,1963-10-16,63,Female,Married,Indian,Resident,Self-employed,Chartered Accountant,Self Employed,Self-employed,4059661,20-50L,Postgraduate,975 MG Road,Plot 200,Hyderabad,Telangana,India,500001,9000000498,tanisha.pawar498@example.com,2019-12-08,Premium,Active,Verified,2025-05-13,Low,849,BR032,RM018,Punjabi,NetBanking,Yes
CUST00499,CIF00000499,Armaan,,Chakraborty,1987-03-19,39,Male,Married,Indian,Resident,Business,Restaurant Owner,Family Business,Business,2656098,20-50L,Graduate,307 Market Road,Flat 46,Surat,Gujarat,India,395001,9000000499,armaan.chakraborty499@example.com,2023-05-30,Business,Active,Verified,2025-07-13,Moderate,709,BR034,RM036,Malayalam,Mobile App,Yes
CUST00500,CIF00000500,Bhavesh,,Chaudhary,1984-12-09,42,Male,Married,Indian,Resident,Farmer,Dairy Farmer,Self / Family Farm,Farmer,581848,5-10L,Higher Secondary,262 Market Road,Plot 12,Chandigarh,Chandigarh,India,160001,9000000500,bhavesh.chaudhary500@example.com,2017-05-29,Retail,Active,Verified,2025-03-13,Low,667,BR051,RM052,Bengali,Mobile App,Yes
CUST00501,CIF00000501,Shashank,,Bansal,2002-09-25,24,Male,Single,Indian,Resident,Salaried,Defence Personnel,Indian Railways,Salaried,514352,5-10L,Diploma,116 Market Road,Flat 263,Rajkot,Gujarat,India,360001,9000000501,shashank.bansal501@example.com,2018-03-03,Retail,Active,Verified,2026-08-02,Low,753,BR060,RM040,Odia,Mobile App,No
CUST00502,CIF00000502,Vaibhav,,Malhotra,1995-07-19,31,Male,Married,Indian,Resident,Salaried,Civil Engineer,ICICI Bank,Salaried,1764079,10-20L,Doctorate,301 MG Road,Plot 200,Mysuru,Karnataka,India,570001,9000000502,vaibhav.malhotra502@example.com,2020-02-03,Retail,Active,Verified,2025-03-13,Moderate,767,BR020,RM017,Gujarati,Branch,Yes
CUST00503,CIF00000503,Pooja,,Sarkar,1992-01-25,34,Female,Married,Indian,Resident,Business,Shop Owner,Family Business,Business,2809369,20-50L,Postgraduate,131 Market Road,Flat 36,Wardha,Maharashtra,India,442001,9000000503,pooja.sarkar503@example.com,2023-09-02,Business,Active,Verified,2024-08-23,Low,718,BR027,RM013,Tamil,Mobile App,Yes
CUST00504,CIF00000504,Gauri,,Joshi,2003-08-13,23,Female,Single,Indian,Resident,Self-employed,Freelancer,Self Employed,Self-employed,271991,2.5-5L,Higher Secondary,204 Station Road,Plot 303,Chandigarh,Chandigarh,India,160001,9000000504,gauri.joshi504@example.com,2025-08-19,Retail,Active,Verified,2024-06-28,Moderate,688,BR065,RM059,Punjabi,Mobile App,Yes
CUST00505,CIF00000505,Deepak,,Jain,1973-02-15,53,Male,Widowed,Indian,Resident,Salaried,Cloud Engineer,State Government,Salaried,2513238,20-50L,Graduate,17 MG Road,Flat 216,Amravati,Maharashtra,India,444601,9000000505,deepak.jain505@example.com,2017-02-21,Business,Active,Verified,2024-12-29,Moderate,726,BR047,RM020,Hindi,Mobile App,Yes
CUST00506,CIF00000506,Gauri,,Chopra,1980-03-23,46,Female,Married,Indian,Resident,Business,Shop Owner,Private Company,Business,2377033,20-50L,Postgraduate,482 Nehru Colony,Flat 306,Ahmedabad,Gujarat,India,380001,9000000506,gauri.chopra506@example.com,2015-07-05,Premium,Active,Verified,2025-11-07,Low,718,BR038,RM024,Punjabi,Mobile App,Yes
CUST00507,CIF00000507,Tejas,,Goswami,1965-11-12,61,Male,Married,Indian,Resident,Self-employed,Chartered Accountant,Self Employed,Self-employed,1594935,10-20L,Postgraduate,931 Nehru Colony,Flat 165,Nanded,Maharashtra,India,431601,9000000507,tejas.goswami507@example.com,2024-11-09,Premium,Active,Verified,2024-01-30,Low,818,BR061,RM003,Marathi,Mobile App,Yes
CUST00508,CIF00000508,Shivam,,Varma,1994-08-05,32,Male,Married,Indian,Resident,Business,Importer,Family Business,Business,2326847,20-50L,Doctorate,878 Market Road,Plot 1,Jaipur,Rajasthan,India,302001,9000000508,shivam.varma508@example.com,2015-09-29,Retail,Active,Verified,2026-07-13,Moderate,714,BR033,RM009,Telugu,Mobile App,Yes
CUST00509,CIF00000509,Rekha,,Desai,1968-02-08,58,Female,Married,Indian,Resident,Salaried,Civil Engineer,Deloitte,Salaried,891643,5-10L,Doctorate,232 Main Street,Flat 338,Ranchi,Jharkhand,India,834001,9000000509,rekha.desai509@example.com,2017-07-12,Retail,Active,Verified,2025-04-18,Low,764,BR076,RM034,Malayalam,Mobile App,Yes
CUST00510,CIF00000510,Sonali,,Dubey,1975-03-21,51,Female,Widowed,Indian,Resident,Self-employed,Chartered Accountant,Self Employed,Self-employed,3733281,20-50L,Postgraduate,35 Nehru Colony,Plot 83,Amravati,Maharashtra,India,444601,9000000510,sonali.dubey510@example.com,2015-05-21,Retail,Active,Verified,2025-05-07,Low,835,BR062,RM055,Telugu,Mobile App,Yes
CUST00511,CIF00000511,Mitali,,Joshi,1988-08-25,38,Female,Married,Indian,Resident,Salaried,School Teacher,State Bank of India,Salaried,772396,5-10L,Postgraduate,563 Park Road,Plot 343,Amravati,Maharashtra,India,444601,9000000511,mitali.joshi511@example.com,2025-05-12,Retail,Active,Verified,2024-09-26,High,723,BR009,RM051,Telugu,Mobile App,Yes
CUST00512,CIF00000512,Avinash,,Desai,1969-09-06,57,Male,Married,Indian,Resident,Self-employed,Doctor,Self Employed,Self-employed,1892284,10-20L,Postgraduate,408 Nehru Colony,Plot 262,Wardha,Maharashtra,India,442001,9000000512,avinash.desai512@example.com,2024-10-17,Premium,Active,Verified,2024-08-15,Moderate,744,BR003,RM013,Telugu,Email,Yes
CUST00513,CIF00000513,Alok,,Srivastava,1990-12-05,36,Male,Married,Indian,Resident,Salaried,Bank Employee,EY India,Salaried,1027391,10-20L,Postgraduate,554 Market Road,Flat 104,Guwahati,Assam,India,781001,9000000513,alok.srivastava513@example.com,2016-02-15,Retail,Active,Verified,2025-02-14,Moderate,787,BR038,RM025,Malayalam,NetBanking,No
CUST00514,CIF00000514,Muskan,,More,1985-03-05,41,Female,Married,Indian,Resident,Salaried,DevOps Engineer,Mahindra & Mahindra,Salaried,801483,5-10L,Postgraduate,493 Nehru Colony,Flat 498,Wardha,Maharashtra,India,442001,9000000514,muskan.more514@example.com,2017-05-05,Retail,Active,Verified,2024-09-05,Moderate,798,BR051,RM051,Marathi,Mobile App,Yes
CUST00515,CIF00000515,Rashi,,Iyer,1976-03-22,50,Female,Married,Indian,Resident,Self-employed,Dentist,Self Employed,Self-employed,1015831,10-20L,Postgraduate,283 Nehru Colony,Flat 327,Ahmedabad,Gujarat,India,380001,9000000515,rashi.iyer515@example.com,2019-07-03,Retail,Active,Verified,2024-04-15,Moderate,715,BR077,RM031,Gujarati,Email,Yes
CUST00516,CIF00000516,Vandana,,Dixit,1975-12-23,51,Female,Married,Indian,Resident,Salaried,Government Employee,Reliance Industries,Salaried,461141,2.5-5L,Postgraduate,887 Nehru Colony,Flat 150,Yavatmal,Maharashtra,India,445001,9000000516,vandana.dixit516@example.com,2025-08-25,Retail,Active,Verified,2026-01-19,Low,645,BR078,RM039,Telugu,NetBanking,Yes
CUST00517,CIF00000517,Vidhi,,Saha,1971-06-03,55,Female,Divorced,Indian,Resident,Salaried,Professor,Reliance Industries,Salaried,940599,5-10L,Postgraduate,14 MG Road,Plot 249,Ahmedabad,Gujarat,India,380001,9000000517,vidhi.saha517@example.com,2025-02-22,Retail,Active,Verified,2025-08-28,Moderate,712,BR056,RM043,Tamil,NetBanking,Yes
CUST00518,CIF00000518,Pranita,,Verma,1980-04-12,46,Female,Married,Indian,Resident,Farmer,Farmer,Self / Family Farm,Farmer,398047,2.5-5L,Higher Secondary,595 Gandhi Nagar,Plot 310,Nanded,Maharashtra,India,431601,9000000518,pranita.verma518@example.com,2021-09-30,Retail,Active,Verified,2026-02-01,High,647,BR006,RM023,Odia,NetBanking,Yes
CUST00519,CIF00000519,Radhika,,Soman,1979-12-15,47,Female,Married,Indian,Resident,Salaried,Software Engineer,KPMG India,Salaried,1305544,10-20L,Graduate,870 Main Street,Flat 350,Pune,Maharashtra,India,411001,9000000519,radhika.soman519@example.com,2015-04-09,Retail,Active,Pending,2024-09-11,Low,780,BR036,RM029,English,Branch,Yes
CUST00520,CIF00000520,Sonia,,Goel,1963-04-11,63,Female,Married,Indian,Resident,Salaried,Doctor,KPMG India,Salaried,3660134,20-50L,Postgraduate,849 Main Street,Flat 370,Jaipur,Rajasthan,India,302001,9000000520,sonia.goel520@example.com,2024-06-21,Retail,Active,Verified,2025-09-28,Moderate,803,BR064,RM041,Marathi,NetBanking,Yes
CUST00521,CIF00000521,Mihir,,Shinde,1976-09-18,50,Male,Married,Indian,Resident,Salaried,Bank Employee,Capgemini,Salaried,739021,5-10L,Graduate,183 Park Road,Plot 39,Bengaluru,Karnataka,India,560001,9000000521,mihir.shinde521@example.com,2017-02-16,Retail,Active,Verified,2025-09-04,Moderate,754,BR052,RM055,Tamil,NetBanking,Yes
CUST00522,CIF00000522,Pooja,,Nayak,1980-03-22,46,Female,Divorced,Indian,Resident,Salaried,Teacher,Tata Motors,Salaried,308659,2.5-5L,Graduate,281 MG Road,Flat 427,Amravati,Maharashtra,India,444601,9000000522,pooja.nayak522@example.com,2021-11-17,Premium,Active,Verified,2026-06-15,Low,712,BR029,RM029,Odia,SMS,Yes
CUST00523,CIF00000523,Abhinav,,Mehta,1997-07-24,29,Male,Married,Indian,Resident,Self-employed,Dentist,Self Employed,Self-employed,1613497,10-20L,Postgraduate,268 Gandhi Nagar,Plot 187,Indore,Madhya Pradesh,India,452001,9000000523,abhinav.mehta523@example.com,2021-05-15,Retail,Active,Verified,2025-01-14,High,724,BR047,RM058,Gujarati,NetBanking,Yes
CUST00524,CIF00000524,Ananya,,Gandhi,1983-12-21,43,Female,Married,Indian,Resident,Self-employed,Chartered Accountant,Self Employed,Self-employed,1880156,10-20L,Postgraduate,568 Nehru Colony,Plot 239,Ranchi,Jharkhand,India,834001,9000000524,ananya.gandhi524@example.com,2021-01-01,Premium,Active,Verified,2025-04-16,High,740,BR080,RM029,Bengali,Mobile App,Yes
CUST00525,CIF00000525,Dhruv,,Bansal,1969-12-01,57,Male,Married,Indian,Resident,Salaried,Defence Personnel,Deloitte,Salaried,981865,5-10L,Graduate,731 Market Road,Flat 361,Jaipur,Rajasthan,India,302001,9000000525,dhruv.bansal525@example.com,2015-09-19,Retail,Active,Verified,2025-02-09,High,767,BR028,RM043,Bengali,Branch,Yes
CUST00526,CIF00000526,Kavita,,Kapoor,1972-02-25,54,Female,Widowed,Indian,Resident,Salaried,Police Officer,Private Company,Salaried,726919,5-10L,Graduate,73 Market Road,Flat 212,Dehradun,Uttarakhand,India,248001,9000000526,kavita.kapoor526@example.com,2018-07-12,Retail,Active,Verified,2024-09-11,Moderate,790,BR077,RM050,Marathi,Email,Yes
CUST00527,CIF00000527,Ramesh,,Dixit,1992-12-14,34,Male,Married,Indian,Resident,Self-employed,Chartered Accountant,Self Employed,Self-employed,4185267,20-50L,Postgraduate,901 Main Street,Flat 95,Latur,Maharashtra,India,413512,9000000527,ramesh.dixit527@example.com,2019-07-28,Premium,Active,Verified,2024-12-25,Moderate,788,BR011,RM022,Bengali,Mobile App,Yes
CUST00528,CIF00000528,Aaliya,,Verma,1981-06-28,45,Female,Married,Indian,Resident,Salaried,Senior Software Engineer,Self Employed,Salaried,1048077,10-20L,Graduate,72 Station Road,Flat 318,Delhi,Delhi,India,110001,9000000528,aaliya.verma528@example.com,2015-02-21,Retail,Active,Verified,2024-12-19,Moderate,700,BR013,RM056,Odia,SMS,Yes
CUST00529,CIF00000529,Radhika,,Goswami,1993-02-12,33,Female,Single,Indian,Resident,Farmer,Horticulture Farmer,Self / Family Farm,Farmer,345986,2.5-5L,Doctorate,700 Station Road,Flat 86,Chandigarh,Chandigarh,India,160001,9000000529,radhika.goswami529@example.com,2015-06-08,Retail,Active,Verified,2025-09-09,Low,757,BR020,RM040,Telugu,Branch,No
CUST00530,CIF00000530,Swati,,Salunke,1966-11-23,60,Female,Married,Indian,Resident,Homemaker,Homemaker,Not Applicable,Homemaker,8580,0-2.5L,Higher Secondary,773 Nehru Colony,Flat 435,Lucknow,Uttar Pradesh,India,226001,9000000530,swati.salunke530@example.com,2025-10-08,Retail,Active,Verified,2024-11-24,Low,745,BR068,RM037,Punjabi,Email,Yes
CUST00531,CIF00000531,Sneha,,Subramanian,1986-08-20,40,Female,Married,Indian,Resident,Business,Shop Owner,Startup,Business,1743504,10-20L,Graduate,399 Main Street,Flat 403,Mangaluru,Karnataka,India,575001,9000000531,sneha.subramanian531@example.com,2019-07-14,Business,Active,Verified,2025-12-16,Moderate,755,BR008,RM034,English,NetBanking,Yes
CUST00532,CIF00000532,Pranav,,Vaidya,1968-07-24,58,Male,Married,Indian,Resident,Business,Construction Business Owner,Independent Business,Business,12706455,1Cr+,Postgraduate,521 Market Road,Plot 261,Rajkot,Gujarat,India,360001,9000000532,pranav.vaidya532@example.com,2015-07-13,Business,Active,Verified,2026-07-21,Moderate,778,BR028,RM007,Bengali,SMS,No
CUST00533,CIF00000533,Raj,,Chavan,1973-06-06,53,Male,Married,Indian,Resident,Business,Exporter,Private Company,Business,7068470,50L-1Cr,Doctorate,400 Nehru Colony,Flat 470,Solapur,Maharashtra,India,413001,9000000533,raj.chavan533@example.com,2017-04-23,Business,Active,Verified,2024-05-25,High,828,BR077,RM016,Punjabi,Email,Yes
CUST00534,CIF00000534,Sanjana,,Tripathi,1985-08-09,41,Female,Married,Indian,Resident,Business,Exporter,Family Business,Business,9874507,50L-1Cr,Postgraduate,615 MG Road,Plot 203,Akola,Maharashtra,India,444001,9000000534,sanjana.tripathi534@example.com,2022-09-28,Business,Active,Verified,2024-05-11,Moderate,741,BR029,RM005,Odia,Branch,Yes
CUST00535,CIF00000535,Kamlesh,,Chaudhary,1978-05-04,48,Male,Widowed,Indian,Resident,Self-employed,Chartered Accountant,Self Employed,Self-employed,2203973,20-50L,Postgraduate,780 MG Road,Flat 454,Madurai,Tamil Nadu,India,625001,9000000535,kamlesh.chaudhary535@example.com,2023-01-07,Retail,Active,Verified,2025-07-22,Moderate,819,BR064,RM013,Marathi,Mobile App,Yes
CUST00536,CIF00000536,Yash,,Shetty,1990-09-25,36,Male,Married,Indian,Resident,Salaried,Data Analyst,Accenture,Salaried,479757,2.5-5L,Higher Secondary,998 Station Road,Plot 372,Mysuru,Karnataka,India,570001,9000000536,yash.shetty536@example.com,2017-09-17,Retail,Active,Verified,2024-06-05,Low,695,BR044,RM056,Tamil,NetBanking,No
CUST00537,CIF00000537,Muskan,,Jadhav,1970-08-03,56,Female,Married,Indian,Resident,Retired,Retired Professional,Retired,Retired,1020640,10-20L,Higher Secondary,864 Station Road,Plot 148,Surat,Gujarat,India,395001,9000000537,muskan.jadhav537@example.com,2017-07-11,Retail,Active,Verified,2024-11-21,Moderate,723,BR008,RM008,Odia,NetBanking,Yes
CUST00538,CIF00000538,Dhruv,,More,1995-09-03,31,Male,Married,Indian,Resident,Salaried,Insurance Officer,Startup,Salaried,408834,2.5-5L,Higher Secondary,21 Gandhi Nagar,Plot 244,Mumbai,Maharashtra,India,400001,9000000538,dhruv.more538@example.com,2015-08-28,Retail,Active,Verified,2024-10-16,Moderate,744,BR079,RM025,Bengali,Email,Yes
CUST00539,CIF00000539,Kamlesh,,Wagh,1975-05-06,51,Male,Married,Indian,Resident,Salaried,Pharmacist,HDFC Bank,Salaried,862403,5-10L,Graduate,377 Gandhi Nagar,Flat 413,Gurgaon,Haryana,India,122001,9000000539,kamlesh.wagh539@example.com,2017-07-05,Retail,Active,Verified,2025-02-24,Moderate,698,BR070,RM055,Gujarati,Branch,No
CUST00540,CIF00000540,Sahil,,Jain,1975-04-07,51,Male,Married,Indian,Resident,Homemaker,Homemaker,Not Applicable,Homemaker,115818,0-2.5L,Higher Secondary,730 Station Road,Flat 486,Yavatmal,Maharashtra,India,445001,9000000540,sahil.jain540@example.com,2025-09-05,Retail,Active,Verified,2025-09-25,Moderate,719,BR047,RM058,Bengali,Mobile App,Yes
CUST00541,CIF00000541,Krisha,,Mishra,1989-03-15,37,Female,Married,Indian,Resident,Salaried,Doctor,State Government,Salaried,4744595,20-50L,Postgraduate,25 Gandhi Nagar,Flat 291,Akola,Maharashtra,India,444001,9000000541,krisha.mishra541@example.com,2015-07-28,Premium,Active,Verified,2026-02-02,Low,765,BR073,RM050,Marathi,Mobile App,Yes
CUST00542,CIF00000542,Chirag,,Rane,1983-02-03,43,Male,Married,Indian,Resident,Self-employed,Chartered Accountant,Self Employed,Self-employed,1895175,10-20L,Postgraduate,22 MG Road,Plot 446,Patna,Bihar,India,800001,9000000542,chirag.rane542@example.com,2025-06-18,Retail,Active,Verified,2024-11-16,Moderate,797,BR046,RM013,Marathi,SMS,No
CUST00543,CIF00000543,Vidhi,,Chaudhary,1984-07-04,42,Female,Married,Indian,Resident,Salaried,Bank Employee,KPMG India,Salaried,911790,5-10L,Graduate,546 Market Road,Flat 288,Chandigarh,Chandigarh,India,160001,9000000543,vidhi.chaudhary543@example.com,2018-04-01,Retail,Active,Verified,2024-10-14,Moderate,718,BR032,RM008,Odia,Branch,No
CUST00544,CIF00000544,Ankita,,Bhosale,1980-01-16,46,Female,Married,Indian,Resident,Salaried,DevOps Engineer,Private Company,Salaried,2783121,20-50L,Graduate,970 Gandhi Nagar,Flat 454,Bengaluru,Karnataka,India,560001,9000000544,ankita.bhosale544@example.com,2022-09-19,Premium,Active,Verified,2025-01-13,Moderate,804,BR009,RM012,Marathi,NetBanking,Yes
CUST00545,CIF00000545,Rekha,,Ghosh,1992-04-17,34,Female,Single,Indian,Resident,Salaried,Data Analyst,Indian Railways,Salaried,1072553,10-20L,Doctorate,287 Market Road,Plot 13,Navi Mumbai,Maharashtra,India,400703,9000000545,rekha.ghosh545@example.com,2015-03-07,Retail,Active,Verified,2024-02-23,Moderate,779,BR031,RM045,Tamil,Mobile App,Yes
CUST00546,CIF00000546,Kavya,,Bhosale,1969-08-13,57,Female,Married,Indian,Resident,Self-employed,Lawyer,Self Employed,Self-employed,1393137,10-20L,Postgraduate,398 MG Road,Plot 139,Nagpur,Maharashtra,India,440001,9000000546,kavya.bhosale546@example.com,2025-05-23,Premium,Active,Verified,2026-04-02,Moderate,779,BR066,RM055,Kannada,Mobile App,Yes
CUST00547,CIF00000547,Aradhana,,Narayan,1969-03-26,57,Female,Married,Indian,Resident,Business,Exporter,Independent Business,Business,6836382,50L-1Cr,Higher Secondary,781 MG Road,Flat 91,Ahmedabad,Gujarat,India,380001,9000000547,aradhana.narayan547@example.com,2022-07-14,Premium,Active,Verified,2026-03-31,High,750,BR031,RM050,Hindi,SMS,Yes
CUST00548,CIF00000548,Abhinav,,Nair,1965-03-07,61,Male,Widowed,Indian,Resident,Farmer,Dairy Farmer,Self / Family Farm,Farmer,116900,0-2.5L,Higher Secondary,941 Gandhi Nagar,Plot 96,Sangli,Maharashtra,India,416416,9000000548,abhinav.nair548@example.com,2025-11-13,Retail,Active,Verified,2024-01-04,Moderate,737,BR056,RM051,Odia,NetBanking,Yes
CUST00549,CIF00000549,Ankit,,Pillai,1965-01-15,61,Male,Married,Indian,Resident,Self-employed,Chartered Accountant,Self Employed,Self-employed,1767984,10-20L,Postgraduate,190 Market Road,Flat 91,Mangaluru,Karnataka,India,575001,9000000549,ankit.pillai549@example.com,2020-07-21,Retail,Dormant,Verified,2026-06-18,Moderate,777,BR070,RM037,Gujarati,NetBanking,Yes
CUST00550,CIF00000550,Girish,,Gupta,1990-01-21,36,Male,Married,Indian,Resident,Farmer,Farmer,Self / Family Farm,Farmer,165156,0-2.5L,Higher Secondary,912 Gandhi Nagar,Flat 387,Vijayawada,Andhra Pradesh,India,520001,9000000550,girish.gupta550@example.com,2019-08-16,Retail,Active,Verified,2025-05-20,Low,749,BR045,RM058,English,Mobile App,Yes
CUST00551,CIF00000551,Anika,,Salunke,1999-06-16,27,Female,Married,Indian,Resident,Salaried,Software Engineer,Accenture,Salaried,566932,5-10L,Graduate,308 Nehru Colony,Flat 280,Lucknow,Uttar Pradesh,India,226001,9000000551,anika.salunke551@example.com,2021-05-20,Retail,Dormant,Verified,2025-08-24,Moderate,713,BR022,RM003,Telugu,Mobile App,Yes
CUST00552,CIF00000552,Kanchan,,Rao,1975-03-13,51,Female,Married,Indian,Resident,Salaried,Civil Engineer,State Government,Salaried,1428282,10-20L,Doctorate,375 MG Road,Flat 419,Amravati,Maharashtra,India,444601,9000000552,kanchan.rao552@example.com,2025-08-25,Retail,Active,Verified,2025-08-30,Moderate,703,BR024,RM014,Hindi,Mobile App,Yes
CUST00553,CIF00000553,Bhavana,,Mahajan,1998-03-16,28,Female,Married,Indian,Resident,Salaried,Finance Manager,Family Business,Salaried,1221480,10-20L,Graduate,993 Gandhi Nagar,Flat 493,Vadodara,Gujarat,India,390001,9000000553,bhavana.mahajan553@example.com,2018-02-11,Premium,Active,Verified,2025-12-23,Moderate,729,BR062,RM039,Tamil,NetBanking,Yes
CUST00554,CIF00000554,Tanya,,Joshi,2004-03-12,22,Female,Single,Indian,Resident,Salaried,Teacher,Central Government,Salaried,361484,2.5-5L,Postgraduate,579 Park Road,Flat 229,Kolkata,West Bengal,India,700001,9000000554,tanya.joshi554@example.com,2021-11-10,Retail,Active,Verified,2024-11-30,Low,655,BR030,RM059,Telugu,Mobile App,Yes
CUST00555,CIF00000555,Swati,,Malhotra,1968-08-19,58,Female,Widowed,Indian,Resident,Salaried,Defence Personnel,Startup,Salaried,647142,5-10L,Postgraduate,482 MG Road,Flat 451,Noida,Uttar Pradesh,India,201301,9000000555,swati.malhotra555@example.com,2025-11-21,Retail,Active,Verified,2025-09-30,Moderate,796,BR042,RM006,Malayalam,Branch,Yes
CUST00556,CIF00000556,Amrita,,Salunke,1992-05-11,34,Female,Married,Indian,Resident,Salaried,Teacher,HCLTech,Salaried,489627,2.5-5L,Postgraduate,497 Main Street,Plot 275,Lucknow,Uttar Pradesh,India,226001,9000000556,amrita.salunke556@example.com,2020-04-24,Retail,Active,Verified,2024-07-11,Low,671,BR077,RM039,Hindi,NetBanking,Yes
CUST00557,CIF00000557,Harish,,Sonawane,1986-11-25,40,Male,Married,Indian,Resident,Self-employed,Graphic Designer,Self Employed,Self-employed,720568,5-10L,Higher Secondary,432 MG Road,Flat 398,Bhubaneswar,Odisha,India,751001,9000000557,harish.sonawane557@example.com,2024-07-24,Retail,Active,Verified,2025-10-02,Low,681,BR049,RM036,Marathi,Mobile App,Yes
CUST00558,CIF00000558,Anushka,,Malhotra,1992-12-13,34,Female,Single,Indian,Resident,Salaried,School Teacher,Infosys,Salaried,675354,5-10L,Graduate,564 MG Road,Plot 331,Vijayawada,Andhra Pradesh,India,520001,9000000558,anushka.malhotra558@example.com,2016-05-22,Retail,Active,Verified,2025-09-19,Moderate,686,BR005,RM042,Tamil,Mobile App,Yes
CUST00559,CIF00000559,Yogesh,,Chakraborty,1996-02-16,30,Male,Single,Indian,Resident,Business,Importer,Family Business,Business,5166425,50L-1Cr,Graduate,411 Market Road,Flat 214,Thane,Maharashtra,India,400601,9000000559,yogesh.chakraborty559@example.com,2016-10-31,Business,Active,Verified,2024-06-07,High,831,BR071,RM053,Hindi,Mobile App,Yes
CUST00560,CIF00000560,Bhumika,,Dhawan,1988-03-17,38,Female,Married,Indian,Resident,Business,Medium Business Owner,Family Business,Business,10630148,1Cr+,Doctorate,328 Main Street,Flat 325,Akola,Maharashtra,India,444001,9000000560,bhumika.dhawan560@example.com,2022-03-18,Business,Active,Verified,2026-02-22,Low,847,BR038,RM032,English,Email,Yes
CUST00561,CIF00000561,Pragya,,Chaudhary,2002-09-01,24,Female,Single,Indian,Resident,Salaried,Software Engineer,IBM India,Salaried,509490,5-10L,Graduate,938 Gandhi Nagar,Plot 145,Patna,Bihar,India,800001,9000000561,pragya.chaudhary561@example.com,2021-07-10,Retail,Active,Verified,2025-02-01,High,792,BR021,RM054,Gujarati,Mobile App,Yes
CUST00562,CIF00000562,Kavita,,Jadhav,1982-07-26,44,Female,Married,Indian,Resident,Self-employed,Chartered Accountant,Self Employed,Self-employed,4093639,20-50L,Postgraduate,110 Gandhi Nagar,Plot 106,Surat,Gujarat,India,395001,9000000562,kavita.jadhav562@example.com,2019-12-30,Business,Active,Verified,2026-02-04,High,817,BR039,RM054,Odia,Mobile App,Yes
CUST00563,CIF00000563,Komal,,Shah,1978-12-13,48,Female,Married,Indian,Resident,Salaried,Senior Software Engineer,Infosys,Salaried,1763893,10-20L,Graduate,738 Main Street,Flat 201,Madurai,Tamil Nadu,India,625001,9000000563,komal.shah563@example.com,2018-06-23,Premium,Active,Verified,2025-05-18,Low,701,BR062,RM036,Punjabi,Mobile App,Yes
CUST00564,CIF00000564,Anirudh,,Wagh,2004-04-14,22,Male,Married,Indian,Resident,Salaried,Data Analyst,TCS,Salaried,416357,2.5-5L,Graduate,760 Main Street,Flat 214,Mumbai,Maharashtra,India,400001,9000000564,anirudh.wagh564@example.com,2018-05-27,Retail,Active,Verified,2024-02-05,Low,696,BR016,RM020,Marathi,Mobile App,Yes
CUST00565,CIF00000565,Ashok,,Reddy,2003-02-24,23,Male,Single,Indian,Resident,Business,Construction Business Owner,Family Business,Business,3000000,20-50L,Postgraduate,709 Station Road,Flat 204,New Delhi,Delhi,India,110011,9000000565,ashok.reddy565@example.com,2024-10-02,Business,Active,Verified,2025-05-24,Moderate,814,BR056,RM054,Bengali,Mobile App,Yes
CUST00566,CIF00000566,Akshay,,Chaudhary,2004-11-02,22,Male,Single,Indian,Resident,Student,Student,College / University,Student,46524,0-2.5L,Higher Secondary,895 Market Road,Plot 223,Thiruvananthapuram,Kerala,India,695001,9000000566,akshay.chaudhary566@example.com,2017-12-30,Retail,Active,Verified,2026-03-21,Low,606,BR030,RM046,English,Mobile App,Yes
CUST00567,CIF00000567,Sarthak,,Sarkar,1970-06-15,56,Male,Married,Indian,Resident,Self-employed,Graphic Designer,Self Employed,Self-employed,583712,5-10L,Postgraduate,356 Nehru Colony,Flat 417,Lucknow,Uttar Pradesh,India,226001,9000000567,sarthak.sarkar567@example.com,2021-01-23,Retail,Active,Verified,2025-11-22,Moderate,698,BR070,RM027,Telugu,Mobile App,No
CUST00568,CIF00000568,Manav,,Gandhi,1987-06-18,39,Male,Divorced,Indian,Resident,Salaried,Finance Manager,EY India,Salaried,2053636,20-50L,Diploma,648 Nehru Colony,Plot 436,Dehradun,Uttarakhand,India,248001,9000000568,manav.gandhi568@example.com,2024-12-23,Premium,Active,Verified,2026-04-15,High,705,BR027,RM053,Kannada,Branch,Yes
CUST00569,CIF00000569,Savita,,Dhawan,1981-12-27,45,Female,Married,Indian,Resident,Salaried,Marketing Manager,Family Business,Salaried,488035,2.5-5L,Diploma,817 Main Street,Flat 203,Visakhapatnam,Andhra Pradesh,India,530001,9000000569,savita.dhawan569@example.com,2022-06-15,Retail,Active,Verified,2024-08-12,Moderate,760,BR074,RM023,Kannada,Mobile App,Yes
CUST00570,CIF00000570,Jayesh,,Reddy,1995-04-18,31,Male,Married,Indian,Resident,Business,Shop Owner,Independent Business,Business,1189918,10-20L,Graduate,654 MG Road,Plot 98,Ranchi,Jharkhand,India,834001,9000000570,jayesh.reddy570@example.com,2025-04-09,Business,Active,Verified,2024-05-03,Moderate,709,BR027,RM012,Odia,Email,Yes
CUST00571,CIF00000571,Mitali,,Dixit,1980-10-19,46,Female,Married,Indian,Resident,Salaried,Professor,ICICI Bank,Salaried,1987444,10-20L,Postgraduate,43 Gandhi Nagar,Flat 17,Osmanabad,Maharashtra,India,413501,9000000571,mitali.dixit571@example.com,2019-05-08,Premium,Active,Verified,2024-09-18,Moderate,747,BR061,RM056,Kannada,NetBanking,Yes
CUST00572,CIF00000572,Uday,,Vaidya,1982-12-21,44,Male,Married,Indian,NRI,Business,Retail Business Owner,Independent Business,Business,2456502,20-50L,Postgraduate,945 MG Road,Flat 384,Kanpur,Uttar Pradesh,India,208001,9000000572,uday.vaidya572@example.com,2025-02-27,Business,Active,Verified,2025-04-25,Moderate,720,BR005,RM021,Tamil,Mobile App,Yes
CUST00573,CIF00000573,Esha,,Wagh,2004-09-21,22,Female,Single,Indian,Resident,Salaried,Teacher,State Bank of India,Salaried,558520,5-10L,Graduate,742 MG Road,Flat 61,Latur,Maharashtra,India,413512,9000000573,esha.wagh573@example.com,2019-12-26,Retail,Active,Verified,2026-07-12,Moderate,688,BR058,RM019,Marathi,Email,Yes
CUST00574,CIF00000574,Meera,,Dhawan,2000-06-28,26,Female,Single,Indian,Resident,Business,Entrepreneur,Startup,Business,1835182,10-20L,Graduate,700 Market Road,Plot 118,Coimbatore,Tamil Nadu,India,641001,9000000574,meera.dhawan574@example.com,2024-01-18,Premium,Active,Verified,2026-07-22,Moderate,783,BR015,RM007,Marathi,Mobile App,Yes
CUST00575,CIF00000575,Ved,,Singh,1977-05-22,49,Male,Married,Indian,Resident,Salaried,Insurance Officer,Independent Consultant,Salaried,321535,2.5-5L,Diploma,367 Park Road,Flat 471,Osmanabad,Maharashtra,India,413501,9000000575,ved.singh575@example.com,2016-03-11,Retail,Active,Verified,2024-05-20,Moderate,693,BR016,RM002,Marathi,Mobile App,Yes
CUST00576,CIF00000576,Harsh,,Salunke,1970-03-10,56,Male,Married,Indian,Resident,Self-employed,Trader,Self Employed,Self-employed,1925804,10-20L,Graduate,137 Gandhi Nagar,Plot 6,Thiruvananthapuram,Kerala,India,695001,9000000576,harsh.salunke576@example.com,2023-11-10,Premium,Active,Verified,2024-01-13,Moderate,784,BR015,RM034,Odia,Mobile App,Yes
CUST00577,CIF00000577,Parth,,Gandhi,1983-02-05,43,Male,Married,Indian,Resident,Self-employed,Chartered Accountant,Self Employed,Self-employed,4829796,20-50L,Postgraduate,684 Station Road,Plot 75,Mangaluru,Karnataka,India,575001,9000000577,parth.gandhi577@example.com,2020-05-13,Premium,Active,Verified,2025-06-09,Moderate,801,BR010,RM037,Marathi,NetBanking,Yes
CUST00578,CIF00000578,Vidhi,,Yadav,1990-07-15,36,Female,Married,Indian,Resident,Salaried,Bank Employee,Wipro,Salaried,1168195,10-20L,Doctorate,621 Nehru Colony,Plot 384,Nashik,Maharashtra,India,422001,9000000578,vidhi.yadav578@example.com,2024-10-06,Retail,Active,Verified,2026-03-20,Low,741,BR066,RM057,Kannada,Email,Yes
CUST00579,CIF00000579,Krishna,,Varma,1973-05-13,53,Male,Married,Indian,Resident,Salaried,Government Employee,Accenture,Salaried,1110653,10-20L,Higher Secondary,288 Park Road,Plot 470,Kolhapur,Maharashtra,India,416001,9000000579,krishna.varma579@example.com,2021-04-19,Retail,Active,Verified,2025-09-11,Moderate,710,BR042,RM059,Tamil,Email,Yes
CUST00580,CIF00000580,Nisha,,Shinde,1969-11-03,57,Female,Married,Indian,Resident,Self-employed,Investment Advisor,Self Employed,Self-employed,4833246,20-50L,Postgraduate,258 Gandhi Nagar,Flat 139,Kolhapur,Maharashtra,India,416001,9000000580,nisha.shinde580@example.com,2021-06-09,Premium,Active,Verified,2024-08-21,Moderate,757,BR041,RM060,Telugu,Mobile App,Yes
CUST00581,CIF00000581,Sagar,,Mishra,1977-11-22,49,Male,Married,Indian,Resident,Self-employed,Chartered Accountant,Self Employed,Self-employed,4252241,20-50L,Postgraduate,371 Gandhi Nagar,Flat 165,Kolhapur,Maharashtra,India,416001,9000000581,sagar.mishra581@example.com,2022-05-23,Retail,Active,Verified,2025-06-16,Low,764,BR023,RM008,Tamil,Email,Yes
CUST00582,CIF00000582,Rohan,,Gupta,1973-09-13,53,Male,Married,Indian,Resident,Farmer,Horticulture Farmer,Self / Family Farm,Farmer,276607,2.5-5L,Doctorate,4 MG Road,Flat 479,Thiruvananthapuram,Kerala,India,695001,9000000582,rohan.gupta582@example.com,2025-06-16,Retail,Active,Verified,2026-08-15,Moderate,737,BR071,RM038,Tamil,Mobile App,Yes
CUST00583,CIF00000583,Deepti,,Mahajan,1985-02-09,41,Female,Married,Indian,Resident,Salaried,Senior Software Engineer,Bajaj Finserv,Salaried,2853361,20-50L,Graduate,111 Market Road,Flat 66,Thiruvananthapuram,Kerala,India,695001,9000000583,deepti.mahajan583@example.com,2016-05-04,Premium,Active,Verified,2025-12-04,Moderate,717,BR055,RM014,English,SMS,Yes
CUST00584,CIF00000584,Abhay,,Dhawan,1979-03-01,47,Male,Married,Indian,Resident,Salaried,Finance Manager,Microsoft India,Salaried,2209051,20-50L,Postgraduate,567 Market Road,Flat 113,Bhubaneswar,Odisha,India,751001,9000000584,abhay.dhawan584@example.com,2021-12-07,Retail,Active,Verified,2025-01-27,Moderate,777,BR027,RM035,Punjabi,NetBanking,Yes
CUST00585,CIF00000585,Anshul,,Tripathi,1987-11-10,39,Male,Married,Indian,Resident,Business,Transport Business Owner,Independent Business,Business,7791000,50L-1Cr,Higher Secondary,446 Market Road,Plot 435,Delhi,Delhi,India,110001,9000000585,anshul.tripathi585@example.com,2017-09-18,Business,Active,Verified,2024-04-12,High,798,BR011,RM027,Bengali,Mobile App,Yes
CUST00586,CIF00000586,Vineeta,,Wagh,2003-10-07,23,Female,Single,Indian,Resident,Business,Construction Business Owner,Startup,Business,3000000,20-50L,Postgraduate,382 Station Road,Plot 308,Latur,Maharashtra,India,413512,9000000586,vineeta.wagh586@example.com,2020-11-16,Business,Active,Verified,2024-06-21,Moderate,783,BR052,RM014,Gujarati,NetBanking,Yes
CUST00587,CIF00000587,Ishita,,Kaur,1990-06-13,36,Female,Widowed,Indian,Resident,Business,Exporter,Startup,Business,15732029,1Cr+,Postgraduate,21 Park Road,Flat 229,Thiruvananthapuram,Kerala,India,695001,9000000587,ishita.kaur587@example.com,2021-04-26,Business,Active,Verified,2024-09-18,High,771,BR045,RM015,Tamil,Mobile App,Yes
CUST00588,CIF00000588,Namrata,,Goel,1971-02-20,55,Female,Married,Indian,Resident,Salaried,IT Manager,PwC India,Salaried,4255742,20-50L,Doctorate,713 Market Road,Flat 41,Kolhapur,Maharashtra,India,416001,9000000588,namrata.goel588@example.com,2024-06-26,Business,Active,Verified,2024-06-01,High,744,BR038,RM010,Kannada,Branch,Yes
CUST00589,CIF00000589,Karan,,Rane,1971-09-16,55,Male,Married,Indian,Resident,Salaried,Researcher,Startup,Salaried,550022,5-10L,Doctorate,965 Park Road,Plot 121,Navi Mumbai,Maharashtra,India,400703,9000000589,karan.rane589@example.com,2022-05-05,Retail,Active,Verified,2025-09-09,High,780,BR010,RM005,Hindi,Email,Yes
CUST00590,CIF00000590,Atharv,,Shah,1981-07-05,45,Male,Married,Indian,Resident,Salaried,Defence Personnel,TCS,Salaried,437615,2.5-5L,Doctorate,172 MG Road,Flat 434,Mysuru,Karnataka,India,570001,9000000590,atharv.shah590@example.com,2018-08-26,Retail,Active,Verified,2026-05-04,Moderate,749,BR048,RM037,Tamil,NetBanking,Yes
CUST00591,CIF00000591,Charvi,,Dhawan,1994-08-21,32,Female,Single,Indian,Resident,Business,Exporter,Family Business,Business,4418464,20-50L,Doctorate,966 Market Road,Flat 311,Kanpur,Uttar Pradesh,India,208001,9000000591,charvi.dhawan591@example.com,2020-12-06,Business,Active,Verified,2025-02-18,Moderate,842,BR033,RM034,Kannada,Email,Yes
CUST00592,CIF00000592,Aradhana,,Bhatia,1975-03-15,51,Female,Married,Indian,Resident,Salaried,Doctor,Mahindra & Mahindra,Salaried,3463514,20-50L,Postgraduate,886 Market Road,Plot 384,Indore,Madhya Pradesh,India,452001,9000000592,aradhana.bhatia592@example.com,2019-03-11,Premium,Active,Verified,2025-02-09,Low,743,BR032,RM010,English,Mobile App,Yes
CUST00593,CIF00000593,Harini,,Shinde,1975-08-13,51,Female,Married,Indian,Resident,Salaried,Teacher,HCLTech,Salaried,629616,5-10L,Diploma,909 Gandhi Nagar,Plot 40,Kochi,Kerala,India,682001,9000000593,harini.shinde593@example.com,2017-10-02,Retail,Active,Verified,2025-06-08,High,698,BR071,RM031,English,Mobile App,No
CUST00594,CIF00000594,Amrita,,Nayak,1979-01-15,47,Female,Married,Indian,Resident,Self-employed,Chartered Accountant,Self Employed,Self-employed,2192050,20-50L,Postgraduate,414 Main Street,Plot 236,Delhi,Delhi,India,110001,9000000594,amrita.nayak594@example.com,2022-12-22,Premium,Active,Verified,2025-01-11,Low,771,BR007,RM052,Malayalam,Mobile App,Yes
CUST00595,CIF00000595,Sonali,,Shinde,1975-12-15,51,Female,Married,Indian,Resident,Salaried,Professor,Startup,Salaried,795824,5-10L,Postgraduate,750 Gandhi Nagar,Plot 74,Amritsar,Punjab,India,143001,9000000595,sonali.shinde595@example.com,2020-09-03,Premium,Active,Verified,2024-04-05,Low,688,BR079,RM025,Tamil,SMS,Yes
CUST00596,CIF00000596,Akshay,,Menon,1996-03-28,30,Male,Married,Indian,Resident,Salaried,Software Engineer,Deloitte,Salaried,807882,5-10L,Graduate,39 Main Street,Plot 403,Mangaluru,Karnataka,India,575001,9000000596,akshay.menon596@example.com,2019-10-15,Retail,Active,Verified,2024-06-18,High,750,BR064,RM008,Hindi,Mobile App,Yes
CUST00597,CIF00000597,Rekha,,Patil,1988-10-25,38,Female,Married,Indian,Resident,Farmer,Farmer,Self / Family Farm,Farmer,382536,2.5-5L,Higher Secondary,919 Station Road,Flat 12,Amravati,Maharashtra,India,444601,9000000597,rekha.patil597@example.com,2022-06-16,Retail,Active,Verified,2025-06-05,Moderate,703,BR039,RM032,Kannada,NetBanking,Yes
CUST00598,CIF00000598,Tanya,,Kulkarni,1995-12-13,31,Female,Married,Indian,Resident,Salaried,Data Analyst,Google India,Salaried,868976,5-10L,Graduate,430 Market Road,Flat 42,Chennai,Tamil Nadu,India,600001,9000000598,tanya.kulkarni598@example.com,2020-03-16,Retail,Active,Verified,2026-08-08,Low,795,BR009,RM050,Telugu,NetBanking,No
CUST00599,CIF00000599,Varun,,Rao,1995-07-19,31,Male,Single,Indian,Resident,Self-employed,Graphic Designer,Self Employed,Self-employed,1068688,10-20L,Doctorate,220 Park Road,Flat 121,Pune,Maharashtra,India,411001,9000000599,varun.rao599@example.com,2019-02-26,Retail,Active,Verified,2024-06-17,Moderate,715,BR044,RM011,Punjabi,Branch,Yes
CUST00600,CIF00000600,Yamini,,Chopra,1999-01-01,27,Female,Married,Indian,Resident,Salaried,Data Analyst,Indian Railways,Salaried,817435,5-10L,Graduate,483 Station Road,Flat 150,Gurgaon,Haryana,India,122001,9000000600,yamini.chopra600@example.com,2025-01-20,Premium,Dormant,Verified,2025-12-03,Moderate,691,BR046,RM043,Punjabi,Email,Yes
CUST00601,CIF00000601,Pratik,,Naik,1999-05-05,27,Male,Married,Indian,Resident,Salaried,Data Analyst,Aditya Birla Group,Salaried,420716,2.5-5L,Postgraduate,67 Park Road,Plot 134,Mangaluru,Karnataka,India,575001,9000000601,pratik.naik601@example.com,2024-03-29,Retail,Active,Verified,2025-06-11,Moderate,702,BR013,RM032,Punjabi,NetBanking,Yes
CUST00602,CIF00000602,Aastha,,Pradhan,1962-05-22,64,Female,Married,Indian,Resident,Farmer,Farmer,Self / Family Farm,Farmer,165357,0-2.5L,Higher Secondary,335 Station Road,Flat 77,Chandigarh,Chandigarh,India,160001,9000000602,aastha.pradhan602@example.com,2020-09-15,Retail,Active,Verified,2024-03-01,Low,698,BR076,RM057,Hindi,SMS,Yes
CUST00603,CIF00000603,Aradhana,,Ghosh,1986-12-07,40,Female,Married,Indian,Resident,Business,Importer,Startup,Business,7462304,50L-1Cr,Postgraduate,918 Park Road,Plot 187,Rajkot,Gujarat,India,360001,9000000603,aradhana.ghosh603@example.com,2019-11-19,Business,Active,Verified,2024-03-08,High,792,BR007,RM003,Tamil,NetBanking,Yes
CUST00604,CIF00000604,Muskan,,Pradhan,1984-03-01,42,Female,Married,Indian,Resident,Self-employed,Content Creator,Self Employed,Self-employed,1142905,10-20L,Doctorate,891 Nehru Colony,Flat 129,Rajkot,Gujarat,India,360001,9000000604,muskan.pradhan604@example.com,2022-12-07,Retail,Active,Verified,2024-12-08,High,754,BR019,RM003,Marathi,Email,Yes
CUST00605,CIF00000605,Ishita,,Jadhav,1978-04-07,48,Female,Married,Indian,Resident,Business,Importer,Independent Business,Business,1322534,10-20L,Doctorate,152 Main Street,Plot 440,Sangli,Maharashtra,India,416416,9000000605,ishita.jadhav605@example.com,2021-11-23,Business,Active,Verified,2025-06-27,Low,747,BR051,RM057,Malayalam,Email,No
CUST00606,CIF00000606,Varun,,Bhosale,1969-07-15,57,Male,Married,Indian,Resident,Salaried,School Teacher,ICICI Bank,Salaried,544289,5-10L,Postgraduate,937 Market Road,Flat 473,Kochi,Kerala,India,682001,9000000606,varun.bhosale606@example.com,2015-03-15,Retail,Active,Verified,2025-04-05,High,732,BR034,RM020,Odia,Branch,Yes
CUST00607,CIF00000607,Manish,,Pradhan,1965-09-14,61,Male,Married,Indian,Resident,Self-employed,Lawyer,Self Employed,Self-employed,2642843,20-50L,Postgraduate,17 Market Road,Plot 376,Chandigarh,Chandigarh,India,160001,9000000607,manish.pradhan607@example.com,2015-01-10,Premium,Active,Verified,2024-11-09,Low,755,BR077,RM043,English,SMS,Yes
CUST00608,CIF00000608,Nikhil,,Dhawan,1980-12-24,46,Male,Married,Indian,Resident,Farmer,Agricultural Worker,Self / Family Farm,Farmer,146137,0-2.5L,Higher Secondary,265 Station Road,Plot 344,Akola,Maharashtra,India,444001,9000000608,nikhil.dhawan608@example.com,2022-09-07,Retail,Active,Verified,2025-03-12,High,729,BR027,RM047,Marathi,Mobile App,Yes
CUST00609,CIF00000609,Kajal,,Subramanian,2000-02-25,26,Female,Married,Indian,Resident,Business,Entrepreneur,Family Business,Business,1319714,10-20L,Doctorate,463 Main Street,Flat 393,New Delhi,Delhi,India,110011,9000000609,kajal.subramanian609@example.com,2017-09-08,Business,Active,Verified,2025-06-07,Moderate,708,BR016,RM031,Odia,Branch,Yes
CUST00610,CIF00000610,Sameer,,Das,1980-08-25,46,Male,Married,Indian,Resident,Salaried,Bank Employee,IBM India,Salaried,1145783,10-20L,Postgraduate,647 Main Street,Flat 437,Madurai,Tamil Nadu,India,625001,9000000610,sameer.das610@example.com,2015-09-17,Retail,Active,Verified,2024-04-16,Low,720,BR066,RM050,Kannada,SMS,Yes
CUST00611,CIF00000611,Gopal,,Vaidya,2000-01-22,26,Male,Married,Indian,Resident,Business,Construction Business Owner,Independent Business,Business,6804253,50L-1Cr,Postgraduate,957 Main Street,Plot 213,Patna,Bihar,India,800001,9000000611,gopal.vaidya611@example.com,2018-08-12,Business,Active,Verified,2024-11-18,Low,822,BR060,RM006,Marathi,Mobile App,Yes
CUST00612,CIF00000612,Bharat,,Sharma,1969-05-22,57,Male,Married,Indian,Resident,Salaried,Mechanical Engineer,Bajaj Finserv,Salaried,1194506,10-20L,Diploma,988 Station Road,Plot 418,Nagpur,Maharashtra,India,440001,9000000612,bharat.sharma612@example.com,2017-10-04,Retail,Active,Verified,2024-12-14,Moderate,739,BR053,RM005,Malayalam,Branch,Yes
CUST00613,CIF00000613,Kajal,,Menon,2003-06-11,23,Female,Single,Indian,Resident,Salaried,Teacher,Tech Mahindra,Salaried,349503,2.5-5L,Graduate,910 MG Road,Flat 109,Wardha,Maharashtra,India,442001,9000000613,kajal.menon613@example.com,2025-06-12,Retail,Active,Verified,2024-02-20,Low,707,BR036,RM020,Malayalam,Mobile App,Yes
CUST00614,CIF00000614,Om,,Suresh,1998-10-01,28,Male,Single,Indian,Resident,Business,Shop Owner,Private Company,Business,1246514,10-20L,Diploma,110 Park Road,Flat 415,Nagpur,Maharashtra,India,440001,9000000614,om.suresh614@example.com,2016-01-16,Business,Active,Verified,2024-09-27,Moderate,784,BR021,RM038,Malayalam,Mobile App,Yes
CUST00615,CIF00000615,Ankit,,Naik,1978-04-14,48,Male,Married,Indian,Resident,Salaried,IT Manager,Infosys,Salaried,3886622,20-50L,Postgraduate,6 Gandhi Nagar,Flat 140,Delhi,Delhi,India,110001,9000000615,ankit.naik615@example.com,2020-04-10,Premium,Active,Verified,2026-05-12,High,767,BR025,RM032,Malayalam,SMS,Yes
CUST00616,CIF00000616,Esha,,Wagh,1992-02-23,34,Female,Married,Indian,Resident,Self-employed,Trader,Self Employed,Self-employed,2513674,20-50L,Doctorate,431 Main Street,Plot 255,Noida,Uttar Pradesh,India,201301,9000000616,esha.wagh616@example.com,2021-08-16,Retail,Active,Verified,2025-08-27,Moderate,752,BR025,RM048,Tamil,Mobile App,Yes
CUST00617,CIF00000617,Ashok,,Kaur,2002-11-07,24,Male,Single,Indian,NRI,Salaried,DevOps Engineer,Accenture,Salaried,2000000,20-50L,Postgraduate,735 MG Road,Plot 8,Amravati,Maharashtra,India,444601,9000000617,ashok.kaur617@example.com,2022-09-02,Premium,Active,Verified,2025-04-02,Low,750,BR019,RM010,Odia,Branch,Yes
CUST00618,CIF00000618,Kanchan,,Rane,1971-08-16,55,Female,Married,Indian,Resident,Self-employed,Investment Advisor,Self Employed,Self-employed,3813445,20-50L,Postgraduate,972 Main Street,Flat 130,Nanded,Maharashtra,India,431601,9000000618,kanchan.rane618@example.com,2022-02-14,Premium,Active,Verified,2024-03-03,High,758,BR008,RM048,Bengali,SMS,Yes
CUST00619,CIF00000619,Tanish,,Dhawan,1995-05-27,31,Male,Married,Indian,Resident,Farmer,Horticulture Farmer,Self / Family Farm,Farmer,228607,0-2.5L,Graduate,489 Park Road,Flat 246,Bhubaneswar,Odisha,India,751001,9000000619,tanish.dhawan619@example.com,2020-04-22,Retail,Active,Verified,2024-01-18,Low,755,BR031,RM042,Bengali,Mobile App,Yes
CUST00620,CIF00000620,Aryan,,Mahajan,1971-05-26,55,Male,Divorced,Indian,Resident,Business,Importer,Independent Business,Business,3337511,20-50L,Doctorate,251 Nehru Colony,Plot 477,Ahmedabad,Gujarat,India,380001,9000000620,aryan.mahajan620@example.com,2018-06-24,Business,Active,Verified,2026-03-29,High,835,BR068,RM059,Marathi,Branch,Yes
CUST00621,CIF00000621,Chirag,,Bansal,1963-05-19,63,Male,Married,Indian,Resident,Self-employed,Chartered Accountant,Self Employed,Self-employed,2720459,20-50L,Postgraduate,205 Gandhi Nagar,Flat 432,Mumbai,Maharashtra,India,400001,9000000621,chirag.bansal621@example.com,2017-02-06,Premium,Dormant,Verified,2024-12-31,Moderate,713,BR013,RM025,Bengali,Mobile App,Yes
CUST00622,CIF00000622,Rajesh,,Bhosale,1982-07-28,44,Male,Married,Indian,Resident,Farmer,Agricultural Worker,Self / Family Farm,Farmer,183570,0-2.5L,Higher Secondary,45 Station Road,Flat 274,Dehradun,Uttarakhand,India,248001,9000000622,rajesh.bhosale622@example.com,2017-07-21,Premium,Dormant,Verified,2025-11-28,Low,730,BR071,RM029,Marathi,NetBanking,Yes
CUST00623,CIF00000623,Jai,,Patil,1988-02-26,38,Male,Married,Indian,Resident,Salaried,Data Analyst,Reliance Industries,Salaried,424532,2.5-5L,Postgraduate,257 Nehru Colony,Flat 383,Indore,Madhya Pradesh,India,452001,9000000623,jai.patil623@example.com,2022-03-18,Retail,Active,Verified,2024-02-15,Low,715,BR061,RM045,Tamil,Branch,Yes
CUST00624,CIF00000624,Kamlesh,,Joshi,1983-03-01,43,Male,Married,Indian,Resident,Self-employed,Graphic Designer,Self Employed,Self-employed,409911,2.5-5L,Postgraduate,757 MG Road,Plot 293,Vijayawada,Andhra Pradesh,India,520001,9000000624,kamlesh.joshi624@example.com,2021-06-15,Retail,Active,Verified,2024-06-25,High,675,BR021,RM015,English,Email,Yes
CUST00625,CIF00000625,Hrithik,,Jadhav,1975-05-27,51,Male,Married,Indian,Resident,Salaried,DevOps Engineer,Wipro,Salaried,1088503,10-20L,Doctorate,704 Park Road,Flat 33,Chennai,Tamil Nadu,India,600001,9000000625,hrithik.jadhav625@example.com,2016-04-27,Retail,Active,Verified,2025-01-22,Low,792,BR001,RM011,Telugu,NetBanking,Yes
CUST00626,CIF00000626,Tejas,,Deshmukh,1994-09-19,32,Male,Single,Indian,Resident,Salaried,Data Scientist,Microsoft India,Salaried,1688291,10-20L,Postgraduate,921 Market Road,Plot 454,Indore,Madhya Pradesh,India,452001,9000000626,tejas.deshmukh626@example.com,2022-11-05,Premium,Active,Verified,2025-08-31,Moderate,804,BR069,RM043,Punjabi,Email,Yes
CUST00627,CIF00000627,Meera,,Goswami,1976-02-28,50,Female,Married,Indian,Resident,Business,Retail Business Owner,Startup,Business,1650946,10-20L,Postgraduate,596 MG Road,Plot 65,Kolhapur,Maharashtra,India,416001,9000000627,meera.goswami627@example.com,2023-08-28,Business,Active,Verified,2025-12-18,Moderate,806,BR069,RM055,Hindi,Mobile App,Yes
CUST00628,CIF00000628,Shanti,,Upadhyay,1996-06-17,30,Female,Married,Indian,Resident,Business,Exporter,Startup,Business,4772737,20-50L,Postgraduate,551 MG Road,Flat 171,Dehradun,Uttarakhand,India,248001,9000000628,shanti.upadhyay628@example.com,2017-09-12,Business,Active,Verified,2024-02-15,High,746,BR055,RM032,Gujarati,Mobile App,Yes
CUST00629,CIF00000629,Ansh,,Soman,1984-01-25,42,Male,Married,Indian,Resident,Salaried,Product Manager,Bajaj Finserv,Salaried,1799621,10-20L,Higher Secondary,28 Nehru Colony,Plot 13,Sangli,Maharashtra,India,416416,9000000629,ansh.soman629@example.com,2020-03-02,Retail,Active,Verified,2024-03-26,High,721,BR042,RM011,Odia,Mobile App,Yes
CUST00630,CIF00000630,Girish,,Shetty,2007-09-21,19,Male,Single,Indian,Resident,Student,Student,College / University,Student,28768,0-2.5L,Higher Secondary,297 Nehru Colony,Flat 82,Dehradun,Uttarakhand,India,248001,9000000630,girish.shetty630@example.com,2015-08-23,Retail,Active,Verified,2025-09-06,Low,606,BR074,RM035,Bengali,Mobile App,Yes
CUST00631,CIF00000631,Chirag,,Goswami,1986-11-09,40,Male,Married,Indian,Resident,Self-employed,Graphic Designer,Self Employed,Self-employed,1251544,10-20L,Higher Secondary,908 Station Road,Flat 326,Nagpur,Maharashtra,India,440001,9000000631,chirag.goswami631@example.com,2020-04-04,Retail,Active,Verified,2025-06-12,Moderate,705,BR036,RM034,Marathi,Mobile App,Yes
CUST00632,CIF00000632,Keshav,,Rane,1990-11-16,36,Male,Married,Indian,Resident,Salaried,Product Manager,HCLTech,Salaried,3646152,20-50L,Postgraduate,55 Park Road,Flat 211,Rajkot,Gujarat,India,360001,9000000632,keshav.rane632@example.com,2019-02-08,Retail,Active,Verified,2025-04-16,Moderate,779,BR080,RM023,English,Mobile App,Yes
CUST00633,CIF00000633,Avinash,,Chaudhary,1973-05-28,53,Male,Married,Indian,Resident,Salaried,Senior Software Engineer,Self Employed,Salaried,1058538,10-20L,Graduate,660 Station Road,Flat 243,Bhopal,Madhya Pradesh,India,462001,9000000633,avinash.chaudhary633@example.com,2016-05-23,Retail,Active,Verified,2025-06-12,Moderate,813,BR025,RM025,Gujarati,Mobile App,Yes
CUST00634,CIF00000634,Sumit,,Mahajan,1994-05-06,32,Male,Married,Indian,Resident,Self-employed,Dentist,Self Employed,Self-employed,1193498,10-20L,Postgraduate,22 Station Road,Plot 388,Solapur,Maharashtra,India,413001,9000000634,sumit.mahajan634@example.com,2023-02-21,Retail,Active,Verified,2026-01-12,Moderate,721,BR068,RM028,Gujarati,Email,Yes
CUST00635,CIF00000635,Anika,,Shah,1980-11-12,46,Female,Married,Indian,Resident,Farmer,Dairy Farmer,Self / Family Farm,Farmer,232895,0-2.5L,Higher Secondary,349 Market Road,Plot 151,Sangli,Maharashtra,India,416416,9000000635,anika.shah635@example.com,2018-12-23,Retail,Active,Verified,2026-01-16,Low,715,BR003,RM043,Hindi,Mobile App,Yes
CUST00636,CIF00000636,Mahi,,Malhotra,1972-06-24,54,Female,Married,Indian,Resident,Farmer,Agricultural Worker,Self / Family Farm,Farmer,199029,0-2.5L,Higher Secondary,996 Station Road,Flat 426,Pune,Maharashtra,India,411001,9000000636,mahi.malhotra636@example.com,2023-03-13,Retail,Active,Verified,2024-12-14,Moderate,647,BR005,RM019,Odia,Mobile App,Yes
CUST00637,CIF00000637,Gayatri,,Jain,1965-02-03,61,Female,Married,Indian,Resident,Retired,Retired Professional,Retired,Retired,944622,5-10L,Diploma,97 Gandhi Nagar,Flat 270,Guwahati,Assam,India,781001,9000000637,gayatri.jain637@example.com,2018-07-14,Retail,Active,Verified,2024-05-06,Moderate,793,BR070,RM004,Punjabi,Branch,No
CUST00638,CIF00000638,Anshul,,Yadav,1973-10-25,53,Male,Married,Indian,Resident,Self-employed,Trader,Self Employed,Self-employed,1269250,10-20L,Doctorate,518 Park Road,Plot 168,Akola,Maharashtra,India,444001,9000000638,anshul.yadav638@example.com,2017-07-13,Retail,Dormant,Verified,2025-05-27,High,705,BR053,RM050,Malayalam,Email,Yes
CUST00639,CIF00000639,Abhay,,Gupta,1997-06-16,29,Male,Married,Indian,Resident,Salaried,Doctor,Capgemini,Salaried,923305,5-10L,Postgraduate,653 Gandhi Nagar,Flat 374,Kolkata,West Bengal,India,700001,9000000639,abhay.gupta639@example.com,2021-03-01,Retail,Active,Pending,2024-05-02,Moderate,696,BR054,RM059,English,Mobile App,Yes
CUST00640,CIF00000640,Sourabh,,Patil,1982-04-08,44,Male,Married,Indian,Resident,Business,Retail Business Owner,Family Business,Business,961727,5-10L,Postgraduate,407 Market Road,Flat 430,Thane,Maharashtra,India,400601,9000000640,sourabh.patil640@example.com,2016-05-19,Business,Active,Verified,2025-02-21,Moderate,791,BR025,RM011,Marathi,Mobile App,No
CUST00641,CIF00000641,Anil,,Karnik,1983-12-02,43,Male,Married,Indian,Resident,Salaried,School Teacher,Wipro,Salaried,554098,5-10L,Graduate,850 Main Street,Plot 399,Navi Mumbai,Maharashtra,India,400703,9000000641,anil.karnik641@example.com,2022-10-19,Retail,Active,Verified,2026-08-16,Moderate,775,BR051,RM028,Kannada,NetBanking,No
CUST00642,CIF00000642,Arjun,,Dhawan,1977-07-05,49,Male,Divorced,Indian,Resident,Business,Construction Business Owner,Family Business,Business,3602933,20-50L,Postgraduate,702 Park Road,Flat 482,Mangaluru,Karnataka,India,575001,9000000642,arjun.dhawan642@example.com,2024-12-03,Business,Active,Verified,2024-06-28,Moderate,766,BR028,RM017,Telugu,SMS,Yes
CUST00643,CIF00000643,Nisha,,Suresh,1962-05-24,64,Female,Married,Indian,Resident,Self-employed,Chartered Accountant,Self Employed,Self-employed,1416229,10-20L,Postgraduate,987 MG Road,Flat 156,Patna,Bihar,India,800001,9000000643,nisha.suresh643@example.com,2021-04-18,Retail,Active,Verified,2025-06-24,Moderate,782,BR058,RM050,Gujarati,Email,Yes
CUST00644,CIF00000644,Balram,,Suresh,1971-10-27,55,Male,Married,Indian,Resident,Business,Transport Business Owner,Independent Business,Business,2345005,20-50L,Postgraduate,49 Market Road,Flat 290,Hyderabad,Telangana,India,500001,9000000644,balram.suresh644@example.com,2023-02-12,Business,Active,Verified,2024-10-23,Moderate,715,BR037,RM037,Marathi,Mobile App,No
CUST00645,CIF00000645,Harini,,Upadhyay,1979-05-27,47,Female,Married,Indian,Resident,Self-employed,Graphic Designer,Self Employed,Self-employed,1785905,10-20L,Postgraduate,566 Gandhi Nagar,Plot 308,Visakhapatnam,Andhra Pradesh,India,530001,9000000645,harini.upadhyay645@example.com,2022-01-07,Retail,Active,Verified,2026-02-18,Moderate,753,BR059,RM006,Malayalam,Mobile App,Yes
CUST00646,CIF00000646,Ragini,,Pillai,1968-03-07,58,Female,Married,Indian,Resident,Business,Restaurant Owner,Family Business,Business,1521029,10-20L,Graduate,111 Station Road,Plot 414,Visakhapatnam,Andhra Pradesh,India,530001,9000000646,ragini.pillai646@example.com,2020-08-11,Business,Active,Verified,2024-05-24,Moderate,813,BR056,RM026,Punjabi,Email,Yes
CUST00647,CIF00000647,Tanay,,Yadav,1969-04-17,57,Male,Married,Indian,Resident,Business,Manufacturer,Startup,Business,5167623,50L-1Cr,Doctorate,622 Station Road,Flat 340,Sangli,Maharashtra,India,416416,9000000647,tanay.yadav647@example.com,2025-11-26,Business,Active,Verified,2024-09-06,Moderate,743,BR067,RM009,Odia,Mobile App,Yes
CUST00648,CIF00000648,Neel,,Agarwal,1978-10-25,48,Male,Widowed,Indian,Resident,Farmer,Horticulture Farmer,Self / Family Farm,Farmer,545191,5-10L,Diploma,368 Market Road,Plot 223,Gurgaon,Haryana,India,122001,9000000648,neel.agarwal648@example.com,2021-05-08,Retail,Active,Verified,2025-07-17,Moderate,731,BR049,RM037,Kannada,SMS,Yes
CUST00649,CIF00000649,Jai,,Ahire,1977-05-13,49,Male,Divorced,Indian,Resident,Salaried,Defence Personnel,PwC India,Salaried,353025,2.5-5L,Postgraduate,555 Station Road,Flat 408,Latur,Maharashtra,India,413512,9000000649,jai.ahire649@example.com,2024-01-20,Retail,Active,Verified,2024-10-05,High,707,BR006,RM055,English,Mobile App,Yes
CUST00650,CIF00000650,Balram,,Kale,1972-04-27,54,Male,Married,Indian,Resident,Salaried,Software Engineer,HCLTech,Salaried,935342,5-10L,Graduate,627 Main Street,Plot 422,Kanpur,Uttar Pradesh,India,208001,9000000650,balram.kale650@example.com,2016-04-23,Premium,Active,Verified,2024-03-08,Moderate,786,BR049,RM034,English,Mobile App,Yes
CUST00651,CIF00000651,Anika,,Mehta,2000-01-24,26,Female,Married,Indian,Resident,Business,Restaurant Owner,Private Company,Business,1074009,10-20L,Postgraduate,378 Station Road,Plot 139,Indore,Madhya Pradesh,India,452001,9000000651,anika.mehta651@example.com,2020-11-07,Business,Active,Verified,2025-03-29,High,725,BR077,RM019,Kannada,NetBanking,Yes
CUST00652,CIF00000652,Sunita,,Gandhi,1978-03-19,48,Female,Married,Indian,Resident,Business,Importer,Independent Business,Business,6632056,50L-1Cr,Doctorate,717 Market Road,Flat 399,Noida,Uttar Pradesh,India,201301,9000000652,sunita.gandhi652@example.com,2016-01-13,Premium,Active,Verified,2025-06-20,High,835,BR069,RM017,Hindi,Branch,No
CUST00653,CIF00000653,Harshad,,Sarkar,1990-03-22,36,Male,Married,Indian,Resident,Self-employed,Doctor,Self Employed,Self-employed,3435701,20-50L,Postgraduate,105 MG Road,Plot 1,Bengaluru,Karnataka,India,560001,9000000653,harshad.sarkar653@example.com,2025-04-09,Premium,Active,Verified,2025-03-08,Low,791,BR031,RM053,Malayalam,Mobile App,No
CUST00654,CIF00000654,Aradhana,,Shah,1968-03-28,58,Female,Married,Indian,Resident,Salaried,Mechanical Engineer,Accenture,Salaried,1203444,10-20L,Postgraduate,593 Main Street,Flat 443,Mangaluru,Karnataka,India,575001,9000000654,aradhana.shah654@example.com,2024-12-30,Retail,Active,Verified,2026-04-17,Moderate,785,BR013,RM028,Tamil,Mobile App,Yes
CUST00655,CIF00000655,Keshav,,Salunke,1982-02-01,44,Male,Married,Indian,Resident,Salaried,Doctor,Deloitte,Salaried,1652412,10-20L,Postgraduate,854 Station Road,Plot 450,Dehradun,Uttarakhand,India,248001,9000000655,keshav.salunke655@example.com,2025-02-24,Retail,Active,Verified,2025-07-03,Moderate,759,BR024,RM007,Odia,NetBanking,Yes
CUST00656,CIF00000656,Charita,,Tripathi,1973-09-06,53,Female,Married,Indian,Resident,Salaried,Government Employee,Central Government,Salaried,1122497,10-20L,Diploma,557 Gandhi Nagar,Plot 210,Kolhapur,Maharashtra,India,416001,9000000656,charita.tripathi656@example.com,2024-09-19,Retail,Active,Verified,2026-02-07,High,805,BR058,RM048,English,Mobile App,Yes
CUST00657,CIF00000657,Mahima,,Dixit,2001-03-03,25,Female,Single,Indian,Resident,Salaried,School Teacher,Aditya Birla Group,Salaried,411109,2.5-5L,Graduate,675 Nehru Colony,Flat 115,Patna,Bihar,India,800001,9000000657,mahima.dixit657@example.com,2020-10-23,Retail,Active,Verified,2024-06-12,Low,739,BR012,RM026,Odia,Email,Yes
CUST00658,CIF00000658,Aakanksha,,Naik,1976-08-25,50,Female,Married,Indian,Resident,Salaried,Government Employee,Accenture,Salaried,409996,2.5-5L,Postgraduate,609 MG Road,Flat 274,Bhopal,Madhya Pradesh,India,462001,9000000658,aakanksha.naik658@example.com,2020-11-11,Retail,Active,Verified,2025-03-16,High,723,BR080,RM039,Malayalam,Mobile App,Yes
CUST00659,CIF00000659,Darshan,,Dubey,2002-12-09,24,Male,Married,Indian,Resident,Farmer,Horticulture Farmer,Self / Family Farm,Farmer,526102,5-10L,Postgraduate,520 Main Street,Plot 153,Nagpur,Maharashtra,India,440001,9000000659,darshan.dubey659@example.com,2022-10-04,Retail,Active,Verified,2026-01-23,Moderate,678,BR079,RM033,Malayalam,Branch,Yes
CUST00660,CIF00000660,Neel,,Narayan,1970-08-07,56,Male,Married,Indian,Resident,Salaried,School Teacher,Municipal Corporation,Salaried,772188,5-10L,Graduate,553 Nehru Colony,Plot 96,Nagpur,Maharashtra,India,440001,9000000660,neel.narayan660@example.com,2016-01-11,Retail,Active,Verified,2024-10-08,Low,725,BR049,RM050,Hindi,Mobile App,No
CUST00661,CIF00000661,Vishal,,Singh,1973-04-16,53,Male,Married,Indian,Resident,Business,Retail Business Owner,Independent Business,Business,2092602,20-50L,Postgraduate,768 MG Road,Plot 273,Solapur,Maharashtra,India,413001,9000000661,vishal.singh661@example.com,2020-07-29,Premium,Active,Verified,2025-02-12,High,791,BR024,RM044,Odia,Mobile App,Yes
CUST00662,CIF00000662,Akanksha,,Mahajan,1962-05-18,64,Female,Married,Indian,Resident,Farmer,Horticulture Farmer,Self / Family Farm,Farmer,549089,5-10L,Diploma,181 Nehru Colony,Plot 437,Kanpur,Uttar Pradesh,India,208001,9000000662,akanksha.mahajan662@example.com,2021-12-12,Retail,Active,Verified,2026-08-14,Moderate,704,BR068,RM026,Bengali,Branch,Yes
CUST00663,CIF00000663,Bhavesh,,Nayak,1986-04-28,40,Male,Widowed,Indian,Resident,Self-employed,Graphic Designer,Self Employed,Self-employed,589417,5-10L,Postgraduate,964 Station Road,Flat 462,Sangli,Maharashtra,India,416416,9000000663,bhavesh.nayak663@example.com,2022-08-31,Retail,Active,Verified,2024-12-14,High,748,BR052,RM011,Tamil,Email,Yes
CUST00664,CIF00000664,Deepa,,Srivastava,1974-11-12,52,Female,Married,Indian,Resident,Business,Medium Business Owner,Private Company,Business,6584642,50L-1Cr,Postgraduate,105 Station Road,Plot 482,Kolkata,West Bengal,India,700001,9000000664,deepa.srivastava664@example.com,2016-12-04,Premium,Active,Verified,2025-02-04,High,791,BR048,RM024,English,Mobile App,No
CUST00665,CIF00000665,Palak,,Kumar,2003-09-27,23,Female,Single,Indian,Resident,Student,Student,College / University,Student,1024,0-2.5L,Higher Secondary,591 MG Road,Plot 58,Patna,Bihar,India,800001,9000000665,palak.kumar665@example.com,2018-03-22,Retail,Active,Verified,2024-06-17,Moderate,666,BR007,RM013,Malayalam,Mobile App,Yes
CUST00666,CIF00000666,Ragini,,Karnik,1996-04-24,30,Female,Married,Indian,Resident,Self-employed,Lawyer,Self Employed,Self-employed,1321505,10-20L,Postgraduate,178 Main Street,Plot 110,Hyderabad,Telangana,India,500001,9000000666,ragini.karnik666@example.com,2015-12-28,Premium,Active,Verified,2026-05-16,Low,741,BR068,RM007,Gujarati,SMS,Yes
CUST00667,CIF00000667,Vineeta,,Modi,1979-10-17,47,Female,Married,Indian,Resident,Salaried,Senior Software Engineer,Cognizant,Salaried,1914654,10-20L,Graduate,971 MG Road,Plot 269,Gurgaon,Haryana,India,122001,9000000667,vineeta.modi667@example.com,2018-03-07,Retail,Active,Verified,2026-01-20,Low,798,BR017,RM049,Bengali,Mobile App,Yes
CUST00668,CIF00000668,Aradhana,,Karnik,1971-06-28,55,Female,Married,Indian,Resident,Farmer,Farmer,Self / Family Farm,Farmer,372450,2.5-5L,Higher Secondary,792 Market Road,Flat 406,Jaipur,Rajasthan,India,302001,9000000668,aradhana.karnik668@example.com,2024-12-25,Premium,Active,Verified,2024-10-13,High,655,BR039,RM056,Marathi,NetBanking,Yes
CUST00669,CIF00000669,Nisha,,Nair,1977-03-17,49,Female,Married,Indian,Resident,Salaried,HR Manager,Central Government,Salaried,986392,5-10L,Postgraduate,132 Main Street,Plot 467,Kolkata,West Bengal,India,700001,9000000669,nisha.nair669@example.com,2025-10-25,Retail,Active,Verified,2025-12-10,Moderate,726,BR055,RM022,English,Email,Yes
CUST00670,CIF00000670,Akash,,Bhosale,1989-06-03,37,Male,Married,Indian,Resident,Salaried,Product Manager,Microsoft India,Salaried,3062393,20-50L,Postgraduate,214 MG Road,Flat 247,Vijayawada,Andhra Pradesh,India,520001,9000000670,akash.bhosale670@example.com,2015-10-25,Premium,Active,Verified,2025-10-10,High,770,BR055,RM036,Marathi,SMS,Yes
CUST00671,CIF00000671,Jiya,,Mane,1971-11-26,55,Female,Married,Indian,Resident,Farmer,Farmer,Self / Family Farm,Farmer,403437,2.5-5L,Higher Secondary,452 Gandhi Nagar,Plot 330,Vijayawada,Andhra Pradesh,India,520001,9000000671,jiya.mane671@example.com,2023-01-14,Retail,Active,Verified,2024-05-12,Moderate,745,BR047,RM055,Malayalam,Email,No
CUST00672,CIF00000672,Sarthak,,Mane,1994-01-21,32,Male,Married,Indian,Resident,Salaried,Doctor,Cognizant,Salaried,5210962,50L-1Cr,Postgraduate,313 Market Road,Flat 194,Mysuru,Karnataka,India,570001,9000000672,sarthak.mane672@example.com,2023-04-07,Premium,Active,Verified,2025-06-16,Moderate,757,BR032,RM027,Tamil,Mobile App,Yes
CUST00673,CIF00000673,Vishal,,Narayan,1994-06-18,32,Male,Single,Indian,Resident,Salaried,Software Engineer,DRDO,Salaried,1389144,10-20L,Graduate,643 Main Street,Flat 195,Wardha,Maharashtra,India,442001,9000000673,vishal.narayan673@example.com,2016-12-25,Premium,Active,Verified,2024-02-03,Moderate,800,BR042,RM010,Punjabi,NetBanking,Yes
CUST00674,CIF00000674,Lakshmi,,Suresh,1992-08-26,34,Female,Married,Indian,Resident,Self-employed,Dentist,Self Employed,Self-employed,2246245,20-50L,Postgraduate,735 Gandhi Nagar,Flat 290,Mysuru,Karnataka,India,570001,9000000674,lakshmi.suresh674@example.com,2025-10-08,Retail,Active,Verified,2026-05-07,Low,715,BR004,RM021,Marathi,NetBanking,Yes
CUST00675,CIF00000675,Tanish,,Gokhale,2002-04-26,24,Male,Single,Indian,Resident,Student,Student,College / University,Student,21427,0-2.5L,Higher Secondary,592 Nehru Colony,Plot 105,Vijayawada,Andhra Pradesh,India,520001,9000000675,tanish.gokhale675@example.com,2018-05-26,Retail,Active,Verified,2024-09-30,Moderate,660,BR054,RM008,Bengali,Mobile App,Yes
CUST00676,CIF00000676,Shruti,,Singh,1973-08-20,53,Female,Married,Indian,Resident,Salaried,Doctor,Flipkart,Salaried,3391377,20-50L,Postgraduate,845 Nehru Colony,Plot 225,Pune,Maharashtra,India,411001,9000000676,shruti.singh676@example.com,2024-09-14,Premium,Active,Verified,2025-03-26,Moderate,772,BR009,RM011,English,Email,Yes
CUST00677,CIF00000677,Sonali,,Sonawane,1968-11-25,58,Female,Married,Indian,Resident,Retired,Retired Professional,Retired,Retired,649287,5-10L,Higher Secondary,996 MG Road,Flat 187,Rajkot,Gujarat,India,360001,9000000677,sonali.sonawane677@example.com,2025-09-01,Premium,Active,Verified,2026-06-02,Moderate,751,BR007,RM036,Gujarati,Branch,Yes
CUST00678,CIF00000678,Mihir,,Suresh,1975-04-21,51,Male,Married,Indian,Resident,Salaried,Mechanical Engineer,Amazon India,Salaried,1567633,10-20L,Graduate,548 Park Road,Plot 409,Visakhapatnam,Andhra Pradesh,India,530001,9000000678,mihir.suresh678@example.com,2022-10-10,Retail,Active,Verified,2026-04-13,High,794,BR006,RM013,English,Email,Yes
CUST00679,CIF00000679,Gayatri,,Pillai,1968-03-21,58,Female,Married,Indian,Resident,Business,Shop Owner,Private Company,Business,2886911,20-50L,Diploma,592 Station Road,Plot 374,Kochi,Kerala,India,682001,9000000679,gayatri.pillai679@example.com,2016-10-29,Premium,Active,Verified,2025-11-10,Moderate,726,BR004,RM006,Tamil,Email,Yes
CUST00680,CIF00000680,Sakshi,,Solanki,1986-11-05,40,Female,Married,Indian,Resident,Self-employed,Chartered Accountant,Self Employed,Self-employed,841208,5-10L,Postgraduate,750 Station Road,Flat 81,Thiruvananthapuram,Kerala,India,695001,9000000680,sakshi.solanki680@example.com,2022-09-14,Retail,Active,Verified,2025-12-18,Moderate,755,BR059,RM027,Bengali,Mobile App,Yes
CUST00681,CIF00000681,Aman,,Dhawan,1999-12-17,27,Male,Single,Indian,Resident,Business,Retail Business Owner,Private Company,Business,643131,5-10L,Graduate,779 Park Road,Plot 102,Bhopal,Madhya Pradesh,India,462001,9000000681,aman.dhawan681@example.com,2015-06-21,Business,Active,Verified,2024-08-07,Low,695,BR005,RM019,Punjabi,Mobile App,Yes
CUST00682,CIF00000682,Kavya,,Jain,1993-09-22,33,Female,Married,Indian,Resident,Salaried,Government Employee,Self Employed,Salaried,727462,5-10L,Graduate,405 Gandhi Nagar,Flat 473,Nanded,Maharashtra,India,431601,9000000682,kavya.jain682@example.com,2016-02-29,Retail,Active,Verified,2025-11-11,Moderate,699,BR042,RM009,Marathi,Mobile App,Yes
CUST00683,CIF00000683,Aradhana,,Bansal,1967-04-23,59,Female,Widowed,Indian,Resident,Farmer,Farmer,Self / Family Farm,Farmer,181530,0-2.5L,Higher Secondary,683 Market Road,Flat 66,Lucknow,Uttar Pradesh,India,226001,9000000683,aradhana.bansal683@example.com,2018-12-04,Retail,Active,Verified,2026-04-23,Moderate,717,BR003,RM050,Hindi,NetBanking,Yes
CUST00684,CIF00000684,Aparna,,Garg,1977-12-25,49,Female,Married,Indian,Resident,Self-employed,Architect,Self Employed,Self-employed,2105822,20-50L,Doctorate,160 MG Road,Flat 247,Dehradun,Uttarakhand,India,248001,9000000684,aparna.garg684@example.com,2018-06-11,Retail,Active,Verified,2025-01-05,Low,797,BR079,RM011,Bengali,Mobile App,Yes
CUST00685,CIF00000685,Ishita,,Chakraborty,1979-09-21,47,Female,Widowed,Indian,Resident,Salaried,IT Manager,Central Government,Salaried,1758027,10-20L,Doctorate,968 MG Road,Flat 134,Yavatmal,Maharashtra,India,445001,9000000685,ishita.chakraborty685@example.com,2019-10-12,Retail,Active,Verified,2026-06-18,Moderate,810,BR001,RM015,Tamil,Mobile App,Yes
CUST00686,CIF00000686,Atharv,,Bansal,1979-06-12,47,Male,Married,Indian,Resident,Business,Retail Business Owner,Independent Business,Business,2481998,20-50L,Postgraduate,292 Park Road,Plot 485,Sangli,Maharashtra,India,416416,9000000686,atharv.bansal686@example.com,2023-10-28,Business,Active,Verified,2024-04-18,Moderate,739,BR018,RM054,Tamil,NetBanking,Yes
CUST00687,CIF00000687,Aryan,,Bhosale,1997-03-14,29,Male,Single,Indian,Resident,Salaried,Defence Personnel,State Government,Salaried,519579,5-10L,Diploma,529 MG Road,Flat 265,Hyderabad,Telangana,India,500001,9000000687,aryan.bhosale687@example.com,2021-03-18,Retail,Active,Verified,2025-01-10,Moderate,709,BR058,RM007,Marathi,Email,Yes
CUST00688,CIF00000688,Rohit,,Chakraborty,1992-06-17,34,Male,Single,Indian,Resident,Salaried,Civil Engineer,HCLTech,Salaried,1466114,10-20L,Doctorate,977 Main Street,Flat 103,Chandigarh,Chandigarh,India,160001,9000000688,rohit.chakraborty688@example.com,2020-03-07,Premium,Active,Verified,2025-12-21,Low,791,BR026,RM002,English,Mobile App,Yes
CUST00689,CIF00000689,Sagar,,Srivastava,1961-04-20,65,Male,Married,Indian,Resident,Farmer,Agricultural Worker,Self / Family Farm,Farmer,153148,0-2.5L,Higher Secondary,413 Station Road,Plot 471,Wardha,Maharashtra,India,442001,9000000689,sagar.srivastava689@example.com,2017-11-05,Retail,Active,Verified,2026-05-08,Low,747,BR056,RM057,Kannada,Branch,Yes
CUST00690,CIF00000690,Ankit,,Nayak,1971-10-01,55,Male,Divorced,Indian,Resident,Business,Business Owner,Family Business,Business,1488930,10-20L,Graduate,774 MG Road,Plot 26,Osmanabad,Maharashtra,India,413501,9000000690,ankit.nayak690@example.com,2015-08-24,Business,Active,Verified,2025-04-23,Moderate,734,BR016,RM059,Tamil,Mobile App,Yes
CUST00691,CIF00000691,Ragini,,Karnik,1969-05-20,57,Female,Married,Indian,Resident,Salaried,Government Employee,Reliance Industries,Salaried,371245,2.5-5L,Graduate,624 Market Road,Flat 302,Visakhapatnam,Andhra Pradesh,India,530001,9000000691,ragini.karnik691@example.com,2021-06-09,Retail,Active,Verified,2026-04-21,Moderate,640,BR064,RM060,Kannada,Mobile App,Yes
CUST00692,CIF00000692,Riya,,Kale,1992-03-07,34,Female,Single,Indian,Resident,Business,Shop Owner,Independent Business,Business,2343001,20-50L,Doctorate,497 Main Street,Plot 249,Latur,Maharashtra,India,413512,9000000692,riya.kale692@example.com,2021-10-05,Premium,Active,Verified,2024-08-26,Low,771,BR023,RM049,Telugu,Branch,Yes
CUST00693,CIF00000693,Nirav,,Upadhyay,1997-08-02,29,Male,Single,Indian,Resident,Salaried,Defence Personnel,Flipkart,Salaried,570102,5-10L,Higher Secondary,528 Park Road,Plot 277,Mumbai,Maharashtra,India,400001,9000000693,nirav.upadhyay693@example.com,2016-11-07,Retail,Active,Verified,2025-02-24,High,793,BR008,RM054,Marathi,Email,Yes
CUST00694,CIF00000694,Mayank,,Desai,1970-03-04,56,Male,Married,Indian,Resident,Farmer,Farmer,Self / Family Farm,Farmer,574778,5-10L,Higher Secondary,86 Park Road,Plot 375,Navi Mumbai,Maharashtra,India,400703,9000000694,mayank.desai694@example.com,2022-09-04,Retail,Active,Verified,2025-08-24,High,751,BR038,RM060,Odia,NetBanking,Yes
CUST00695,CIF00000695,Sumit,,Kumar,1996-06-15,30,Male,Married,Indian,Resident,Salaried,Researcher,Axis Bank,Salaried,737046,5-10L,Doctorate,955 MG Road,Flat 32,Chandigarh,Chandigarh,India,160001,9000000695,sumit.kumar695@example.com,2020-11-07,Retail,Active,Verified,2024-02-17,Low,745,BR054,RM031,Telugu,Branch,Yes
CUST00696,CIF00000696,Eshan,,Iyer,1999-05-26,27,Male,Married,Indian,Resident,Self-employed,Investment Advisor,Self Employed,Self-employed,2056427,20-50L,Postgraduate,170 Market Road,Plot 287,Navi Mumbai,Maharashtra,India,400703,9000000696,eshan.iyer696@example.com,2022-06-29,Retail,Active,Verified,2026-01-13,Moderate,710,BR051,RM038,Odia,NetBanking,No
CUST00697,CIF00000697,Sana,,Reddy,1997-11-08,29,Female,Single,Indian,Resident,Salaried,Senior Software Engineer,IBM India,Salaried,1417445,10-20L,Graduate,182 Park Road,Flat 458,Wardha,Maharashtra,India,442001,9000000697,sana.reddy697@example.com,2023-11-11,Retail,Active,Verified,2024-08-17,Moderate,774,BR043,RM047,Kannada,Mobile App,Yes
CUST00698,CIF00000698,Ragini,,Pradhan,1996-09-10,30,Female,Married,Indian,Resident,Self-employed,Chartered Accountant,Self Employed,Self-employed,4336909,20-50L,Postgraduate,156 MG Road,Flat 79,Surat,Gujarat,India,395001,9000000698,ragini.pradhan698@example.com,2019-03-22,Premium,Active,Verified,2024-05-25,High,789,BR021,RM060,Telugu,Mobile App,Yes
CUST00699,CIF00000699,Tanay,,Malhotra,1996-05-13,30,Male,Married,Indian,Resident,Salaried,Government Employee,Microsoft India,Salaried,250359,2.5-5L,Graduate,492 Station Road,Plot 386,Visakhapatnam,Andhra Pradesh,India,530001,9000000699,tanay.malhotra699@example.com,2017-12-25,Retail,Active,Verified,2024-03-10,Low,708,BR055,RM002,Punjabi,Mobile App,Yes
CUST00700,CIF00000700,Om,,Chavan,1991-06-06,35,Male,Married,Indian,Resident,Salaried,Doctor,EY India,Salaried,5719901,50L-1Cr,Postgraduate,255 MG Road,Plot 165,Yavatmal,Maharashtra,India,445001,9000000700,om.chavan700@example.com,2024-03-15,Premium,Active,Verified,2024-12-06,Moderate,766,BR003,RM059,Marathi,Email,Yes
CUST00701,CIF00000701,Sneha,,Menon,1988-02-16,38,Female,Married,Indian,Resident,Salaried,Mechanical Engineer,Wipro,Salaried,661240,5-10L,Graduate,774 Gandhi Nagar,Flat 467,Bhubaneswar,Odisha,India,751001,9000000701,sneha.menon701@example.com,2024-10-15,Retail,Active,Verified,2025-06-12,Moderate,704,BR017,RM045,Tamil,Email,Yes
CUST00702,CIF00000702,Aarav,,Rao,1969-07-21,57,Male,Married,Indian,Resident,Salaried,Civil Engineer,State Government,Salaried,785052,5-10L,Postgraduate,386 Main Street,Flat 316,Navi Mumbai,Maharashtra,India,400703,9000000702,aarav.rao702@example.com,2020-10-18,Premium,Active,Verified,2026-07-26,Moderate,788,BR032,RM045,Punjabi,SMS,Yes
CUST00703,CIF00000703,Kajal,,Sinha,1985-11-06,41,Female,Married,Indian,Resident,Self-employed,Investment Advisor,Self Employed,Self-employed,1557456,10-20L,Postgraduate,60 Nehru Colony,Plot 245,Vijayawada,Andhra Pradesh,India,520001,9000000703,kajal.sinha703@example.com,2018-07-08,Retail,Dormant,Verified,2026-08-09,Low,802,BR049,RM057,English,NetBanking,Yes
CUST00704,CIF00000704,Yuvraj,,Chopra,1968-03-04,58,Male,Married,Indian,Resident,Salaried,Professor,Family Business,Salaried,849744,5-10L,Postgraduate,528 Market Road,Flat 191,Kolhapur,Maharashtra,India,416001,9000000704,yuvraj.chopra704@example.com,2024-01-21,Retail,Active,Verified,2024-01-08,Moderate,730,BR007,RM002,Punjabi,Mobile App,Yes
CUST00705,CIF00000705,Trisha,,Gandhi,1988-07-16,38,Female,Widowed,Indian,Resident,Self-employed,Consultant,Self Employed,Self-employed,1350476,10-20L,Postgraduate,421 MG Road,Flat 224,Kanpur,Uttar Pradesh,India,208001,9000000705,trisha.gandhi705@example.com,2022-08-27,Premium,Active,Verified,2026-03-20,High,810,BR040,RM021,Kannada,SMS,Yes
CUST00706,CIF00000706,Sneha,,Saini,1998-06-09,28,Female,Married,Indian,Resident,Salaried,Finance Manager,Microsoft India,Salaried,1298957,10-20L,Graduate,819 Park Road,Plot 402,Vadodara,Gujarat,India,390001,9000000706,sneha.saini706@example.com,2017-02-26,Retail,Active,Verified,2026-02-27,Moderate,800,BR054,RM022,Tamil,Mobile App,Yes
CUST00707,CIF00000707,Riddhi,,Naik,1982-08-14,44,Female,Married,Indian,Resident,Business,Business Owner,Startup,Business,1360085,10-20L,Doctorate,988 Park Road,Plot 243,Mumbai,Maharashtra,India,400001,9000000707,riddhi.naik707@example.com,2016-10-18,Business,Active,Verified,2024-11-19,Low,809,BR079,RM005,Kannada,Mobile App,Yes
CUST00708,CIF00000708,Divyansh,,Malhotra,1998-09-01,28,Male,Married,Indian,Resident,Business,Manufacturer,Family Business,Business,1387134,10-20L,Doctorate,111 Park Road,Flat 203,Ranchi,Jharkhand,India,834001,9000000708,divyansh.malhotra708@example.com,2023-12-09,Business,Active,Verified,2025-07-26,High,766,BR017,RM013,Hindi,Mobile App,Yes
CUST00709,CIF00000709,Mihika,,Ahire,1984-04-17,42,Female,Married,Indian,Resident,Homemaker,Homemaker,Not Applicable,Homemaker,58473,0-2.5L,Higher Secondary,258 Station Road,Plot 453,Wardha,Maharashtra,India,442001,9000000709,mihika.ahire709@example.com,2017-12-13,Retail,Active,Verified,2024-12-20,Low,662,BR076,RM047,Kannada,Mobile App,Yes
CUST00710,CIF00000710,Vishal,,Suresh,1994-06-26,32,Male,Single,Indian,Resident,Salaried,Bank Employee,Tech Mahindra,Salaried,686395,5-10L,Doctorate,771 Main Street,Flat 347,Ranchi,Jharkhand,India,834001,9000000710,vishal.suresh710@example.com,2016-05-20,Retail,Active,Verified,2025-10-30,Moderate,765,BR048,RM019,Odia,NetBanking,Yes
CUST00711,CIF00000711,Harsh,,Chavan,1992-02-15,34,Male,Single,Indian,Resident,Salaried,Cloud Engineer,Independent Consultant,Salaried,1446609,10-20L,Postgraduate,449 Nehru Colony,Flat 106,Chandigarh,Chandigarh,India,160001,9000000711,harsh.chavan711@example.com,2021-11-23,Retail,Active,Verified,2025-10-18,High,797,BR022,RM032,Marathi,Email,Yes
CUST00712,CIF00000712,Sanjana,,Gokhale,1974-05-11,52,Female,Married,Indian,Resident,Self-employed,Graphic Designer,Self Employed,Self-employed,981616,5-10L,Postgraduate,732 Gandhi Nagar,Flat 198,Akola,Maharashtra,India,444001,9000000712,sanjana.gokhale712@example.com,2023-12-26,Retail,Active,Verified,2024-08-23,Moderate,788,BR042,RM047,Malayalam,Branch,Yes
CUST00713,CIF00000713,Mohit,,Yadav,1983-05-17,43,Male,Married,Indian,Resident,Farmer,Horticulture Farmer,Self / Family Farm,Farmer,524475,5-10L,Graduate,927 MG Road,Plot 177,Vadodara,Gujarat,India,390001,9000000713,mohit.yadav713@example.com,2024-08-14,Retail,Dormant,Verified,2024-09-17,Moderate,646,BR047,RM017,Tamil,Mobile App,Yes
CUST00714,CIF00000714,Sanjay,,Chaudhary,1991-11-09,35,Male,Married,Indian,Resident,Salaried,Civil Engineer,Bajaj Finserv,Salaried,1344423,10-20L,Postgraduate,896 Market Road,Plot 412,Amritsar,Punjab,India,143001,9000000714,sanjay.chaudhary714@example.com,2017-09-13,Retail,Active,Verified,2025-08-23,Low,782,BR068,RM033,Marathi,NetBanking,Yes
CUST00715,CIF00000715,Pranav,,Modi,1996-12-13,30,Male,Married,Indian,Resident,Salaried,Mechanical Engineer,Flipkart,Salaried,1405251,10-20L,Postgraduate,728 Main Street,Flat 68,Chandigarh,Chandigarh,India,160001,9000000715,pranav.modi715@example.com,2019-03-24,Premium,Active,Verified,2025-10-26,Low,729,BR029,RM038,Bengali,Email,Yes
CUST00716,CIF00000716,Keshav,,Trivedi,1995-09-02,31,Male,Married,Indian,Resident,Self-employed,Content Creator,Self Employed,Self-employed,436411,2.5-5L,Graduate,729 Market Road,Flat 109,Nanded,Maharashtra,India,431601,9000000716,keshav.trivedi716@example.com,2015-05-04,Retail,Active,Verified,2026-04-15,Moderate,690,BR015,RM001,Marathi,Mobile App,Yes
CUST00717,CIF00000717,Abhishek,,Chaudhary,1980-02-01,46,Male,Married,Indian,Resident,Business,Entrepreneur,Family Business,Business,4869741,20-50L,Postgraduate,561 MG Road,Plot 97,New Delhi,Delhi,India,110011,9000000717,abhishek.chaudhary717@example.com,2024-06-07,Business,Active,Verified,2024-10-22,High,820,BR008,RM059,Gujarati,Email,Yes
CUST00718,CIF00000718,Kalpana,,Kaur,1999-07-28,27,Female,Married,Indian,Resident,Business,Restaurant Owner,Family Business,Business,1636549,10-20L,Graduate,603 Main Street,Plot 405,Nashik,Maharashtra,India,422001,9000000718,kalpana.kaur718@example.com,2023-10-13,Business,Active,Verified,2026-01-20,Moderate,796,BR003,RM030,Kannada,Mobile App,Yes
CUST00719,CIF00000719,Sarthak,,Malhotra,1977-01-21,49,Male,Married,Indian,Resident,Homemaker,Homemaker,Not Applicable,Homemaker,57348,0-2.5L,Higher Secondary,403 Main Street,Flat 45,Kolkata,West Bengal,India,700001,9000000719,sarthak.malhotra719@example.com,2022-09-23,Retail,Active,Verified,2026-07-02,Moderate,631,BR029,RM019,English,Mobile App,Yes
CUST00720,CIF00000720,Ankita,,Rao,1987-07-18,39,Female,Married,Indian,Resident,Business,Retail Business Owner,Independent Business,Business,2994654,20-50L,Postgraduate,744 Market Road,Flat 208,Guwahati,Assam,India,781001,9000000720,ankita.rao720@example.com,2021-04-19,Business,Active,Verified,2026-03-14,Moderate,797,BR002,RM034,Gujarati,Mobile App,Yes
CUST00721,CIF00000721,Yash,,Sonawane,1977-07-01,49,Male,Married,Indian,Resident,Salaried,Marketing Manager,HDFC Bank,Salaried,1417737,10-20L,Postgraduate,710 Market Road,Flat 12,Thane,Maharashtra,India,400601,9000000721,yash.sonawane721@example.com,2024-01-02,Retail,Active,Verified,2026-06-21,Moderate,775,BR046,RM030,Odia,SMS,Yes
CUST00722,CIF00000722,Shrey,,Ahire,1999-02-15,27,Male,Single,Indian,Resident,Salaried,Researcher,Tech Mahindra,Salaried,690086,5-10L,Doctorate,499 Park Road,Flat 47,Visakhapatnam,Andhra Pradesh,India,530001,9000000722,shrey.ahire722@example.com,2025-07-20,Retail,Active,Verified,2024-10-30,Moderate,689,BR050,RM039,Marathi,NetBanking,Yes
CUST00723,CIF00000723,Chetan,,Malhotra,1979-05-24,47,Male,Married,Indian,Resident,Salaried,Data Scientist,ISRO,Salaried,1377852,10-20L,Postgraduate,749 Main Street,Flat 68,Mysuru,Karnataka,India,570001,9000000723,chetan.malhotra723@example.com,2018-10-01,Retail,Active,Verified,2025-11-28,Moderate,765,BR038,RM024,Bengali,SMS,Yes
CUST00724,CIF00000724,Raj,,Saha,1996-11-13,30,Male,Single,Indian,Resident,Self-employed,Freelancer,Self Employed,Self-employed,206052,0-2.5L,Higher Secondary,225 Gandhi Nagar,Plot 210,Gurgaon,Haryana,India,122001,9000000724,raj.saha724@example.com,2024-10-02,Retail,Active,Verified,2024-06-24,Moderate,686,BR028,RM053,Marathi,Branch,Yes
CUST00725,CIF00000725,Charvi,,Sinha,1981-12-09,45,Female,Divorced,Indian,Resident,Salaried,IT Manager,Reliance Industries,Salaried,4062831,20-50L,Graduate,735 Park Road,Flat 70,Yavatmal,Maharashtra,India,445001,9000000725,charvi.sinha725@example.com,2015-01-21,Premium,Dormant,Verified,2026-08-14,High,747,BR070,RM060,Telugu,SMS,Yes
CUST00726,CIF00000726,Amit,,Narayan,1998-03-14,28,Male,Married,Indian,Resident,Homemaker,Homemaker,Not Applicable,Homemaker,11988,0-2.5L,Higher Secondary,83 Gandhi Nagar,Plot 381,Lucknow,Uttar Pradesh,India,226001,9000000726,amit.narayan726@example.com,2021-11-05,Retail,Active,Verified,2026-06-01,Low,665,BR057,RM004,Punjabi,SMS,Yes
CUST00727,CIF00000727,Agastya,,Shah,1985-05-18,41,Male,Widowed,Indian,Resident,Salaried,Senior Software Engineer,Flipkart,Salaried,2116634,20-50L,Graduate,729 Main Street,Plot 117,Mumbai,Maharashtra,India,400001,9000000727,agastya.shah727@example.com,2025-02-28,Retail,Active,Verified,2025-08-04,Moderate,789,BR067,RM030,Kannada,SMS,Yes
CUST00728,CIF00000728,Tanish,,Narayan,1988-05-26,38,Male,Married,Indian,Resident,Salaried,DevOps Engineer,IBM India,Salaried,1970330,10-20L,Graduate,552 MG Road,Flat 395,New Delhi,Delhi,India,110011,9000000728,tanish.narayan728@example.com,2025-10-04,Retail,Active,Verified,2024-09-21,Moderate,779,BR043,RM003,Marathi,Mobile App,Yes
CUST00729,CIF00000729,Garima,,Gupta,1989-09-02,37,Female,Married,Indian,Resident,Salaried,Senior Software Engineer,Flipkart,Salaried,1694794,10-20L,Graduate,416 Nehru Colony,Flat 280,Yavatmal,Maharashtra,India,445001,9000000729,garima.gupta729@example.com,2020-11-16,Retail,Active,Verified,2025-04-03,Low,797,BR025,RM038,Malayalam,SMS,Yes
CUST00730,CIF00000730,Lalita,,Menon,1969-03-18,57,Female,Married,Indian,Resident,Homemaker,Homemaker,Not Applicable,Homemaker,25589,0-2.5L,Higher Secondary,49 Main Street,Flat 229,Mysuru,Karnataka,India,570001,9000000730,lalita.menon730@example.com,2017-07-22,Retail,Active,Verified,2025-12-22,Moderate,717,BR007,RM026,Telugu,SMS,Yes
CUST00731,CIF00000731,Kirti,,Chopra,1979-12-10,47,Female,Married,Indian,Resident,Salaried,Insurance Officer,TCS,Salaried,467201,2.5-5L,Graduate,749 MG Road,Plot 308,Mysuru,Karnataka,India,570001,9000000731,kirti.chopra731@example.com,2021-08-30,Retail,Active,Verified,2024-03-26,Moderate,644,BR013,RM030,Malayalam,Mobile App,No
CUST00732,CIF00000732,Abhishek,,Garg,1980-05-23,46,Male,Married,Indian,Resident,Self-employed,Chartered Accountant,Self Employed,Self-employed,4534484,20-50L,Postgraduate,964 MG Road,Plot 1,Nashik,Maharashtra,India,422001,9000000732,abhishek.garg732@example.com,2016-12-26,Premium,Active,Verified,2024-07-05,Moderate,761,BR057,RM058,Telugu,Branch,Yes
CUST00733,CIF00000733,Kamla,,Chakraborty,1978-08-21,48,Female,Married,Indian,Resident,Salaried,Software Engineer,KPMG India,Salaried,506480,5-10L,Graduate,912 Market Road,Flat 225,New Delhi,Delhi,India,110011,9000000733,kamla.chakraborty733@example.com,2025-03-02,Retail,Active,Verified,2025-05-19,Moderate,792,BR013,RM049,Bengali,Email,Yes
CUST00734,CIF00000734,Vishal,,Varma,1982-05-22,44,Male,Married,Indian,Resident,Salaried,Defence Personnel,Infosys,Salaried,992703,5-10L,Doctorate,637 Station Road,Plot 396,Latur,Maharashtra,India,413512,9000000734,vishal.varma734@example.com,2025-03-30,Retail,Active,Verified,2026-07-07,High,709,BR075,RM008,English,Mobile App,Yes
CUST00735,CIF00000735,Agastya,,Joshi,1975-09-12,51,Male,Married,Indian,Resident,Salaried,Professor,Cognizant,Salaried,1316034,10-20L,Postgraduate,355 Nehru Colony,Plot 466,Dehradun,Uttarakhand,India,248001,9000000735,agastya.joshi735@example.com,2025-09-18,Retail,Active,Verified,2024-05-30,Moderate,728,BR006,RM024,Kannada,NetBanking,Yes
CUST00736,CIF00000736,Tanay,,Shinde,1968-04-16,58,Male,Married,Indian,Resident,Salaried,Police Officer,Family Business,Salaried,313682,2.5-5L,Postgraduate,513 Main Street,Plot 65,Bhopal,Madhya Pradesh,India,462001,9000000736,tanay.shinde736@example.com,2015-08-29,Retail,Active,Verified,2025-11-09,Low,649,BR025,RM037,Tamil,Branch,Yes
CUST00737,CIF00000737,Zoya,,Kale,1979-07-11,47,Female,Married,Indian,Resident,Salaried,Software Engineer,TCS,Salaried,1429232,10-20L,Graduate,262 Station Road,Plot 95,Bengaluru,Karnataka,India,560001,9000000737,zoya.kale737@example.com,2017-06-11,Retail,Active,Verified,2024-09-17,High,720,BR024,RM038,English,Mobile App,Yes
CUST00738,CIF00000738,Jay,,Kale,1998-07-17,28,Male,Married,Indian,Resident,Salaried,Researcher,State Government,Salaried,436565,2.5-5L,Doctorate,260 Station Road,Flat 454,Nagpur,Maharashtra,India,440001,9000000738,jay.kale738@example.com,2024-05-29,Retail,Active,Verified,2025-02-06,Moderate,726,BR057,RM015,Marathi,Branch,Yes
CUST00739,CIF00000739,Neel,,Naik,2001-07-10,25,Male,Married,Indian,Resident,Student,Student,College / University,Student,21894,0-2.5L,Higher Secondary,172 Park Road,Flat 489,Visakhapatnam,Andhra Pradesh,India,530001,9000000739,neel.naik739@example.com,2021-02-02,Retail,Active,Verified,2026-04-03,Low,715,BR023,RM052,English,Mobile App,Yes
CUST00740,CIF00000740,Vinay,,Patil,1993-09-01,33,Male,Married,Indian,Resident,Salaried,Bank Employee,Tech Mahindra,Salaried,381513,2.5-5L,Postgraduate,186 Station Road,Flat 491,Kochi,Kerala,India,682001,9000000740,vinay.patil740@example.com,2015-01-05,Retail,Active,Verified,2025-09-14,Low,756,BR022,RM005,Telugu,Mobile App,Yes
CUST00741,CIF00000741,Kamlesh,,Agarwal,1968-12-15,58,Male,Married,Indian,Resident,Business,Entrepreneur,Family Business,Business,1992415,10-20L,Graduate,707 Park Road,Flat 354,New Delhi,Delhi,India,110011,9000000741,kamlesh.agarwal741@example.com,2019-03-02,Business,Active,Verified,2024-02-15,Low,742,BR007,RM049,Telugu,Mobile App,Yes
CUST00742,CIF00000742,Pooja,,Verma,2000-01-22,26,Female,Married,Indian,Resident,Farmer,Agricultural Worker,Self / Family Farm,Farmer,158418,0-2.5L,Higher Secondary,99 Market Road,Flat 370,Gurgaon,Haryana,India,122001,9000000742,pooja.verma742@example.com,2021-07-11,Retail,Active,Verified,2024-02-25,Low,742,BR023,RM036,Gujarati,Branch,Yes
CUST00743,CIF00000743,Karan,,Gandhi,1995-02-03,31,Male,Single,Indian,Resident,Self-employed,Trader,Self Employed,Self-employed,548133,5-10L,Postgraduate,432 Main Street,Flat 364,Ahmedabad,Gujarat,India,380001,9000000743,karan.gandhi743@example.com,2018-02-15,Retail,Active,Verified,2024-05-09,Low,763,BR002,RM009,English,Email,Yes
CUST00744,CIF00000744,Naman,,Ghosh,1990-03-17,36,Male,Married,Indian,Resident,Salaried,Doctor,Tech Mahindra,Salaried,1895422,10-20L,Postgraduate,96 Park Road,Flat 25,Patna,Bihar,India,800001,9000000744,naman.ghosh744@example.com,2022-10-19,Premium,Active,Verified,2024-01-03,Moderate,812,BR008,RM023,Punjabi,Mobile App,Yes
CUST00745,CIF00000745,Manya,,Sarkar,1998-12-03,28,Female,Married,Indian,Resident,Salaried,Bank Employee,Infosys,Salaried,620395,5-10L,Postgraduate,481 Main Street,Flat 312,Noida,Uttar Pradesh,India,201301,9000000745,manya.sarkar745@example.com,2022-04-23,Premium,Active,Verified,2025-08-19,Low,700,BR068,RM014,Hindi,Email,No
CUST00746,CIF00000746,Mihir,,Kaur,1970-08-01,56,Male,Married,Indian,Resident,Farmer,Farmer,Self / Family Farm,Farmer,510533,5-10L,Higher Secondary,514 MG Road,Flat 286,Solapur,Maharashtra,India,413001,9000000746,mihir.kaur746@example.com,2016-10-26,Retail,Active,Verified,2025-03-03,High,658,BR051,RM030,English,Branch,Yes
CUST00747,CIF00000747,Bhavana,,Chopra,1979-05-20,47,Female,Married,Indian,Resident,Salaried,Police Officer,Flipkart,Salaried,629637,5-10L,Graduate,789 Station Road,Plot 291,Vadodara,Gujarat,India,390001,9000000747,bhavana.chopra747@example.com,2018-05-15,Retail,Active,Verified,2025-10-24,High,763,BR078,RM025,Marathi,Mobile App,Yes
CUST00748,CIF00000748,Dhruv,,Pillai,1997-06-09,29,Male,Single,Indian,Resident,Salaried,DevOps Engineer,State Government,Salaried,892756,5-10L,Postgraduate,690 Station Road,Flat 264,Gurgaon,Haryana,India,122001,9000000748,dhruv.pillai748@example.com,2022-06-18,Retail,Active,Verified,2024-02-10,Moderate,697,BR069,RM048,Bengali,Branch,No
CUST00749,CIF00000749,Tanay,,Garg,1985-05-15,41,Male,Married,Indian,Resident,Business,Restaurant Owner,Family Business,Business,754986,5-10L,Doctorate,998 Station Road,Plot 342,Visakhapatnam,Andhra Pradesh,India,530001,9000000749,tanay.garg749@example.com,2017-04-03,Business,Active,Verified,2024-08-18,Low,751,BR032,RM017,Gujarati,Mobile App,No
CUST00750,CIF00000750,Krishna,,Chavan,1981-05-16,45,Male,Widowed,Indian,Resident,Salaried,Data Scientist,Reliance Industries,Salaried,2895089,20-50L,Postgraduate,339 Nehru Colony,Flat 301,Lucknow,Uttar Pradesh,India,226001,9000000750,krishna.chavan750@example.com,2019-02-23,Premium,Active,Verified,2024-10-01,Moderate,810,BR043,RM013,Telugu,Branch,No
CUST00751,CIF00000751,Krisha,,Trivedi,1987-06-10,39,Female,Married,Indian,Resident,Salaried,Civil Engineer,State Bank of India,Salaried,1224238,10-20L,Diploma,379 MG Road,Flat 466,Yavatmal,Maharashtra,India,445001,9000000751,krisha.trivedi751@example.com,2019-04-15,Premium,Active,Verified,2026-05-08,Low,803,BR080,RM059,Tamil,Mobile App,Yes
CUST00752,CIF00000752,Deepa,,Rao,1984-04-12,42,Female,Married,Indian,Resident,Business,Business Owner,Independent Business,Business,1956991,10-20L,Graduate,796 Gandhi Nagar,Flat 61,Bhopal,Madhya Pradesh,India,462001,9000000752,deepa.rao752@example.com,2016-04-07,Premium,Active,Verified,2026-08-13,Low,809,BR037,RM004,Odia,SMS,No
CUST00753,CIF00000753,Lakshya,,Goel,1994-11-01,32,Male,Single,Indian,Resident,Homemaker,Homemaker,Not Applicable,Homemaker,39452,0-2.5L,Higher Secondary,31 Market Road,Plot 375,Vadodara,Gujarat,India,390001,9000000753,lakshya.goel753@example.com,2024-01-30,Retail,Active,Verified,2026-04-21,Moderate,634,BR046,RM059,Marathi,NetBanking,Yes
CUST00754,CIF00000754,Ankit,,Patil,1976-09-26,50,Male,Married,Indian,Resident,Business,Importer,Family Business,Business,1974923,10-20L,Graduate,472 Main Street,Flat 349,Amritsar,Punjab,India,143001,9000000754,ankit.patil754@example.com,2019-01-25,Retail,Active,Verified,2024-02-19,Moderate,804,BR015,RM032,Gujarati,SMS,Yes
CUST00755,CIF00000755,Aditya,,Sonawane,1983-01-21,43,Male,Married,Indian,Resident,Salaried,Teacher,Tech Mahindra,Salaried,354757,2.5-5L,Diploma,848 MG Road,Plot 323,Chandigarh,Chandigarh,India,160001,9000000755,aditya.sonawane755@example.com,2021-06-22,Retail,Active,Verified,2026-04-13,Low,695,BR057,RM060,Malayalam,NetBanking,Yes
CUST00756,CIF00000756,Kanchan,,Soman,2002-07-01,24,Female,Single,Indian,Resident,Business,Shop Owner,Startup,Business,419066,2.5-5L,Graduate,619 Main Street,Flat 294,Gurgaon,Haryana,India,122001,9000000756,kanchan.soman756@example.com,2023-03-07,Business,Active,Verified,2026-07-29,Low,656,BR028,RM049,Kannada,SMS,Yes
CUST00757,CIF00000757,Ramesh,,Gokhale,1965-10-24,61,Male,Married,Indian,Resident,Retired,Retired Professional,Retired,Retired,455062,2.5-5L,Postgraduate,647 Nehru Colony,Flat 127,Solapur,Maharashtra,India,413001,9000000757,ramesh.gokhale757@example.com,2022-12-14,Retail,Active,Verified,2025-09-22,High,659,BR046,RM053,Odia,Branch,Yes
CUST00758,CIF00000758,Chetan,,Gokhale,1976-04-26,50,Male,Married,Indian,Resident,Salaried,Product Manager,Self Employed,Salaried,3656792,20-50L,Postgraduate,363 Station Road,Flat 217,Solapur,Maharashtra,India,413001,9000000758,chetan.gokhale758@example.com,2021-10-07,Premium,Active,Verified,2024-02-05,High,817,BR061,RM026,Hindi,Email,Yes
CUST00759,CIF00000759,Aditi,,Solanki,1967-06-21,59,Female,Divorced,Indian,Resident,Self-employed,Chartered Accountant,Self Employed,Self-employed,4264743,20-50L,Postgraduate,866 Nehru Colony,Plot 114,Ranchi,Jharkhand,India,834001,9000000759,aditi.solanki759@example.com,2024-04-21,Premium,Active,Verified,2025-07-27,Low,849,BR024,RM046,Hindi,Branch,No
CUST00760,CIF00000760,Sana,,Yadav,1969-04-23,57,Female,Married,Indian,Resident,Salaried,Professor,ISRO,Salaried,1269744,10-20L,Postgraduate,157 Station Road,Plot 471,Madurai,Tamil Nadu,India,625001,9000000760,sana.yadav760@example.com,2017-03-31,Retail,Active,Verified,2024-04-18,Moderate,741,BR078,RM019,Tamil,Branch,No
CUST00761,CIF00000761,Pranita,,Trivedi,1972-04-12,54,Female,Divorced,Indian,NRI,Salaried,Product Manager,KPMG India,Salaried,4589229,20-50L,Doctorate,672 MG Road,Plot 125,Sangli,Maharashtra,India,416416,9000000761,pranita.trivedi761@example.com,2023-03-27,Premium,Active,Verified,2026-01-09,High,785,BR062,RM056,Gujarati,NetBanking,Yes
CUST00762,CIF00000762,Amar,,Mahajan,1973-03-01,53,Male,Married,Indian,Resident,Salaried,Teacher,Bajaj Finserv,Salaried,529175,5-10L,Postgraduate,910 Gandhi Nagar,Flat 397,Coimbatore,Tamil Nadu,India,641001,9000000762,amar.mahajan762@example.com,2017-07-27,Retail,Active,Verified,2024-02-28,Moderate,789,BR066,RM051,Tamil,Mobile App,Yes
CUST00763,CIF00000763,Yuvraj,,Patel,1984-12-09,42,Male,Married,Indian,Resident,Self-employed,Investment Advisor,Self Employed,Self-employed,3122376,20-50L,Diploma,74 MG Road,Flat 471,Nagpur,Maharashtra,India,440001,9000000763,yuvraj.patel763@example.com,2017-10-26,Premium,Active,Verified,2024-10-05,Moderate,812,BR003,RM037,Odia,Mobile App,Yes
CUST00764,CIF00000764,Rashi,,Joshi,1976-02-20,50,Female,Married,Indian,Resident,Business,Business Owner,Private Company,Business,2774794,20-50L,Postgraduate,888 Gandhi Nagar,Flat 70,Mysuru,Karnataka,India,570001,9000000764,rashi.joshi764@example.com,2024-02-05,Business,Active,Verified,2024-11-10,Low,717,BR010,RM013,Punjabi,Branch,Yes
CUST00765,CIF00000765,Geeta,,Yadav,1970-10-25,56,Female,Widowed,Indian,Resident,Salaried,Teacher,ISRO,Salaried,715952,5-10L,Diploma,190 Station Road,Flat 200,Visakhapatnam,Andhra Pradesh,India,530001,9000000765,geeta.yadav765@example.com,2017-06-02,Retail,Active,Verified,2024-12-13,Moderate,689,BR074,RM034,Malayalam,Mobile App,Yes
CUST00766,CIF00000766,Kirti,,Karnik,1991-05-07,35,Female,Widowed,Indian,Resident,Farmer,Farmer,Self / Family Farm,Farmer,573200,5-10L,Higher Secondary,32 Market Road,Plot 403,Visakhapatnam,Andhra Pradesh,India,530001,9000000766,kirti.karnik766@example.com,2022-10-31,Retail,Active,Verified,2024-08-26,Moderate,699,BR016,RM010,English,NetBanking,Yes
CUST00767,CIF00000767,Sahil,,Bhat,1973-07-18,53,Male,Married,Indian,Resident,Self-employed,Freelancer,Self Employed,Self-employed,1933563,10-20L,Higher Secondary,476 Park Road,Flat 279,Surat,Gujarat,India,395001,9000000767,sahil.bhat767@example.com,2020-02-12,Retail,Active,Verified,2025-02-14,Moderate,802,BR039,RM037,Bengali,Email,Yes
CUST00768,CIF00000768,Sunita,,Das,1992-04-16,34,Female,Married,Indian,Resident,Salaried,Teacher,Wipro,Salaried,604390,5-10L,Graduate,204 MG Road,Flat 198,Bhubaneswar,Odisha,India,751001,9000000768,sunita.das768@example.com,2017-11-18,Retail,Dormant,Verified,2025-09-23,Low,789,BR024,RM030,Bengali,Mobile App,Yes
CUST00769,CIF00000769,Avani,,Trivedi,1990-07-10,36,Female,Married,Indian,Resident,Business,Entrepreneur,Independent Business,Business,3693550,20-50L,Postgraduate,241 MG Road,Plot 315,Osmanabad,Maharashtra,India,413501,9000000769,avani.trivedi769@example.com,2015-02-02,Business,Active,Verified,2026-05-20,Moderate,762,BR072,RM054,Punjabi,NetBanking,Yes
CUST00770,CIF00000770,Khushi,,Mane,1977-07-19,49,Female,Married,Indian,Resident,Salaried,Teacher,Tata Motors,Salaried,460061,2.5-5L,Postgraduate,951 Market Road,Flat 386,Kolkata,West Bengal,India,700001,9000000770,khushi.mane770@example.com,2023-05-11,Retail,Active,Verified,2026-05-28,Low,668,BR034,RM018,Punjabi,SMS,Yes
CUST00771,CIF00000771,Nakul,,Rane,1965-10-22,61,Male,Married,Indian,Resident,Self-employed,Lawyer,Self Employed,Self-employed,2157281,20-50L,Postgraduate,838 Market Road,Plot 452,Nashik,Maharashtra,India,422001,9000000771,nakul.rane771@example.com,2020-08-12,Premium,Active,Verified,2024-10-03,Moderate,753,BR013,RM016,Marathi,NetBanking,Yes
CUST00772,CIF00000772,Vijay,,Dubey,1993-06-11,33,Male,Married,Indian,Resident,Salaried,Senior Software Engineer,Mahindra & Mahindra,Salaried,1282946,10-20L,Graduate,484 Nehru Colony,Flat 440,Nagpur,Maharashtra,India,440001,9000000772,vijay.dubey772@example.com,2025-01-31,Retail,Active,Verified,2024-01-11,Low,809,BR006,RM020,Tamil,NetBanking,Yes
CUST00773,CIF00000773,Lakshmi,,Chaudhary,1979-07-28,47,Female,Married,Indian,Resident,Salaried,Product Manager,Axis Bank,Salaried,2437200,20-50L,Graduate,365 Market Road,Plot 201,Pune,Maharashtra,India,411001,9000000773,lakshmi.chaudhary773@example.com,2016-03-12,Retail,Active,Verified,2025-10-05,Low,717,BR061,RM001,Malayalam,SMS,No
CUST00774,CIF00000774,Jai,,Chaudhary,1975-05-06,51,Male,Married,Indian,Resident,Self-employed,Lawyer,Self Employed,Self-employed,3222696,20-50L,Postgraduate,196 Nehru Colony,Flat 478,Osmanabad,Maharashtra,India,413501,9000000774,jai.chaudhary774@example.com,2019-05-08,Premium,Active,Verified,2026-05-28,Moderate,768,BR032,RM013,Tamil,Mobile App,Yes
CUST00775,CIF00000775,Mihir,,Rane,1992-09-27,34,Male,Married,Indian,Resident,Salaried,Doctor,Private Company,Salaried,957005,5-10L,Postgraduate,29 MG Road,Flat 462,Nanded,Maharashtra,India,431601,9000000775,mihir.rane775@example.com,2019-08-30,Retail,Dormant,Verified,2025-12-28,Moderate,744,BR019,RM037,Tamil,Email,Yes
CUST00776,CIF00000776,Daksh,,Das,1973-06-02,53,Male,Married,Indian,Resident,Business,Shop Owner,Family Business,Business,2317751,20-50L,Postgraduate,168 Station Road,Plot 313,Thane,Maharashtra,India,400601,9000000776,daksh.das776@example.com,2015-06-03,Business,Active,Verified,2024-12-12,Moderate,738,BR024,RM029,Telugu,Mobile App,Yes
CUST00777,CIF00000777,Harsh,,Jadhav,1995-05-14,31,Male,Single,Indian,Resident,Salaried,DevOps Engineer,Aditya Birla Group,Salaried,1780515,10-20L,Graduate,480 Park Road,Flat 355,Pune,Maharashtra,India,411001,9000000777,harsh.jadhav777@example.com,2021-06-07,Premium,Active,Verified,2026-03-13,High,713,BR059,RM024,English,Mobile App,Yes
CUST00778,CIF00000778,Avantika,,Shetty,1982-10-18,44,Female,Married,Indian,Resident,Business,Retail Business Owner,Family Business,Business,1721997,10-20L,Graduate,789 Main Street,Plot 88,Amravati,Maharashtra,India,444601,9000000778,avantika.shetty778@example.com,2019-02-25,Business,Active,Verified,2026-01-03,High,726,BR017,RM003,Marathi,Mobile App,Yes
CUST00779,CIF00000779,Amrita,,Upadhyay,2003-07-27,23,Female,Married,Indian,Resident,Self-employed,Graphic Designer,Self Employed,Self-employed,247640,0-2.5L,Doctorate,266 Gandhi Nagar,Plot 237,Bengaluru,Karnataka,India,560001,9000000779,amrita.upadhyay779@example.com,2022-06-04,Retail,Active,Verified,2026-05-01,Low,742,BR061,RM042,Odia,Mobile App,Yes
CUST00780,CIF00000780,Vandana,,Kumar,1993-02-06,33,Female,Married,Indian,Resident,Salaried,Teacher,Microsoft India,Salaried,476519,2.5-5L,Graduate,160 Main Street,Flat 411,Lucknow,Uttar Pradesh,India,226001,9000000780,vandana.kumar780@example.com,2021-01-07,Retail,Active,Verified,2024-12-17,Moderate,751,BR050,RM026,Malayalam,NetBanking,Yes
CUST00781,CIF00000781,Rekha,,Sinha,1995-08-17,31,Female,Single,Indian,Resident,Business,Importer,Independent Business,Business,3075387,20-50L,Diploma,43 Station Road,Plot 353,Sangli,Maharashtra,India,416416,9000000781,rekha.sinha781@example.com,2025-07-19,Premium,Active,Verified,2026-01-30,Low,749,BR079,RM004,Odia,Branch,Yes
CUST00782,CIF00000782,Vikram,,Bhatt,1973-10-11,53,Male,Widowed,Indian,Resident,Farmer,Agricultural Worker,Self / Family Farm,Farmer,136375,0-2.5L,Higher Secondary,753 Nehru Colony,Flat 53,Sangli,Maharashtra,India,416416,9000000782,vikram.bhatt782@example.com,2021-09-16,Retail,Active,Verified,2025-05-19,Moderate,658,BR050,RM048,Tamil,Mobile App,Yes
CUST00783,CIF00000783,Deepa,,Goel,1986-04-24,40,Female,Married,Indian,Resident,Salaried,Software Engineer,Bajaj Finserv,Salaried,713846,5-10L,Graduate,754 MG Road,Plot 419,Kanpur,Uttar Pradesh,India,208001,9000000783,deepa.goel783@example.com,2022-09-07,Retail,Active,Pending,2024-10-28,High,783,BR039,RM029,English,Mobile App,Yes
CUST00784,CIF00000784,Nisha,,Varma,1983-06-07,43,Female,Divorced,Indian,Resident,Business,Business Owner,Family Business,Business,449256,2.5-5L,Postgraduate,807 Gandhi Nagar,Flat 132,Pune,Maharashtra,India,411001,9000000784,nisha.varma784@example.com,2019-03-13,Business,Active,Verified,2025-02-10,Moderate,718,BR055,RM041,Odia,Mobile App,Yes
CUST00785,CIF00000785,Manisha,,Kapoor,1970-10-05,56,Female,Married,Indian,Resident,Self-employed,Lawyer,Self Employed,Self-employed,4897595,20-50L,Postgraduate,29 Gandhi Nagar,Flat 372,Bengaluru,Karnataka,India,560001,9000000785,manisha.kapoor785@example.com,2019-01-09,Premium,Active,Verified,2024-10-19,High,812,BR015,RM005,Telugu,Mobile App,No
CUST00786,CIF00000786,Esha,,Bhosale,1988-10-24,38,Female,Married,Indian,Resident,Salaried,Product Manager,Microsoft India,Salaried,2824580,20-50L,Graduate,304 Gandhi Nagar,Plot 93,Osmanabad,Maharashtra,India,413501,9000000786,esha.bhosale786@example.com,2019-11-21,Premium,Active,Verified,2024-12-09,Moderate,731,BR034,RM040,Malayalam,Mobile App,Yes
CUST00787,CIF00000787,Ankita,,Iyer,1992-02-06,34,Female,Single,Indian,Resident,Salaried,Doctor,Startup,Salaried,2670955,20-50L,Postgraduate,871 Station Road,Flat 425,Nagpur,Maharashtra,India,440001,9000000787,ankita.iyer787@example.com,2020-12-29,Retail,Active,Verified,2026-02-06,Moderate,809,BR038,RM033,Odia,Mobile App,Yes
CUST00788,CIF00000788,Shashank,,Srivastava,1985-07-10,41,Male,Widowed,Indian,Resident,Salaried,Product Manager,Mahindra & Mahindra,Salaried,3779352,20-50L,Postgraduate,313 Nehru Colony,Flat 429,Patna,Bihar,India,800001,9000000788,shashank.srivastava788@example.com,2025-01-08,Premium,Active,Verified,2025-02-01,Moderate,741,BR023,RM037,Malayalam,Mobile App,Yes
CUST00789,CIF00000789,Mihika,,Reddy,1989-02-20,37,Female,Married,Indian,Resident,Salaried,Government Employee,Larsen & Toubro,Salaried,1122319,10-20L,Postgraduate,446 Gandhi Nagar,Flat 152,Rajkot,Gujarat,India,360001,9000000789,mihika.reddy789@example.com,2022-02-25,Retail,Active,Verified,2024-05-24,High,751,BR056,RM052,Marathi,Email,Yes
CUST00790,CIF00000790,Eshan,,Bansal,2000-12-28,26,Male,Single,Indian,Resident,Salaried,Researcher,Amazon India,Salaried,423840,2.5-5L,Doctorate,115 MG Road,Flat 315,Solapur,Maharashtra,India,413001,9000000790,eshan.bansal790@example.com,2023-12-04,Retail,Active,Verified,2025-02-20,Moderate,654,BR076,RM040,Punjabi,SMS,No
CUST00791,CIF00000791,Radhika,,Sonawane,1994-03-23,32,Female,Married,Indian,Resident,Salaried,Data Analyst,Infosys,Salaried,1477280,10-20L,Postgraduate,3 MG Road,Flat 480,New Delhi,Delhi,India,110011,9000000791,radhika.sonawane791@example.com,2015-08-22,Retail,Active,Verified,2024-12-10,Moderate,728,BR025,RM035,Kannada,Mobile App,Yes
CUST00792,CIF00000792,Aarav,,More,1984-10-06,42,Male,Widowed,Indian,Resident,Business,Restaurant Owner,Independent Business,Business,1152711,10-20L,Postgraduate,676 Nehru Colony,Flat 314,Guwahati,Assam,India,781001,9000000792,aarav.more792@example.com,2015-01-08,Business,Active,Verified,2025-06-30,Moderate,819,BR056,RM011,Bengali,Branch,Yes
CUST00793,CIF00000793,Karan,,Goswami,1991-06-21,35,Male,Widowed,Indian,Resident,Farmer,Farmer,Self / Family Farm,Farmer,542429,5-10L,Higher Secondary,117 Gandhi Nagar,Plot 468,Solapur,Maharashtra,India,413001,9000000793,karan.goswami793@example.com,2022-07-20,Retail,Active,Verified,2025-02-16,Moderate,672,BR023,RM026,Bengali,Branch,Yes
CUST00794,CIF00000794,Pragya,,Mishra,1998-09-24,28,Female,Single,Indian,Resident,Salaried,Accountant,State Bank of India,Salaried,300430,2.5-5L,Postgraduate,995 Station Road,Flat 96,Mangaluru,Karnataka,India,575001,9000000794,pragya.mishra794@example.com,2023-11-15,Retail,Active,Verified,2026-05-26,Moderate,660,BR009,RM034,Bengali,Mobile App,Yes
CUST00795,CIF00000795,Suraj,,Shetty,1998-04-25,28,Male,Married,Indian,Resident,Salaried,Mechanical Engineer,Private Company,Salaried,445559,2.5-5L,Postgraduate,77 Market Road,Flat 311,Sangli,Maharashtra,India,416416,9000000795,suraj.shetty795@example.com,2016-11-15,Retail,Active,Verified,2025-04-16,Moderate,640,BR065,RM045,Hindi,SMS,Yes
CUST00796,CIF00000796,Ragini,,Srivastava,1970-07-18,56,Female,Married,Indian,Resident,Business,Shop Owner,Startup,Business,1733713,10-20L,Postgraduate,394 Nehru Colony,Flat 446,Patna,Bihar,India,800001,9000000796,ragini.srivastava796@example.com,2023-01-12,Business,Active,Verified,2024-05-21,Moderate,805,BR042,RM029,Gujarati,Mobile App,Yes
CUST00797,CIF00000797,Rohit,,More,1981-03-25,45,Male,Married,Indian,Resident,Self-employed,Doctor,Self Employed,Self-employed,4450347,20-50L,Postgraduate,633 Park Road,Flat 156,Mumbai,Maharashtra,India,400001,9000000797,rohit.more797@example.com,2023-04-12,Retail,Active,Verified,2025-09-25,Moderate,778,BR051,RM032,English,Mobile App,Yes
CUST00798,CIF00000798,Kajal,,Singh,1982-07-15,44,Female,Married,Indian,Resident,Salaried,Pharmacist,Accenture,Salaried,947817,5-10L,Graduate,249 Main Street,Plot 266,Surat,Gujarat,India,395001,9000000798,kajal.singh798@example.com,2025-09-10,Retail,Active,Verified,2025-02-12,Moderate,745,BR075,RM035,Malayalam,NetBanking,Yes
CUST00799,CIF00000799,Janhvi,,Upadhyay,1988-01-06,38,Female,Married,Indian,Resident,Salaried,Government Employee,State Bank of India,Salaried,554103,5-10L,Postgraduate,409 Station Road,Plot 21,Kolhapur,Maharashtra,India,416001,9000000799,janhvi.upadhyay799@example.com,2024-01-16,Retail,Active,Verified,2025-09-08,Moderate,730,BR008,RM002,Malayalam,Mobile App,Yes
CUST00800,CIF00000800,Kirti,,Soman,1990-10-20,36,Female,Married,Indian,Resident,Salaried,Data Analyst,PwC India,Salaried,401142,2.5-5L,Postgraduate,755 Park Road,Flat 438,Dehradun,Uttarakhand,India,248001,9000000800,kirti.soman800@example.com,2024-10-23,Retail,Active,Verified,2024-12-21,Low,725,BR054,RM056,Gujarati,SMS,Yes
CUST00801,CIF00000801,Swati,,Patil,1970-04-01,56,Female,Married,Indian,Resident,Retired,Retired Professional,Retired,Retired,201325,0-2.5L,Graduate,934 Main Street,Flat 50,Latur,Maharashtra,India,413512,9000000801,swati.patil801@example.com,2019-05-18,Retail,Active,Verified,2024-07-15,Moderate,737,BR057,RM035,Odia,NetBanking,Yes
CUST00802,CIF00000802,Megha,,Salunke,1972-11-25,54,Female,Widowed,Indian,Resident,Salaried,Police Officer,Capgemini,Salaried,1098144,10-20L,Higher Secondary,209 Park Road,Flat 353,Yavatmal,Maharashtra,India,445001,9000000802,megha.salunke802@example.com,2020-12-14,Retail,Active,Verified,2026-07-29,High,760,BR038,RM020,Tamil,SMS,Yes
CUST00803,CIF00000803,Sourabh,,Shetty,1983-02-11,43,Male,Divorced,Indian,Resident,Self-employed,Architect,Self Employed,Self-employed,2369742,20-50L,Postgraduate,933 Main Street,Plot 224,Bhopal,Madhya Pradesh,India,462001,9000000803,sourabh.shetty803@example.com,2019-03-13,Premium,Active,Verified,2026-08-12,Low,721,BR055,RM050,Marathi,Mobile App,Yes
CUST00804,CIF00000804,Atharv,,Verma,1989-05-22,37,Male,Married,Indian,Resident,Salaried,Software Engineer,Municipal Corporation,Salaried,851841,5-10L,Graduate,805 Main Street,Flat 115,Akola,Maharashtra,India,444001,9000000804,atharv.verma804@example.com,2023-11-23,Retail,Active,Verified,2024-04-08,Moderate,683,BR030,RM035,Gujarati,Branch,Yes
CUST00805,CIF00000805,Varsha,,Chopra,1986-02-23,40,Female,Married,Indian,Resident,Salaried,Accountant,HCLTech,Salaried,649193,5-10L,Diploma,798 Park Road,Flat 399,Hyderabad,Telangana,India,500001,9000000805,varsha.chopra805@example.com,2015-01-14,Retail,Active,Verified,2025-04-19,Low,774,BR064,RM011,Kannada,Mobile App,Yes
CUST00806,CIF00000806,Sachin,,Tiwari,1978-09-11,48,Male,Married,Indian,Resident,Self-employed,Chartered Accountant,Self Employed,Self-employed,3523982,20-50L,Postgraduate,501 Main Street,Plot 230,Vijayawada,Andhra Pradesh,India,520001,9000000806,sachin.tiwari806@example.com,2016-11-28,Retail,Active,Verified,2024-02-23,High,827,BR068,RM055,Odia,Mobile App,Yes
CUST00807,CIF00000807,Rashmi,,Das,1975-12-10,51,Female,Married,Indian,Resident,Salaried,Pharmacist,Amazon India,Salaried,682181,5-10L,Postgraduate,115 Nehru Colony,Plot 237,Chennai,Tamil Nadu,India,600001,9000000807,rashmi.das807@example.com,2018-12-31,Retail,Active,Verified,2025-12-20,Moderate,778,BR074,RM030,Gujarati,NetBanking,Yes
CUST00808,CIF00000808,Ajay,,Naik,1966-10-06,60,Male,Married,Indian,Resident,Self-employed,Doctor,Self Employed,Self-employed,5442164,50L-1Cr,Postgraduate,438 MG Road,Flat 260,Mangaluru,Karnataka,India,575001,9000000808,ajay.naik808@example.com,2017-06-10,Premium,Active,Verified,2026-07-24,High,793,BR072,RM005,Telugu,Branch,Yes
CUST00809,CIF00000809,Prachi,,Sharma,1980-12-08,46,Female,Married,Indian,Resident,Self-employed,Chartered Accountant,Self Employed,Self-employed,4447324,20-50L,Postgraduate,495 Nehru Colony,Plot 263,Latur,Maharashtra,India,413512,9000000809,prachi.sharma809@example.com,2017-01-13,Premium,Active,Verified,2026-06-03,Moderate,755,BR014,RM023,Kannada,Email,Yes
CUST00810,CIF00000810,Nirav,,Malhotra,1973-07-05,53,Male,Married,Indian,Resident,Farmer,Agricultural Worker,Self / Family Farm,Farmer,82969,0-2.5L,Higher Secondary,602 Market Road,Flat 455,Chandigarh,Chandigarh,India,160001,9000000810,nirav.malhotra810@example.com,2025-06-20,Retail,Active,Verified,2024-09-25,High,661,BR044,RM004,Punjabi,Branch,Yes
CUST00811,CIF00000811,Ajay,,Dhawan,1979-10-14,47,Male,Married,Indian,Resident,Salaried,Senior Software Engineer,Microsoft India,Salaried,2227255,20-50L,Graduate,680 Market Road,Flat 148,Visakhapatnam,Andhra Pradesh,India,530001,9000000811,ajay.dhawan811@example.com,2024-05-03,Retail,Active,Verified,2024-10-10,Moderate,819,BR066,RM050,Malayalam,Mobile App,Yes
CUST00812,CIF00000812,Ragini,,Patil,1969-01-06,57,Female,Married,Indian,Resident,Salaried,School Teacher,Startup,Salaried,628953,5-10L,Postgraduate,147 MG Road,Flat 299,Patna,Bihar,India,800001,9000000812,ragini.patil812@example.com,2018-11-28,Retail,Active,Verified,2025-11-07,High,776,BR010,RM053,Marathi,NetBanking,Yes
CUST00813,CIF00000813,Vikas,,Chopra,1983-09-13,43,Male,Widowed,Indian,Resident,Salaried,Civil Engineer,Cognizant,Salaried,1617605,10-20L,Doctorate,536 MG Road,Flat 372,Madurai,Tamil Nadu,India,625001,9000000813,vikas.chopra813@example.com,2023-11-10,Retail,Active,Verified,2025-06-24,Low,734,BR065,RM022,Kannada,NetBanking,Yes
CUST00814,CIF00000814,Ankit,,Tripathi,1967-12-19,59,Male,Married,Indian,Resident,Self-employed,Dentist,Self Employed,Self-employed,2979767,20-50L,Postgraduate,646 Nehru Colony,Flat 54,Kolkata,West Bengal,India,700001,9000000814,ankit.tripathi814@example.com,2024-12-14,Premium,Active,Verified,2025-01-14,Moderate,805,BR041,RM010,Malayalam,NetBanking,Yes
CUST00815,CIF00000815,Ragini,,Jain,1975-11-11,51,Female,Married,Indian,Resident,Self-employed,Doctor,Self Employed,Self-employed,1710195,10-20L,Postgraduate,200 Station Road,Plot 11,Nanded,Maharashtra,India,431601,9000000815,ragini.jain815@example.com,2020-08-28,Retail,Active,Verified,2025-08-12,Moderate,768,BR031,RM051,Punjabi,NetBanking,Yes
CUST00816,CIF00000816,Avinash,,Tripathi,1989-02-28,37,Male,Married,Indian,Resident,Salaried,HR Manager,Google India,Salaried,681859,5-10L,Postgraduate,515 Gandhi Nagar,Flat 146,Rajkot,Gujarat,India,360001,9000000816,avinash.tripathi816@example.com,2023-02-11,Retail,Active,Verified,2024-11-02,Low,734,BR028,RM046,Bengali,NetBanking,Yes
CUST00817,CIF00000817,Rohit,,Sonawane,1980-10-02,46,Male,Married,Indian,Resident,Salaried,Mechanical Engineer,Axis Bank,Salaried,1243174,10-20L,Graduate,722 MG Road,Plot 279,Chandigarh,Chandigarh,India,160001,9000000817,rohit.sonawane817@example.com,2020-09-18,Retail,Active,Verified,2026-02-08,Moderate,792,BR056,RM006,Telugu,Mobile App,Yes
CUST00818,CIF00000818,Mitali,,Kaur,1983-07-22,43,Female,Married,Indian,Resident,Salaried,Data Scientist,Startup,Salaried,2418305,20-50L,Postgraduate,629 MG Road,Plot 430,Coimbatore,Tamil Nadu,India,641001,9000000818,mitali.kaur818@example.com,2017-01-31,Premium,Active,Verified,2025-05-12,High,745,BR024,RM030,English,Mobile App,Yes
CUST00819,CIF00000819,Sonia,,Pawar,1983-12-15,43,Female,Married,Indian,Resident,Salaried,Teacher,Flipkart,Salaried,461487,2.5-5L,Postgraduate,982 Main Street,Plot 105,Guwahati,Assam,India,781001,9000000819,sonia.pawar819@example.com,2017-11-16,Retail,Active,Verified,2025-10-12,Low,648,BR039,RM027,Tamil,SMS,Yes
CUST00820,CIF00000820,Aparna,,Bhatia,1963-02-09,63,Female,Widowed,Indian,Resident,Self-employed,Chartered Accountant,Self Employed,Self-employed,3253709,20-50L,Postgraduate,649 Main Street,Plot 233,Patna,Bihar,India,800001,9000000820,aparna.bhatia820@example.com,2015-02-03,Premium,Active,Verified,2024-08-23,Moderate,773,BR076,RM021,Gujarati,Email,No
CUST00821,CIF00000821,Radhika,,Bhosale,1979-05-28,47,Female,Divorced,Indian,Resident,Salaried,Teacher,TCS,Salaried,472763,2.5-5L,Postgraduate,328 Nehru Colony,Plot 58,Nanded,Maharashtra,India,431601,9000000821,radhika.bhosale821@example.com,2021-05-22,Retail,Active,Verified,2026-05-01,Moderate,662,BR043,RM035,Bengali,Branch,Yes
CUST00822,CIF00000822,Aparna,,Sarkar,1986-05-25,40,Female,Divorced,Indian,Resident,Self-employed,Lawyer,Self Employed,Self-employed,778450,5-10L,Postgraduate,739 Nehru Colony,Plot 104,Bhubaneswar,Odisha,India,751001,9000000822,aparna.sarkar822@example.com,2025-10-06,Premium,Active,Verified,2025-05-30,Moderate,751,BR067,RM058,Hindi,Email,Yes
CUST00823,CIF00000823,Yash,,Saini,1982-01-20,44,Male,Married,Indian,Resident,Business,Shop Owner,Family Business,Business,2547354,20-50L,Higher Secondary,936 MG Road,Plot 179,Chennai,Tamil Nadu,India,600001,9000000823,yash.saini823@example.com,2020-04-29,Business,Active,Verified,2026-06-13,Moderate,757,BR054,RM002,Marathi,Mobile App,Yes
CUST00824,CIF00000824,Avani,,Narayan,1988-06-15,38,Female,Married,Indian,Resident,Self-employed,Lawyer,Self Employed,Self-employed,931511,5-10L,Postgraduate,473 Station Road,Flat 389,Thane,Maharashtra,India,400601,9000000824,avani.narayan824@example.com,2016-11-28,Retail,Active,Verified,2025-12-25,High,790,BR064,RM045,Punjabi,NetBanking,Yes
CUST00825,CIF00000825,Ankita,,Trivedi,1981-05-18,45,Female,Divorced,Indian,NRI,Salaried,Doctor,Accenture,Salaried,3914114,20-50L,Postgraduate,975 Park Road,Flat 374,Coimbatore,Tamil Nadu,India,641001,9000000825,ankita.trivedi825@example.com,2015-09-01,Premium,Active,Verified,2026-02-01,Low,819,BR050,RM017,Punjabi,NetBanking,Yes
CUST00826,CIF00000826,Divyansh,,Patil,1973-02-18,53,Male,Married,Indian,Resident,Salaried,Data Scientist,TCS,Salaried,2725764,20-50L,Postgraduate,849 Market Road,Flat 99,Gurgaon,Haryana,India,122001,9000000826,divyansh.patil826@example.com,2017-12-21,Retail,Active,Verified,2024-04-11,Moderate,806,BR049,RM014,English,Mobile App,Yes
CUST00827,CIF00000827,Sumit,,Salunke,1994-02-19,32,Male,Married,Indian,Resident,Business,Entrepreneur,Family Business,Business,1470521,10-20L,Postgraduate,370 Station Road,Flat 279,Gurgaon,Haryana,India,122001,9000000827,sumit.salunke827@example.com,2018-10-05,Business,Active,Verified,2025-04-21,Moderate,799,BR061,RM039,Telugu,SMS,Yes
CUST00828,CIF00000828,Ramesh,,Kaur,1968-02-07,58,Male,Married,Indian,Resident,Salaried,DevOps Engineer,DRDO,Salaried,2985213,20-50L,Graduate,554 Nehru Colony,Flat 22,Kochi,Kerala,India,682001,9000000828,ramesh.kaur828@example.com,2016-01-02,Retail,Active,Verified,2024-03-18,Low,724,BR050,RM032,Marathi,Mobile App,Yes
CUST00829,CIF00000829,Manav,,Modi,1987-05-08,39,Male,Widowed,Indian,Resident,Farmer,Dairy Farmer,Self / Family Farm,Farmer,469798,2.5-5L,Higher Secondary,417 MG Road,Plot 75,New Delhi,Delhi,India,110011,9000000829,manav.modi829@example.com,2016-03-30,Retail,Active,Verified,2024-10-27,Low,662,BR017,RM012,Telugu,SMS,Yes
CUST00830,CIF00000830,Aakanksha,,Garg,1992-03-13,34,Female,Single,Indian,Resident,Salaried,Finance Manager,Infosys,Salaried,1932523,10-20L,Graduate,632 MG Road,Flat 94,Navi Mumbai,Maharashtra,India,400703,9000000830,aakanksha.garg830@example.com,2021-07-17,Premium,Active,Verified,2024-11-19,High,734,BR013,RM015,Marathi,Email,Yes
CUST00831,CIF00000831,Vivek,,Verma,1969-02-04,57,Male,Married,Indian,Resident,Self-employed,Graphic Designer,Self Employed,Self-employed,290554,2.5-5L,Higher Secondary,589 Gandhi Nagar,Flat 490,Latur,Maharashtra,India,413512,9000000831,vivek.verma831@example.com,2025-08-19,Retail,Active,Verified,2026-05-11,Moderate,684,BR012,RM011,Kannada,Branch,Yes
CUST00832,CIF00000832,Sneha,,Mane,1970-09-09,56,Female,Married,Indian,Resident,Business,Transport Business Owner,Private Company,Business,4669728,20-50L,Higher Secondary,320 Park Road,Flat 262,Amritsar,Punjab,India,143001,9000000832,sneha.mane832@example.com,2020-10-05,Business,Active,Verified,2025-11-04,Moderate,826,BR072,RM006,Punjabi,Branch,Yes
CUST00833,CIF00000833,Kamlesh,,Mehta,1968-04-13,58,Male,Married,Indian,Resident,Business,Retail Business Owner,Independent Business,Business,1027899,10-20L,Doctorate,623 Gandhi Nagar,Plot 427,Vadodara,Gujarat,India,390001,9000000833,kamlesh.mehta833@example.com,2023-04-07,Business,Active,Verified,2024-08-23,High,792,BR036,RM035,Tamil,NetBanking,Yes
CUST00834,CIF00000834,Mitali,,Bhosale,1997-04-24,29,Female,Married,Indian,Resident,Salaried,Electrical Engineer,Reliance Industries,Salaried,634882,5-10L,Doctorate,745 Park Road,Plot 381,Guwahati,Assam,India,781001,9000000834,mitali.bhosale834@example.com,2019-11-04,Retail,Active,Verified,2026-07-13,High,703,BR043,RM001,Gujarati,Mobile App,Yes
CUST00835,CIF00000835,Amit,,Bansal,1971-10-03,55,Male,Married,Indian,Resident,Salaried,Software Engineer,Aditya Birla Group,Salaried,875211,5-10L,Graduate,125 Main Street,Flat 409,Surat,Gujarat,India,395001,9000000835,amit.bansal835@example.com,2020-02-01,Retail,Active,Verified,2026-05-26,Moderate,710,BR012,RM025,Punjabi,Branch,Yes
CUST00836,CIF00000836,Keshav,,Gandhi,1992-06-10,34,Male,Married,Indian,Resident,Business,Entrepreneur,Private Company,Business,4831465,20-50L,Postgraduate,557 Nehru Colony,Plot 483,Vijayawada,Andhra Pradesh,India,520001,9000000836,keshav.gandhi836@example.com,2021-06-22,Business,Active,Verified,2025-03-11,Low,833,BR062,RM017,Kannada,Mobile App,Yes
CUST00837,CIF00000837,Adarsh,,Varma,1972-09-03,54,Male,Married,Indian,Resident,Self-employed,Graphic Designer,Self Employed,Self-employed,821603,5-10L,Doctorate,326 MG Road,Plot 285,Coimbatore,Tamil Nadu,India,641001,9000000837,adarsh.varma837@example.com,2024-12-25,Retail,Active,Verified,2024-12-03,Low,692,BR065,RM010,Punjabi,Mobile App,No
CUST00838,CIF00000838,Bhavana,,Bansal,1982-10-20,44,Female,Married,Indian,Resident,Self-employed,Chartered Accountant,Self Employed,Self-employed,900984,5-10L,Postgraduate,257 Main Street,Flat 361,Hyderabad,Telangana,India,500001,9000000838,bhavana.bansal838@example.com,2017-09-06,Retail,Active,Verified,2025-03-28,Low,715,BR019,RM046,English,Mobile App,Yes
CUST00839,CIF00000839,Mohit,,Bansal,1970-07-05,56,Male,Widowed,Indian,Resident,Self-employed,Graphic Designer,Self Employed,Self-employed,432103,2.5-5L,Diploma,35 Market Road,Flat 455,Gurgaon,Haryana,India,122001,9000000839,mohit.bansal839@example.com,2022-04-27,Retail,Active,Verified,2024-11-28,Moderate,668,BR018,RM030,Gujarati,Email,Yes
CUST00840,CIF00000840,Riya,,Iyer,1994-02-18,32,Female,Single,Indian,Resident,Salaried,Teacher,Tata Motors,Salaried,433066,2.5-5L,Postgraduate,119 Gandhi Nagar,Flat 36,Kochi,Kerala,India,682001,9000000840,riya.iyer840@example.com,2015-12-24,Retail,Active,Verified,2024-12-01,Moderate,660,BR045,RM037,English,Mobile App,Yes
CUST00841,CIF00000841,Anvi,,Bhatia,1979-02-24,47,Female,Married,Indian,Resident,Salaried,Senior Software Engineer,Infosys,Salaried,1525165,10-20L,Graduate,901 Gandhi Nagar,Plot 103,Madurai,Tamil Nadu,India,625001,9000000841,anvi.bhatia841@example.com,2015-08-09,Premium,Dormant,Verified,2026-01-22,Low,710,BR055,RM005,Telugu,Mobile App,Yes
CUST00842,CIF00000842,Mihir,,Srivastava,2004-12-02,22,Male,Single,Indian,Resident,Business,Exporter,Family Business,Business,3000000,20-50L,Graduate,994 Main Street,Plot 458,Bhubaneswar,Odisha,India,751001,9000000842,mihir.srivastava842@example.com,2024-02-20,Premium,Active,Verified,2024-08-12,High,838,BR039,RM025,English,Email,Yes
CUST00843,CIF00000843,Rakesh,,Karnik,1973-08-14,53,Male,Widowed,Indian,Resident,Salaried,Software Engineer,Mahindra & Mahindra,Salaried,1234113,10-20L,Graduate,548 Station Road,Flat 163,Sangli,Maharashtra,India,416416,9000000843,rakesh.karnik843@example.com,2020-07-07,Premium,Active,Verified,2024-05-09,Low,808,BR059,RM043,Marathi,NetBanking,Yes
CUST00844,CIF00000844,Yogesh,,Pradhan,1980-08-14,46,Male,Married,Indian,Resident,Farmer,Farmer,Self / Family Farm,Farmer,570181,5-10L,Higher Secondary,873 Market Road,Flat 439,Osmanabad,Maharashtra,India,413501,9000000844,yogesh.pradhan844@example.com,2025-09-07,Retail,Active,Verified,2024-10-27,Moderate,659,BR061,RM030,Hindi,Mobile App,Yes
CUST00845,CIF00000845,Hrithik,,Patel,1978-01-10,48,Male,Married,Indian,Resident,Salaried,Software Engineer,ISRO,Salaried,628281,5-10L,Graduate,744 Park Road,Plot 386,Vadodara,Gujarat,India,390001,9000000845,hrithik.patel845@example.com,2018-05-19,Retail,Active,Verified,2024-04-23,Moderate,698,BR020,RM006,Telugu,Mobile App,Yes
CUST00846,CIF00000846,Vidhi,,Kulkarni,1982-02-04,44,Female,Married,Indian,Resident,Business,Business Owner,Family Business,Business,1086301,10-20L,Diploma,687 Gandhi Nagar,Plot 397,Visakhapatnam,Andhra Pradesh,India,530001,9000000846,vidhi.kulkarni846@example.com,2019-06-26,Business,Active,Verified,2025-06-27,High,784,BR019,RM030,Gujarati,NetBanking,Yes
CUST00847,CIF00000847,Gauri,,Mishra,1961-07-09,65,Female,Divorced,Indian,Resident,Self-employed,Doctor,Self Employed,Self-employed,3371726,20-50L,Postgraduate,887 Nehru Colony,Flat 434,Ranchi,Jharkhand,India,834001,9000000847,gauri.mishra847@example.com,2023-02-13,Premium,Active,Verified,2024-02-14,High,748,BR024,RM006,Marathi,Mobile App,Yes
CUST00848,CIF00000848,Kajal,,Jadhav,1987-04-16,39,Female,Married,Indian,Resident,Business,Shop Owner,Family Business,Business,745030,5-10L,Graduate,146 MG Road,Plot 329,Mysuru,Karnataka,India,570001,9000000848,kajal.jadhav848@example.com,2022-12-10,Business,Active,Verified,2024-02-29,Moderate,731,BR026,RM011,English,Branch,No
CUST00849,CIF00000849,Arnav,,Varma,2001-12-04,25,Male,Single,Indian,Resident,Salaried,School Teacher,TCS,Salaried,242038,0-2.5L,Postgraduate,604 Nehru Colony,Flat 334,Ahmedabad,Gujarat,India,380001,9000000849,arnav.varma849@example.com,2017-05-09,Retail,Active,Verified,2026-02-06,Low,678,BR014,RM057,Odia,Mobile App,Yes
CUST00850,CIF00000850,Sahil,,Wagh,1997-11-04,29,Male,Married,Indian,Resident,Salaried,HR Manager,Tata Motors,Salaried,778409,5-10L,Doctorate,79 Station Road,Plot 175,Delhi,Delhi,India,110001,9000000850,sahil.wagh850@example.com,2024-06-24,Retail,Active,Verified,2025-12-24,Moderate,761,BR016,RM002,Bengali,SMS,No
CUST00851,CIF00000851,Palak,,Agarwal,1975-10-16,51,Female,Married,Indian,Resident,Salaried,Civil Engineer,Capgemini,Salaried,1735657,10-20L,Diploma,855 Station Road,Flat 104,Wardha,Maharashtra,India,442001,9000000851,palak.agarwal851@example.com,2025-08-08,Premium,Active,Verified,2025-08-25,Low,753,BR050,RM017,Bengali,Email,Yes
CUST00852,CIF00000852,Harsh,,Shinde,1991-12-18,35,Male,Married,Indian,Resident,Salaried,Finance Manager,Cognizant,Salaried,784553,5-10L,Postgraduate,376 Nehru Colony,Flat 444,Indore,Madhya Pradesh,India,452001,9000000852,harsh.shinde852@example.com,2025-02-02,Retail,Dormant,Verified,2024-06-22,Moderate,795,BR033,RM043,Tamil,NetBanking,Yes
CUST00853,CIF00000853,Ishaan,,Pradhan,2006-08-22,20,Male,Single,Indian,Resident,Student,Student,College / University,Student,7965,0-2.5L,Higher Secondary,700 Main Street,Flat 318,Nagpur,Maharashtra,India,440001,9000000853,ishaan.pradhan853@example.com,2019-04-24,Retail,Active,Verified,2026-05-20,Low,697,BR047,RM045,Marathi,Mobile App,Yes
CUST00854,CIF00000854,Ashish,,Rane,1995-03-10,31,Male,Married,Indian,Resident,Farmer,Horticulture Farmer,Self / Family Farm,Farmer,283630,2.5-5L,Postgraduate,869 Station Road,Plot 356,Thiruvananthapuram,Kerala,India,695001,9000000854,ashish.rane854@example.com,2017-06-10,Retail,Active,Verified,2024-08-15,High,670,BR074,RM009,Tamil,NetBanking,Yes
CUST00855,CIF00000855,Nikita,,Chaudhary,1998-02-13,28,Female,Married,Indian,Resident,Salaried,Doctor,Accenture,Salaried,2064279,20-50L,Postgraduate,488 Gandhi Nagar,Flat 414,Amravati,Maharashtra,India,444601,9000000855,nikita.chaudhary855@example.com,2024-02-17,Premium,Active,Pending,2025-12-16,Low,701,BR038,RM026,Gujarati,Mobile App,Yes
CUST00856,CIF00000856,Gauri,,Mishra,1999-07-28,27,Female,Married,Indian,Resident,Salaried,Defence Personnel,Reliance Industries,Salaried,251646,2.5-5L,Postgraduate,983 MG Road,Flat 127,New Delhi,Delhi,India,110011,9000000856,gauri.mishra856@example.com,2025-03-24,Retail,Active,Verified,2026-02-22,Low,703,BR015,RM009,Malayalam,NetBanking,Yes
CUST00857,CIF00000857,Shanti,,Singh,1992-11-02,34,Female,Married,Indian,Resident,Self-employed,Chartered Accountant,Self Employed,Self-employed,1923959,10-20L,Postgraduate,781 Gandhi Nagar,Plot 237,Lucknow,Uttar Pradesh,India,226001,9000000857,shanti.singh857@example.com,2020-07-31,Premium,Active,Verified,2024-01-20,Moderate,764,BR020,RM019,Tamil,Mobile App,Yes
CUST00858,CIF00000858,Sonia,,Malhotra,1977-05-25,49,Female,Married,Indian,Resident,Salaried,Professor,Cognizant,Salaried,1582649,10-20L,Postgraduate,668 Park Road,Flat 329,Jaipur,Rajasthan,India,302001,9000000858,sonia.malhotra858@example.com,2015-04-22,Premium,Active,Verified,2026-01-10,High,758,BR008,RM014,Hindi,NetBanking,Yes
CUST00859,CIF00000859,Gauri,,Sonawane,1993-03-11,33,Female,Married,Indian,Resident,Salaried,Software Engineer,State Bank of India,Salaried,1327571,10-20L,Graduate,266 Nehru Colony,Plot 351,Thane,Maharashtra,India,400601,9000000859,gauri.sonawane859@example.com,2024-06-29,Retail,Active,Pending,2026-07-03,Moderate,741,BR058,RM012,Malayalam,Mobile App,Yes
CUST00860,CIF00000860,Aditi,,Salunke,1988-09-13,38,Female,Widowed,Indian,Resident,Salaried,Teacher,Amazon India,Salaried,342718,2.5-5L,Graduate,488 Park Road,Plot 184,Akola,Maharashtra,India,444001,9000000860,aditi.salunke860@example.com,2016-08-12,Premium,Active,Verified,2025-06-25,Moderate,701,BR056,RM047,Malayalam,Branch,Yes
CUST00861,CIF00000861,Tanay,,Bhat,1971-06-26,55,Male,Married,Indian,NRI,Self-employed,Graphic Designer,Self Employed,Self-employed,2000000,20-50L,Graduate,27 Gandhi Nagar,Flat 428,Vijayawada,Andhra Pradesh,India,520001,9000000861,tanay.bhat861@example.com,2016-12-23,Retail,Active,Verified,2024-07-23,Moderate,720,BR074,RM027,Hindi,NetBanking,No
CUST00862,CIF00000862,Rashmi,,Salunke,1983-12-11,43,Female,Married,Indian,Resident,Salaried,Professor,Bajaj Finserv,Salaried,618527,5-10L,Postgraduate,353 Main Street,Flat 436,Latur,Maharashtra,India,413512,9000000862,rashmi.salunke862@example.com,2019-08-13,Retail,Active,Verified,2024-01-29,Moderate,737,BR031,RM054,Malayalam,NetBanking,Yes
CUST00863,CIF00000863,Balram,,Jain,1996-06-21,30,Male,Single,Indian,Resident,Farmer,Agricultural Worker,Self / Family Farm,Farmer,179391,0-2.5L,Higher Secondary,909 Park Road,Flat 62,Mysuru,Karnataka,India,570001,9000000863,balram.jain863@example.com,2016-12-22,Premium,Dormant,Verified,2024-06-17,Low,664,BR008,RM050,Tamil,Email,Yes
CUST00864,CIF00000864,Anvi,,Mane,1963-03-01,63,Female,Married,Indian,Resident,Self-employed,Lawyer,Self Employed,Self-employed,4110241,20-50L,Postgraduate,921 Station Road,Plot 493,Chennai,Tamil Nadu,India,600001,9000000864,anvi.mane864@example.com,2016-12-20,Retail,Dormant,Verified,2024-01-15,Low,753,BR013,RM057,Tamil,Mobile App,Yes
CUST00865,CIF00000865,Isha,,Singh,2001-04-15,25,Female,Married,Indian,Resident,Self-employed,Graphic Designer,Self Employed,Self-employed,642816,5-10L,Diploma,909 Nehru Colony,Flat 176,Thane,Maharashtra,India,400601,9000000865,isha.singh865@example.com,2024-11-27,Retail,Active,Verified,2024-10-25,High,793,BR075,RM013,Gujarati,SMS,Yes
CUST00866,CIF00000866,Deepa,,Kulkarni,1959-09-01,67,Female,Divorced,Indian,Resident,Retired,Retired Professional,Retired,Retired,1411256,10-20L,Graduate,553 Station Road,Plot 17,New Delhi,Delhi,India,110011,9000000866,deepa.kulkarni866@example.com,2019-12-10,Retail,Active,Verified,2024-11-28,Moderate,720,BR034,RM004,Marathi,Mobile App,Yes
CUST00867,CIF00000867,Anushka,,Verma,1984-04-12,42,Female,Widowed,Indian,Resident,Salaried,Doctor,Indian Railways,Salaried,1867203,10-20L,Postgraduate,668 MG Road,Flat 396,Bengaluru,Karnataka,India,560001,9000000867,anushka.verma867@example.com,2017-01-08,Retail,Active,Verified,2024-05-08,Low,769,BR056,RM046,Kannada,NetBanking,Yes
CUST00868,CIF00000868,Vandana,,Gokhale,1994-01-17,32,Female,Married,Indian,Resident,Salaried,School Teacher,Private Company,Salaried,779825,5-10L,Graduate,880 Market Road,Flat 418,Jaipur,Rajasthan,India,302001,9000000868,vandana.gokhale868@example.com,2020-06-26,Retail,Active,Verified,2025-01-07,Moderate,713,BR053,RM055,English,Mobile App,Yes
CUST00869,CIF00000869,Arnav,,Trivedi,2006-05-18,20,Male,Single,Indian,Resident,Student,Student,College / University,Student,38995,0-2.5L,Higher Secondary,587 MG Road,Flat 89,Mysuru,Karnataka,India,570001,9000000869,arnav.trivedi869@example.com,2025-02-20,Retail,Active,Verified,2024-07-16,Moderate,695,BR032,RM014,Marathi,Mobile App,Yes
CUST00870,CIF00000870,Kunal,,Nayak,1994-12-22,32,Male,Single,Indian,Resident,Salaried,Senior Software Engineer,HCLTech,Salaried,2369674,20-50L,Graduate,920 MG Road,Flat 208,Kolkata,West Bengal,India,700001,9000000870,kunal.nayak870@example.com,2016-04-09,Retail,Active,Verified,2026-04-07,Low,779,BR072,RM019,Gujarati,Mobile App,Yes
CUST00871,CIF00000871,Harish,,Goel,1989-11-08,37,Male,Married,Indian,Resident,Self-employed,Consultant,Self Employed,Self-employed,2253034,20-50L,Postgraduate,126 Station Road,Plot 404,Vijayawada,Andhra Pradesh,India,520001,9000000871,harish.goel871@example.com,2015-01-30,Retail,Active,Verified,2024-06-14,Moderate,803,BR075,RM004,Bengali,Email,Yes
CUST00872,CIF00000872,Kalpana,,Wagh,1996-01-13,30,Female,Married,Indian,Resident,Business,Business Owner,Independent Business,Business,636734,5-10L,Diploma,187 Market Road,Plot 138,Coimbatore,Tamil Nadu,India,641001,9000000872,kalpana.wagh872@example.com,2015-11-05,Business,Active,Verified,2026-07-12,Moderate,741,BR058,RM022,Punjabi,Mobile App,No
CUST00873,CIF00000873,Ayush,,Gupta,2000-11-13,26,Male,Single,Indian,Resident,Salaried,Teacher,Aditya Birla Group,Salaried,320103,2.5-5L,Doctorate,258 Park Road,Flat 464,Lucknow,Uttar Pradesh,India,226001,9000000873,ayush.gupta873@example.com,2016-06-08,Retail,Active,Verified,2025-09-27,Low,760,BR055,RM008,Bengali,Mobile App,Yes
CUST00874,CIF00000874,Aditya,,Agarwal,1994-12-08,32,Male,Married,Indian,Resident,Salaried,Police Officer,Bajaj Finserv,Salaried,941897,5-10L,Diploma,881 Main Street,Flat 163,Dehradun,Uttarakhand,India,248001,9000000874,aditya.agarwal874@example.com,2024-10-22,Retail,Active,Verified,2026-03-01,Low,697,BR018,RM007,Punjabi,Email,Yes
CUST00875,CIF00000875,Gayatri,,Bhatt,1976-03-03,50,Female,Married,Indian,Resident,Salaried,Government Employee,Flipkart,Salaried,808679,5-10L,Doctorate,514 Market Road,Flat 420,Kochi,Kerala,India,682001,9000000875,gayatri.bhatt875@example.com,2020-03-24,Premium,Active,Verified,2024-11-25,Moderate,757,BR070,RM051,Hindi,Email,Yes
CUST00876,CIF00000876,Parth,,Subramanian,2002-07-12,24,Male,Single,Indian,Resident,Salaried,Mechanical Engineer,PwC India,Salaried,626189,5-10L,Doctorate,98 Main Street,Plot 483,Kanpur,Uttar Pradesh,India,208001,9000000876,parth.subramanian876@example.com,2025-10-13,Retail,Active,Verified,2026-01-03,Moderate,706,BR070,RM043,Tamil,NetBanking,No
CUST00877,CIF00000877,Alisha,,Soman,1982-08-05,44,Female,Married,Indian,Resident,Salaried,Finance Manager,PwC India,Salaried,2347543,20-50L,Graduate,415 Nehru Colony,Flat 379,Amravati,Maharashtra,India,444601,9000000877,alisha.soman877@example.com,2024-04-20,Retail,Active,Verified,2024-05-08,High,794,BR075,RM050,Marathi,Mobile App,Yes
CUST00878,CIF00000878,Raj,,Patil,1979-11-13,47,Male,Married,Indian,Resident,Salaried,Data Scientist,Axis Bank,Salaried,1507885,10-20L,Postgraduate,173 Nehru Colony,Plot 154,Mysuru,Karnataka,India,570001,9000000878,raj.patil878@example.com,2015-02-05,Premium,Active,Verified,2024-07-12,Low,796,BR076,RM049,Tamil,Email,Yes
CUST00879,CIF00000879,Anshul,,Gokhale,1989-12-15,37,Male,Married,Indian,Resident,Self-employed,Content Creator,Self Employed,Self-employed,773627,5-10L,Graduate,41 Station Road,Flat 1,Visakhapatnam,Andhra Pradesh,India,530001,9000000879,anshul.gokhale879@example.com,2021-08-30,Retail,Active,Verified,2024-12-16,Moderate,681,BR007,RM038,Telugu,Email,Yes
CUST00880,CIF00000880,Aniket,,Shetty,2002-03-06,24,Male,Single,Indian,Resident,Self-employed,Graphic Designer,Self Employed,Self-employed,209837,0-2.5L,Postgraduate,306 Nehru Colony,Flat 45,Solapur,Maharashtra,India,413001,9000000880,aniket.shetty880@example.com,2023-04-09,Retail,Active,Verified,2026-05-22,Low,737,BR001,RM045,English,Mobile App,Yes
CUST00881,CIF00000881,Chaitanya,,Shah,2002-04-23,24,Male,Single,Indian,Resident,Salaried,Mechanical Engineer,State Government,Salaried,567966,5-10L,Graduate,539 Gandhi Nagar,Plot 6,Bhopal,Madhya Pradesh,India,462001,9000000881,chaitanya.shah881@example.com,2024-04-26,Retail,Active,Verified,2025-04-19,High,787,BR023,RM013,Tamil,SMS,Yes
CUST00882,CIF00000882,Vandana,,Roy,1990-05-05,36,Female,Married,Indian,Resident,Business,Shop Owner,Family Business,Business,866927,5-10L,Doctorate,962 Station Road,Plot 200,Mangaluru,Karnataka,India,575001,9000000882,vandana.roy882@example.com,2022-03-18,Business,Active,Verified,2024-10-21,Moderate,799,BR015,RM059,Gujarati,Email,Yes
CUST00883,CIF00000883,Naina,,Pillai,1974-07-26,52,Female,Married,Indian,Resident,Salaried,Government Employee,Amazon India,Salaried,740636,5-10L,Postgraduate,72 Park Road,Flat 175,Nagpur,Maharashtra,India,440001,9000000883,naina.pillai883@example.com,2023-11-11,Retail,Active,Verified,2024-01-21,Low,712,BR012,RM054,Bengali,Branch,Yes
CUST00884,CIF00000884,Dinesh,,Menon,2002-06-26,24,Male,Single,Indian,Resident,Business,Entrepreneur,Family Business,Business,1000000,10-20L,Graduate,202 Market Road,Plot 294,Chennai,Tamil Nadu,India,600001,9000000884,dinesh.menon884@example.com,2017-12-30,Business,Active,Verified,2024-01-12,Low,709,BR022,RM023,Tamil,Mobile App,Yes
CUST00885,CIF00000885,Simran,,Kale,1996-01-20,30,Female,Single,Indian,Resident,Self-employed,Investment Advisor,Self Employed,Self-employed,4306619,20-50L,Higher Secondary,348 Station Road,Flat 173,Nagpur,Maharashtra,India,440001,9000000885,simran.kale885@example.com,2020-03-30,Premium,Active,Verified,2026-01-29,High,762,BR035,RM012,Hindi,Mobile App,Yes
CUST00886,CIF00000886,Gayatri,,More,2003-11-21,23,Female,Single,Indian,Resident,Self-employed,Freelancer,Self Employed,Self-employed,637900,5-10L,Graduate,421 Gandhi Nagar,Flat 114,Vijayawada,Andhra Pradesh,India,520001,9000000886,gayatri.more886@example.com,2020-05-07,Retail,Active,Verified,2025-06-19,Moderate,748,BR034,RM018,Gujarati,Mobile App,Yes
CUST00887,CIF00000887,Shreya,,Pawar,1976-07-18,50,Female,Divorced,Indian,Resident,Salaried,Data Scientist,Flipkart,Salaried,2728405,20-50L,Postgraduate,947 Nehru Colony,Plot 401,Jaipur,Rajasthan,India,302001,9000000887,shreya.pawar887@example.com,2025-01-18,Retail,Active,Verified,2026-06-22,Low,753,BR012,RM034,Telugu,SMS,Yes
CUST00888,CIF00000888,Amit,,Ghosh,1994-07-25,32,Male,Single,Indian,Resident,Salaried,School Teacher,Wipro,Salaried,315339,2.5-5L,Graduate,904 Park Road,Flat 461,Guwahati,Assam,India,781001,9000000888,amit.ghosh888@example.com,2022-10-27,Retail,Active,Verified,2025-03-30,Low,698,BR035,RM059,Kannada,Mobile App,Yes
CUST00889,CIF00000889,Ishaan,,Bhat,1976-10-21,50,Male,Married,Indian,Resident,Salaried,Teacher,Capgemini,Salaried,461239,2.5-5L,Graduate,288 Nehru Colony,Flat 9,Bhopal,Madhya Pradesh,India,462001,9000000889,ishaan.bhat889@example.com,2021-02-22,Retail,Active,Verified,2025-10-24,Low,759,BR065,RM028,Telugu,SMS,Yes
CUST00890,CIF00000890,Sandhya,,Varma,2002-08-13,24,Female,Single,Indian,Resident,Self-employed,Graphic Designer,Self Employed,Self-employed,403009,2.5-5L,Postgraduate,25 Gandhi Nagar,Plot 409,Hyderabad,Telangana,India,500001,9000000890,sandhya.varma890@example.com,2017-04-17,Retail,Dormant,Verified,2024-01-23,Moderate,678,BR039,RM037,Marathi,NetBanking,Yes
CUST00891,CIF00000891,Vikram,,Chakraborty,1963-02-13,63,Male,Married,Indian,Resident,Self-employed,Lawyer,Self Employed,Self-employed,4264920,20-50L,Postgraduate,782 Station Road,Flat 493,Thane,Maharashtra,India,400601,9000000891,vikram.chakraborty891@example.com,2019-07-03,Premium,Active,Verified,2025-04-30,Moderate,827,BR025,RM052,Punjabi,Branch,Yes
CUST00892,CIF00000892,Darshan,,Shinde,1995-05-20,31,Male,Married,Indian,Resident,Salaried,Cloud Engineer,Microsoft India,Salaried,2556069,20-50L,Graduate,269 Station Road,Flat 150,Hyderabad,Telangana,India,500001,9000000892,darshan.shinde892@example.com,2020-03-14,Premium,Active,Verified,2025-12-13,High,711,BR076,RM035,Odia,Mobile App,No
CUST00893,CIF00000893,Ansh,,Karnik,2004-10-06,22,Male,Single,Indian,Resident,Student,Student,College / University,Student,45028,0-2.5L,Higher Secondary,66 Market Road,Flat 276,Kolhapur,Maharashtra,India,416001,9000000893,ansh.karnik893@example.com,2016-04-07,Retail,Active,Verified,2024-09-21,High,672,BR078,RM034,Marathi,Mobile App,No
CUST00894,CIF00000894,Gauri,,Tiwari,1963-07-16,63,Female,Married,Indian,Resident,Retired,Retired Professional,Retired,Retired,714552,5-10L,Postgraduate,515 Nehru Colony,Plot 198,Osmanabad,Maharashtra,India,413501,9000000894,gauri.tiwari894@example.com,2024-10-09,Retail,Active,Verified,2024-10-04,Moderate,768,BR029,RM044,Hindi,Mobile App,Yes
CUST00895,CIF00000895,Arnav,,Pawar,1988-08-02,38,Male,Married,Indian,Resident,Business,Shop Owner,Private Company,Business,2836549,20-50L,Higher Secondary,960 Market Road,Plot 212,Nanded,Maharashtra,India,431601,9000000895,arnav.pawar895@example.com,2020-09-24,Business,Active,Verified,2026-06-19,Low,711,BR007,RM014,English,Mobile App,Yes
CUST00896,CIF00000896,Anand,,Sarkar,1994-03-17,32,Male,Married,Indian,Resident,Salaried,Product Manager,Tata Motors,Salaried,3717495,20-50L,Higher Secondary,520 Gandhi Nagar,Flat 174,Indore,Madhya Pradesh,India,452001,9000000896,anand.sarkar896@example.com,2024-05-04,Retail,Active,Verified,2025-10-24,High,778,BR060,RM041,Tamil,Email,Yes
CUST00897,CIF00000897,Prachi,,Agarwal,1973-01-08,53,Female,Divorced,Indian,Resident,Salaried,Professor,EY India,Salaried,955579,5-10L,Postgraduate,640 MG Road,Flat 326,Kanpur,Uttar Pradesh,India,208001,9000000897,prachi.agarwal897@example.com,2023-12-21,Retail,Active,Verified,2026-08-02,Low,740,BR054,RM013,Odia,NetBanking,Yes
CUST00898,CIF00000898,Ishita,,Mahajan,1974-11-05,52,Female,Widowed,Indian,Resident,Salaried,Doctor,Indian Railways,Salaried,2502500,20-50L,Postgraduate,306 Station Road,Plot 192,Kolkata,West Bengal,India,700001,9000000898,ishita.mahajan898@example.com,2025-02-03,Premium,Active,Verified,2025-08-22,Low,700,BR012,RM060,Marathi,Email,No
CUST00899,CIF00000899,Komal,,Kaur,1969-05-08,57,Female,Married,Indian,Resident,Salaried,Software Engineer,HCLTech,Salaried,1433651,10-20L,Graduate,385 Main Street,Flat 392,Chandigarh,Chandigarh,India,160001,9000000899,komal.kaur899@example.com,2017-10-20,Retail,Active,Verified,2024-12-26,Moderate,778,BR046,RM015,Kannada,Branch,Yes
CUST00900,CIF00000900,Ved,,Patil,1987-06-28,39,Male,Divorced,Indian,Resident,Self-employed,Freelancer,Self Employed,Self-employed,1625370,10-20L,Diploma,735 Market Road,Flat 256,Coimbatore,Tamil Nadu,India,641001,9000000900,ved.patil900@example.com,2024-04-10,Premium,Active,Verified,2025-12-30,High,789,BR052,RM027,Marathi,NetBanking,No
CUST00901,CIF00000901,Kartik,,Roy,1979-11-06,47,Male,Widowed,Indian,Resident,Salaried,Software Engineer,State Government,Salaried,1372224,10-20L,Graduate,139 Gandhi Nagar,Flat 132,Solapur,Maharashtra,India,413001,9000000901,kartik.roy901@example.com,2018-03-08,Premium,Active,Verified,2024-07-07,Moderate,774,BR022,RM027,Punjabi,Mobile App,Yes
CUST00902,CIF00000902,Siddharth,,Rathod,1975-10-26,51,Male,Married,Indian,Resident,Salaried,Teacher,Private Company,Salaried,668009,5-10L,Doctorate,975 Gandhi Nagar,Flat 111,Jaipur,Rajasthan,India,302001,9000000902,siddharth.rathod902@example.com,2025-03-10,Premium,Active,Verified,2025-05-03,Moderate,793,BR052,RM036,Malayalam,Mobile App,Yes
CUST00903,CIF00000903,Mitali,,Wagh,1971-04-04,55,Female,Married,Indian,Resident,Self-employed,Chartered Accountant,Self Employed,Self-employed,1011830,10-20L,Postgraduate,336 Station Road,Plot 382,Coimbatore,Tamil Nadu,India,641001,9000000903,mitali.wagh903@example.com,2016-12-08,Retail,Active,Verified,2024-03-27,High,706,BR020,RM009,Kannada,Branch,Yes
CUST00904,CIF00000904,Aniket,,Mehta,1975-01-28,51,Male,Married,Indian,Resident,Self-employed,Consultant,Self Employed,Self-employed,2393091,20-50L,Graduate,292 Gandhi Nagar,Plot 37,Solapur,Maharashtra,India,413001,9000000904,aniket.mehta904@example.com,2025-08-02,Retail,Active,Verified,2024-07-28,Moderate,708,BR067,RM052,Punjabi,Email,Yes
CUST00905,CIF00000905,Yash,,Dubey,1970-10-23,56,Male,Married,Indian,Resident,Salaried,Software Engineer,EY India,Salaried,935898,5-10L,Graduate,665 Station Road,Flat 94,Nanded,Maharashtra,India,431601,9000000905,yash.dubey905@example.com,2023-04-29,Retail,Active,Verified,2024-02-01,Moderate,780,BR073,RM060,Bengali,Branch,No
CUST00906,CIF00000906,Reema,,Deshmukh,1988-06-13,38,Female,Married,Indian,Resident,Business,Retail Business Owner,Private Company,Business,2743354,20-50L,Higher Secondary,547 Station Road,Plot 44,Bhopal,Madhya Pradesh,India,462001,9000000906,reema.deshmukh906@example.com,2025-07-17,Premium,Active,Verified,2025-10-05,High,805,BR001,RM029,Punjabi,Branch,Yes
CUST00907,CIF00000907,Vaibhav,,Tripathi,1983-02-23,43,Male,Widowed,Indian,Resident,Salaried,Finance Manager,Tata Motors,Salaried,1020728,10-20L,Graduate,168 Main Street,Flat 38,Akola,Maharashtra,India,444001,9000000907,vaibhav.tripathi907@example.com,2024-07-11,Retail,Active,Verified,2025-09-25,Low,808,BR041,RM055,Kannada,Branch,Yes
CUST00908,CIF00000908,Suresh,,Shinde,1994-06-27,32,Male,Single,Indian,Resident,Salaried,Mechanical Engineer,State Government,Salaried,553667,5-10L,Diploma,637 Gandhi Nagar,Plot 306,Jaipur,Rajasthan,India,302001,9000000908,suresh.shinde908@example.com,2015-12-19,Retail,Active,Verified,2025-06-12,Moderate,776,BR062,RM013,Gujarati,Branch,Yes
CUST00909,CIF00000909,Om,,Gupta,1985-07-28,41,Male,Married,Indian,Resident,Self-employed,Graphic Designer,Self Employed,Self-employed,776846,5-10L,Doctorate,132 Nehru Colony,Flat 34,Surat,Gujarat,India,395001,9000000909,om.gupta909@example.com,2015-01-01,Retail,Active,Verified,2025-12-09,Moderate,779,BR061,RM027,Telugu,Mobile App,Yes
CUST00910,CIF00000910,Yash,,Yadav,1969-07-07,57,Male,Married,Indian,Resident,Salaried,Software Engineer,Google India,Salaried,1374783,10-20L,Graduate,995 Main Street,Flat 417,Jaipur,Rajasthan,India,302001,9000000910,yash.yadav910@example.com,2025-10-11,Premium,Active,Verified,2025-06-05,Moderate,784,BR001,RM023,Telugu,Mobile App,Yes
CUST00911,CIF00000911,Arjun,,More,1976-01-02,50,Male,Married,Indian,Resident,Farmer,Horticulture Farmer,Self / Family Farm,Farmer,216614,0-2.5L,Postgraduate,292 MG Road,Flat 457,Solapur,Maharashtra,India,413001,9000000911,arjun.more911@example.com,2019-02-07,Retail,Active,Verified,2024-11-14,Low,683,BR041,RM058,Tamil,NetBanking,Yes
CUST00912,CIF00000912,Aaliya,,Kaur,1970-09-12,56,Female,Married,Indian,Resident,Business,Business Owner,Family Business,Business,1107515,10-20L,Higher Secondary,938 Nehru Colony,Flat 205,Dehradun,Uttarakhand,India,248001,9000000912,aaliya.kaur912@example.com,2019-04-17,Business,Active,Verified,2025-12-11,Moderate,750,BR003,RM043,Bengali,NetBanking,Yes
CUST00913,CIF00000913,Chirag,,Pradhan,1977-07-05,49,Male,Married,Indian,Resident,Self-employed,Chartered Accountant,Self Employed,Self-employed,1559529,10-20L,Postgraduate,205 MG Road,Plot 310,Kanpur,Uttar Pradesh,India,208001,9000000913,chirag.pradhan913@example.com,2019-11-27,Retail,Dormant,Verified,2026-05-20,High,790,BR003,RM033,Malayalam,Email,Yes
CUST00914,CIF00000914,Neha,,Bhosale,1969-12-21,57,Female,Married,Indian,NRI,Salaried,Electrical Engineer,Wipro,Salaried,2000000,20-50L,Postgraduate,907 Main Street,Plot 41,Nagpur,Maharashtra,India,440001,9000000914,neha.bhosale914@example.com,2022-08-15,Premium,Active,Verified,2026-07-21,Moderate,791,BR019,RM052,Kannada,Branch,Yes
CUST00915,CIF00000915,Rakesh,,Srivastava,1983-08-26,43,Male,Divorced,Indian,Resident,Self-employed,Architect,Self Employed,Self-employed,2952489,20-50L,Higher Secondary,701 Gandhi Nagar,Plot 76,Bengaluru,Karnataka,India,560001,9000000915,rakesh.srivastava915@example.com,2017-09-14,Premium,Active,Verified,2026-07-15,Low,723,BR061,RM044,English,Email,Yes
CUST00916,CIF00000916,Komal,,Malhotra,2001-12-03,25,Female,Married,Indian,Resident,Self-employed,Consultant,Self Employed,Self-employed,1715312,10-20L,Graduate,843 Market Road,Flat 374,Latur,Maharashtra,India,413512,9000000916,komal.malhotra916@example.com,2025-04-20,Retail,Active,Verified,2026-06-16,Low,781,BR063,RM052,Kannada,Email,No
CUST00917,CIF00000917,Tanay,,Gupta,1962-06-16,64,Male,Married,Indian,Resident,Self-employed,Dentist,Self Employed,Self-employed,2296751,20-50L,Postgraduate,833 Market Road,Plot 4,Lucknow,Uttar Pradesh,India,226001,9000000917,tanay.gupta917@example.com,2015-02-25,Retail,Active,Verified,2025-02-14,Low,717,BR007,RM022,English,Mobile App,Yes
CUST00918,CIF00000918,Srinivas,,Pradhan,1998-10-04,28,Male,Married,Indian,Resident,Self-employed,Dentist,Self Employed,Self-employed,1377969,10-20L,Postgraduate,12 Nehru Colony,Flat 23,Yavatmal,Maharashtra,India,445001,9000000918,srinivas.pradhan918@example.com,2022-03-10,Retail,Active,Pending,2024-03-01,Moderate,711,BR031,RM041,English,SMS,Yes
CUST00919,CIF00000919,Adarsh,,Verma,1988-03-13,38,Male,Married,Indian,Resident,Self-employed,Lawyer,Self Employed,Self-employed,2277981,20-50L,Postgraduate,43 MG Road,Plot 274,Kochi,Kerala,India,682001,9000000919,adarsh.verma919@example.com,2021-05-17,Retail,Active,Verified,2025-04-19,Moderate,759,BR045,RM059,Bengali,SMS,No
CUST00920,CIF00000920,Harini,,Mahajan,1980-11-18,46,Female,Married,Indian,Resident,Salaried,HR Manager,Tata Motors,Salaried,687440,5-10L,Postgraduate,124 Gandhi Nagar,Flat 200,Surat,Gujarat,India,395001,9000000920,harini.mahajan920@example.com,2022-10-11,Retail,Active,Verified,2024-08-04,Low,716,BR037,RM057,Tamil,Mobile App,Yes
CUST00921,CIF00000921,Mahima,,Goel,1966-07-27,60,Female,Married,Indian,Resident,Farmer,Agricultural Worker,Self / Family Farm,Farmer,157254,0-2.5L,Higher Secondary,143 Main Street,Flat 16,Patna,Bihar,India,800001,9000000921,mahima.goel921@example.com,2015-08-03,Retail,Active,Verified,2026-06-03,Low,700,BR020,RM049,Kannada,SMS,Yes
CUST00922,CIF00000922,Aaliya,,Dubey,1994-07-16,32,Female,Single,Indian,Resident,Self-employed,Chartered Accountant,Self Employed,Self-employed,3869999,20-50L,Postgraduate,829 MG Road,Flat 28,Pune,Maharashtra,India,411001,9000000922,aaliya.dubey922@example.com,2025-09-16,Premium,Active,Verified,2024-03-04,Moderate,765,BR048,RM009,Marathi,Email,Yes
CUST00923,CIF00000923,Hrithik,,Kaur,1985-08-19,41,Male,Married,Indian,Resident,Business,Business Owner,Private Company,Business,2255298,20-50L,Postgraduate,56 Main Street,Plot 64,Nashik,Maharashtra,India,422001,9000000923,hrithik.kaur923@example.com,2023-03-17,Business,Active,Verified,2026-02-15,Low,795,BR068,RM041,Punjabi,SMS,Yes
CUST00924,CIF00000924,Simran,,Menon,1979-08-13,47,Female,Married,Indian,Resident,Farmer,Farmer,Self / Family Farm,Farmer,384473,2.5-5L,Higher Secondary,561 MG Road,Flat 240,Kolkata,West Bengal,India,700001,9000000924,simran.menon924@example.com,2016-05-19,Retail,Active,Verified,2024-09-05,Moderate,680,BR062,RM055,Bengali,Mobile App,Yes
CUST00925,CIF00000925,Mihir,,Kaur,1963-12-16,63,Male,Married,Indian,Resident,Farmer,Agricultural Worker,Self / Family Farm,Farmer,86282,0-2.5L,Higher Secondary,218 Nehru Colony,Plot 108,Bengaluru,Karnataka,India,560001,9000000925,mihir.kaur925@example.com,2019-01-14,Retail,Active,Verified,2024-10-23,Moderate,730,BR034,RM003,Marathi,Branch,Yes
CUST00926,CIF00000926,Rajat,,Karnik,1979-06-21,47,Male,Married,Indian,Resident,Business,Medium Business Owner,Family Business,Business,18441391,1Cr+,Postgraduate,145 MG Road,Flat 352,Vijayawada,Andhra Pradesh,India,520001,9000000926,rajat.karnik926@example.com,2019-12-05,Premium,Active,Verified,2024-09-14,High,800,BR001,RM005,Kannada,Mobile App,Yes
CUST00927,CIF00000927,Dinesh,,Soman,1996-06-27,30,Male,Married,Indian,Resident,Self-employed,Architect,Self Employed,Self-employed,1490944,10-20L,Postgraduate,329 Nehru Colony,Flat 432,Patna,Bihar,India,800001,9000000927,dinesh.soman927@example.com,2021-10-12,Retail,Active,Verified,2026-07-07,High,775,BR050,RM004,Bengali,Mobile App,Yes
CUST00928,CIF00000928,Harshad,,Suresh,2007-03-05,19,Male,Single,Indian,Resident,Student,Student,College / University,Student,1930,0-2.5L,Higher Secondary,505 Park Road,Flat 112,Bhopal,Madhya Pradesh,India,462001,9000000928,harshad.suresh928@example.com,2017-10-04,Retail,Active,Verified,2026-06-26,Moderate,654,BR065,RM045,English,SMS,No
CUST00929,CIF00000929,Jiya,,Shetty,1976-05-03,50,Female,Married,Indian,Resident,Salaried,Software Engineer,Larsen & Toubro,Salaried,483616,2.5-5L,Graduate,746 Nehru Colony,Flat 243,Lucknow,Uttar Pradesh,India,226001,9000000929,jiya.shetty929@example.com,2023-12-11,Retail,Active,Verified,2024-02-24,Moderate,644,BR017,RM058,Bengali,Email,Yes
CUST00930,CIF00000930,Naina,,Patel,1977-07-07,49,Female,Married,Indian,Resident,Salaried,Electrical Engineer,TCS,Salaried,1350939,10-20L,Graduate,825 Market Road,Plot 183,Lucknow,Uttar Pradesh,India,226001,9000000930,naina.patel930@example.com,2024-06-10,Retail,Active,Verified,2025-02-17,Low,818,BR034,RM027,Hindi,SMS,Yes
CUST00931,CIF00000931,Isha,,Modi,1991-10-26,35,Female,Widowed,Indian,Resident,Business,Business Owner,Startup,Business,838251,5-10L,Graduate,80 Main Street,Flat 362,Hyderabad,Telangana,India,500001,9000000931,isha.modi931@example.com,2021-05-26,Business,Active,Verified,2026-01-27,Moderate,766,BR080,RM057,Telugu,NetBanking,Yes
CUST00932,CIF00000932,Neel,,Varma,1991-03-23,35,Male,Married,Indian,Resident,Business,Manufacturer,Family Business,Business,2198920,20-50L,Diploma,562 Market Road,Plot 451,Bhubaneswar,Odisha,India,751001,9000000932,neel.varma932@example.com,2023-05-11,Retail,Active,Verified,2025-11-07,Moderate,728,BR014,RM022,Punjabi,Mobile App,Yes
CUST00933,CIF00000933,Gauri,,Kulkarni,2000-05-06,26,Female,Married,Indian,Resident,Salaried,Software Engineer,EY India,Salaried,495657,2.5-5L,Graduate,847 Gandhi Nagar,Flat 204,Bhubaneswar,Odisha,India,751001,9000000933,gauri.kulkarni933@example.com,2016-07-17,Retail,Active,Verified,2025-12-13,Moderate,756,BR063,RM005,Malayalam,Branch,Yes
CUST00934,CIF00000934,Avinash,,Jain,1970-12-24,56,Male,Married,Indian,Resident,Salaried,School Teacher,Tata Motors,Salaried,746544,5-10L,Postgraduate,262 Market Road,Plot 206,Nanded,Maharashtra,India,431601,9000000934,avinash.jain934@example.com,2015-10-04,Retail,Active,Verified,2025-08-11,Moderate,729,BR077,RM035,Tamil,Branch,Yes
CUST00935,CIF00000935,Nisha,,Roy,1987-01-27,39,Female,Married,Indian,Resident,Business,Entrepreneur,Startup,Business,5759436,50L-1Cr,Postgraduate,557 MG Road,Flat 73,Kanpur,Uttar Pradesh,India,208001,9000000935,nisha.roy935@example.com,2017-09-15,Premium,Active,Verified,2024-05-15,Moderate,740,BR001,RM007,Kannada,Mobile App,Yes
CUST00936,CIF00000936,Shreya,,Salunke,1978-05-16,48,Female,Widowed,Indian,Resident,Business,Entrepreneur,Private Company,Business,3330213,20-50L,Doctorate,442 Main Street,Flat 27,Nanded,Maharashtra,India,431601,9000000936,shreya.salunke936@example.com,2018-08-13,Premium,Active,Verified,2025-06-17,Moderate,781,BR054,RM052,Malayalam,Mobile App,Yes
CUST00937,CIF00000937,Sanjana,,Chakraborty,1978-08-10,48,Female,Married,Indian,Resident,Salaried,Bank Employee,KPMG India,Salaried,701200,5-10L,Postgraduate,6 Station Road,Plot 427,Rajkot,Gujarat,India,360001,9000000937,sanjana.chakraborty937@example.com,2024-12-31,Retail,Active,Verified,2026-07-23,Moderate,712,BR069,RM028,English,Email,Yes
CUST00938,CIF00000938,Raj,,Sharma,2000-03-02,26,Male,Married,Indian,Resident,Farmer,Agricultural Worker,Self / Family Farm,Farmer,178655,0-2.5L,Higher Secondary,817 Gandhi Nagar,Flat 25,Coimbatore,Tamil Nadu,India,641001,9000000938,raj.sharma938@example.com,2015-07-06,Retail,Active,Verified,2024-08-16,High,696,BR004,RM039,Tamil,NetBanking,Yes
CUST00939,CIF00000939,Mohit,,Upadhyay,1977-02-07,49,Male,Married,Indian,Resident,Salaried,Software Engineer,Startup,Salaried,538859,5-10L,Graduate,372 Park Road,Plot 270,Thiruvananthapuram,Kerala,India,695001,9000000939,mohit.upadhyay939@example.com,2024-11-03,Retail,Active,Verified,2024-02-13,Moderate,742,BR060,RM014,Telugu,Branch,Yes
CUST00940,CIF00000940,Sneha,,Shinde,1972-11-25,54,Female,Married,Indian,Resident,Self-employed,Consultant,Self Employed,Self-employed,779394,5-10L,Postgraduate,562 MG Road,Flat 222,Patna,Bihar,India,800001,9000000940,sneha.shinde940@example.com,2025-09-09,Retail,Active,Verified,2024-09-13,Moderate,708,BR035,RM010,Odia,SMS,Yes
CUST00941,CIF00000941,Kartik,,Das,1971-04-04,55,Male,Married,Indian,Resident,Salaried,Bank Employee,Reliance Industries,Salaried,989632,5-10L,Graduate,578 Gandhi Nagar,Flat 236,Noida,Uttar Pradesh,India,201301,9000000941,kartik.das941@example.com,2021-11-05,Retail,Active,Verified,2025-04-16,Moderate,787,BR047,RM040,Telugu,SMS,No
CUST00942,CIF00000942,Pratik,,Chaudhary,1977-11-17,49,Male,Married,Indian,NRI,Salaried,Electrical Engineer,EY India,Salaried,2000000,20-50L,Postgraduate,895 Park Road,Plot 413,Latur,Maharashtra,India,413512,9000000942,pratik.chaudhary942@example.com,2017-04-05,Retail,Active,Verified,2025-03-06,Moderate,720,BR021,RM016,Odia,Mobile App,Yes
CUST00943,CIF00000943,Utkarsh,,Bhat,1981-04-23,45,Male,Married,Indian,Resident,Business,Transport Business Owner,Family Business,Business,7061369,50L-1Cr,Doctorate,3 Park Road,Flat 432,Wardha,Maharashtra,India,442001,9000000943,utkarsh.bhat943@example.com,2020-02-25,Premium,Active,Verified,2025-10-19,Moderate,793,BR012,RM024,Hindi,Mobile App,No
CUST00944,CIF00000944,Vivek,,Subramanian,1986-03-08,40,Male,Divorced,Indian,Resident,Salaried,Electrical Engineer,Startup,Salaried,707613,5-10L,Graduate,137 Park Road,Plot 113,Lucknow,Uttar Pradesh,India,226001,9000000944,vivek.subramanian944@example.com,2018-07-03,Retail,Active,Verified,2025-10-01,Moderate,733,BR065,RM038,English,Mobile App,No
CUST00945,CIF00000945,Karan,,Sharma,1968-09-09,58,Male,Married,Indian,Resident,Self-employed,Trader,Self Employed,Self-employed,597456,5-10L,Diploma,830 Park Road,Plot 298,Bhubaneswar,Odisha,India,751001,9000000945,karan.sharma945@example.com,2018-01-22,Retail,Active,Verified,2025-10-04,Moderate,791,BR057,RM027,Bengali,NetBanking,Yes
CUST00946,CIF00000946,Anirudh,,Subramanian,2002-06-17,24,Male,Single,Indian,Resident,Salaried,Government Employee,Accenture,Salaried,691971,5-10L,Postgraduate,624 Nehru Colony,Plot 200,Hyderabad,Telangana,India,500001,9000000946,anirudh.subramanian946@example.com,2018-12-15,Retail,Active,Verified,2024-08-03,Moderate,754,BR065,RM017,Malayalam,Mobile App,Yes
CUST00947,CIF00000947,Diya,,Sonawane,1995-11-28,31,Female,Single,Indian,Resident,Salaried,Software Engineer,Google India,Salaried,435429,2.5-5L,Graduate,342 Gandhi Nagar,Flat 450,Bhopal,Madhya Pradesh,India,462001,9000000947,diya.sonawane947@example.com,2021-08-28,Retail,Active,Verified,2026-08-08,High,691,BR073,RM042,Malayalam,Email,Yes
CUST00948,CIF00000948,Vineeta,,Desai,1996-03-08,30,Female,Single,Indian,Resident,Salaried,Electrical Engineer,Aditya Birla Group,Salaried,455685,2.5-5L,Graduate,493 Nehru Colony,Flat 285,Patna,Bihar,India,800001,9000000948,vineeta.desai948@example.com,2019-05-09,Retail,Active,Verified,2026-07-03,Low,731,BR030,RM015,Tamil,Mobile App,Yes
CUST00949,CIF00000949,Saloni,,Menon,1975-04-11,51,Female,Married,Indian,Resident,Business,Retail Business Owner,Independent Business,Business,673861,5-10L,Doctorate,363 Gandhi Nagar,Flat 410,Rajkot,Gujarat,India,360001,9000000949,saloni.menon949@example.com,2020-02-29,Business,Active,Verified,2024-04-13,High,745,BR022,RM054,Odia,Email,Yes
CUST00950,CIF00000950,Armaan,,More,1996-12-27,30,Male,Single,Indian,Resident,Self-employed,Chartered Accountant,Self Employed,Self-employed,3470024,20-50L,Postgraduate,287 Main Street,Flat 189,Nagpur,Maharashtra,India,440001,9000000950,armaan.more950@example.com,2022-03-21,Premium,Dormant,Verified,2024-04-17,High,751,BR010,RM020,Hindi,Email,Yes
CUST00951,CIF00000951,Akanksha,,Deshmukh,1990-01-19,36,Female,Married,Indian,Resident,Business,Construction Business Owner,Private Company,Business,13828152,1Cr+,Diploma,655 Park Road,Plot 231,Mangaluru,Karnataka,India,575001,9000000951,akanksha.deshmukh951@example.com,2016-04-11,Business,Active,Verified,2026-06-13,High,781,BR019,RM015,Odia,NetBanking,No
CUST00952,CIF00000952,Kirti,,Roy,1988-05-27,38,Female,Divorced,Indian,Resident,Salaried,Electrical Engineer,Infosys,Salaried,1264055,10-20L,Doctorate,23 MG Road,Flat 481,Visakhapatnam,Andhra Pradesh,India,530001,9000000952,kirti.roy952@example.com,2025-04-05,Retail,Active,Verified,2024-08-11,High,797,BR064,RM033,Odia,Mobile App,Yes
CUST00953,CIF00000953,Sahil,,Upadhyay,1978-04-23,48,Male,Married,Indian,Resident,Homemaker,Homemaker,Not Applicable,Homemaker,59376,0-2.5L,Higher Secondary,39 Station Road,Flat 46,Bengaluru,Karnataka,India,560001,9000000953,sahil.upadhyay953@example.com,2022-11-20,Retail,Active,Verified,2025-12-23,Moderate,657,BR039,RM042,Marathi,Branch,No
CUST00954,CIF00000954,Karan,,Goswami,1980-04-10,46,Male,Married,Indian,Resident,Self-employed,Consultant,Self Employed,Self-employed,3688635,20-50L,Graduate,299 Nehru Colony,Flat 242,Amritsar,Punjab,India,143001,9000000954,karan.goswami954@example.com,2023-04-15,Premium,Active,Verified,2026-01-14,High,772,BR016,RM023,Odia,Mobile App,Yes
CUST00955,CIF00000955,Sakshi,,Chopra,1956-02-13,70,Female,Married,Indian,Resident,Retired,Pensioner,Retired,Retired,240370,0-2.5L,Postgraduate,579 Market Road,Flat 428,Solapur,Maharashtra,India,413001,9000000955,sakshi.chopra955@example.com,2015-09-18,Retail,Active,Verified,2024-04-11,Low,696,BR030,RM051,Tamil,Branch,Yes
CUST00956,CIF00000956,Lavanya,,Chakraborty,1988-11-21,38,Female,Married,Indian,Resident,Business,Manufacturer,Independent Business,Business,7855996,50L-1Cr,Graduate,248 Station Road,Plot 15,Osmanabad,Maharashtra,India,413501,9000000956,lavanya.chakraborty956@example.com,2015-04-16,Retail,Active,Verified,2026-05-23,High,834,BR045,RM060,English,Mobile App,Yes
CUST00957,CIF00000957,Shalini,,Gupta,1992-07-08,34,Female,Single,Indian,Resident,Salaried,Cloud Engineer,Larsen & Toubro,Salaried,2543220,20-50L,Graduate,285 Station Road,Plot 472,Kochi,Kerala,India,682001,9000000957,shalini.gupta957@example.com,2019-08-29,Premium,Active,Verified,2026-05-08,Low,752,BR017,RM009,Odia,Mobile App,Yes
CUST00958,CIF00000958,Mohit,,Wagh,2002-08-20,24,Male,Single,Indian,Resident,Business,Business Owner,Private Company,Business,437942,2.5-5L,Graduate,74 Main Street,Flat 156,Hyderabad,Telangana,India,500001,9000000958,mohit.wagh958@example.com,2021-03-18,Premium,Active,Verified,2024-10-07,Moderate,668,BR038,RM002,Punjabi,Mobile App,Yes
CUST00959,CIF00000959,Sagar,,Chaudhary,1979-04-03,47,Male,Married,Indian,Resident,Salaried,School Teacher,Larsen & Toubro,Salaried,578007,5-10L,Diploma,582 Market Road,Plot 183,Vadodara,Gujarat,India,390001,9000000959,sagar.chaudhary959@example.com,2024-02-15,Retail,Active,Verified,2026-07-04,Moderate,686,BR079,RM041,Telugu,NetBanking,Yes
CUST00960,CIF00000960,Eshan,,Shinde,1980-06-11,46,Male,Married,Indian,Resident,Business,Entrepreneur,Family Business,Business,3203756,20-50L,Graduate,66 Gandhi Nagar,Plot 107,Vadodara,Gujarat,India,390001,9000000960,eshan.shinde960@example.com,2025-05-26,Retail,Active,Verified,2024-10-04,Moderate,849,BR037,RM060,Odia,Mobile App,Yes
CUST00961,CIF00000961,Namrata,,Garg,1964-12-03,62,Female,Married,Indian,Resident,Self-employed,Chartered Accountant,Self Employed,Self-employed,1919211,10-20L,Postgraduate,383 Gandhi Nagar,Flat 298,Vadodara,Gujarat,India,390001,9000000961,namrata.garg961@example.com,2017-09-14,Premium,Active,Verified,2024-04-05,High,729,BR015,RM017,Punjabi,Branch,Yes
CUST00962,CIF00000962,Rashi,,Modi,1990-09-26,36,Female,Married,Indian,Resident,Salaried,Doctor,Google India,Salaried,867756,5-10L,Postgraduate,383 Market Road,Flat 52,Vijayawada,Andhra Pradesh,India,520001,9000000962,rashi.modi962@example.com,2019-12-11,Retail,Active,Verified,2024-09-06,Moderate,743,BR011,RM020,Gujarati,NetBanking,Yes
CUST00963,CIF00000963,Anjali,,Chaudhary,1977-07-21,49,Female,Married,Indian,Resident,Salaried,Pharmacist,TCS,Salaried,804764,5-10L,Postgraduate,538 Main Street,Flat 66,Bengaluru,Karnataka,India,560001,9000000963,anjali.chaudhary963@example.com,2020-06-13,Retail,Active,Verified,2024-02-24,Moderate,782,BR053,RM042,Malayalam,Mobile App,Yes
CUST00964,CIF00000964,Chaitanya,,Roy,1992-03-07,34,Male,Single,Indian,Resident,Self-employed,Graphic Designer,Self Employed,Self-employed,712525,5-10L,Higher Secondary,56 Station Road,Plot 222,Yavatmal,Maharashtra,India,445001,9000000964,chaitanya.roy964@example.com,2025-07-25,Retail,Active,Pending,2025-12-08,Moderate,713,BR043,RM059,English,Mobile App,Yes
CUST00965,CIF00000965,Dhruv,,Mane,1998-02-28,28,Male,Married,Indian,Resident,Business,Transport Business Owner,Independent Business,Business,2213311,20-50L,Diploma,412 Park Road,Plot 106,Pune,Maharashtra,India,411001,9000000965,dhruv.mane965@example.com,2016-02-27,Business,Active,Verified,2024-05-11,Moderate,740,BR018,RM055,Marathi,NetBanking,Yes
CUST00966,CIF00000966,Raj,,Kapoor,1967-02-04,59,Male,Married,Indian,Resident,Farmer,Agricultural Worker,Self / Family Farm,Farmer,94207,0-2.5L,Higher Secondary,777 Station Road,Flat 158,Mysuru,Karnataka,India,570001,9000000966,raj.kapoor966@example.com,2019-03-28,Retail,Active,Verified,2024-07-16,Moderate,655,BR030,RM042,Marathi,NetBanking,Yes
CUST00967,CIF00000967,Anvi,,Joshi,1975-07-26,51,Female,Married,Indian,Resident,Salaried,Product Manager,ICICI Bank,Salaried,4306955,20-50L,Postgraduate,6 Station Road,Flat 263,Indore,Madhya Pradesh,India,452001,9000000967,anvi.joshi967@example.com,2016-06-01,Premium,Active,Verified,2024-06-27,Moderate,767,BR007,RM047,Punjabi,SMS,No
CUST00968,CIF00000968,Varun,,Sarkar,1974-06-23,52,Male,Married,Indian,Resident,Business,Restaurant Owner,Startup,Business,1497131,10-20L,Postgraduate,182 Park Road,Plot 207,Visakhapatnam,Andhra Pradesh,India,530001,9000000968,varun.sarkar968@example.com,2016-12-27,Business,Active,Verified,2026-05-17,Low,779,BR009,RM018,Bengali,Mobile App,Yes
CUST00969,CIF00000969,Bhumika,,Patil,1972-06-06,54,Female,Married,Indian,Resident,Self-employed,Content Creator,Self Employed,Self-employed,367042,2.5-5L,Postgraduate,296 Park Road,Plot 486,Indore,Madhya Pradesh,India,452001,9000000969,bhumika.patil969@example.com,2016-03-07,Retail,Active,Verified,2025-03-20,Low,674,BR041,RM043,Gujarati,Mobile App,Yes
CUST00970,CIF00000970,Aradhana,,Reddy,1968-05-04,58,Female,Married,Indian,Resident,Farmer,Horticulture Farmer,Self / Family Farm,Farmer,369115,2.5-5L,Postgraduate,347 Park Road,Flat 329,Amravati,Maharashtra,India,444601,9000000970,aradhana.reddy970@example.com,2018-04-01,Retail,Active,Verified,2026-08-14,High,671,BR054,RM013,Odia,Mobile App,Yes
CUST00971,CIF00000971,Rajat,,Mahajan,1980-08-19,46,Male,Married,Indian,Resident,Salaried,Doctor,Google India,Salaried,4246243,20-50L,Postgraduate,655 Station Road,Plot 386,Ranchi,Jharkhand,India,834001,9000000971,rajat.mahajan971@example.com,2022-07-02,Premium,Active,Verified,2025-11-04,Moderate,813,BR010,RM027,Hindi,NetBanking,Yes
CUST00972,CIF00000972,Santosh,,Chopra,1972-03-25,54,Male,Married,Indian,Resident,Salaried,Data Analyst,Google India,Salaried,1167633,10-20L,Graduate,851 Nehru Colony,Flat 49,Kochi,Kerala,India,682001,9000000972,santosh.chopra972@example.com,2015-04-05,Retail,Active,Verified,2026-04-14,Moderate,763,BR062,RM036,English,Mobile App,Yes
CUST00973,CIF00000973,Siddharth,,Malhotra,1997-03-24,29,Male,Married,Indian,Resident,Salaried,Police Officer,PwC India,Salaried,319108,2.5-5L,Graduate,593 Nehru Colony,Plot 199,Surat,Gujarat,India,395001,9000000973,siddharth.malhotra973@example.com,2021-08-22,Retail,Active,Verified,2026-02-07,Low,738,BR052,RM014,Gujarati,Mobile App,Yes
CUST00974,CIF00000974,Avani,,Upadhyay,1967-07-23,59,Female,Divorced,Indian,Resident,Farmer,Agricultural Worker,Self / Family Farm,Farmer,138793,0-2.5L,Higher Secondary,300 Market Road,Flat 318,Bhopal,Madhya Pradesh,India,462001,9000000974,avani.upadhyay974@example.com,2017-12-10,Retail,Active,Pending,2024-01-27,Moderate,749,BR053,RM044,Malayalam,Branch,Yes
CUST00975,CIF00000975,Garima,,Varma,1998-10-02,28,Female,Married,Indian,Resident,Salaried,Data Analyst,Startup,Salaried,604278,5-10L,Graduate,780 Nehru Colony,Flat 116,Jaipur,Rajasthan,India,302001,9000000975,garima.varma975@example.com,2015-04-23,Retail,Active,Pending,2024-08-08,Moderate,694,BR061,RM059,Odia,NetBanking,Yes
CUST00976,CIF00000976,Saloni,,Jain,2004-01-03,22,Female,Single,Indian,Resident,Student,Student,College / University,Student,34962,0-2.5L,Higher Secondary,258 Market Road,Flat 206,Surat,Gujarat,India,395001,9000000976,saloni.jain976@example.com,2021-04-26,Retail,Active,Verified,2025-11-01,Low,667,BR076,RM043,Odia,Mobile App,Yes
CUST00977,CIF00000977,Alok,,Mishra,1994-02-20,32,Male,Married,Indian,Resident,Business,Shop Owner,Independent Business,Business,562120,5-10L,Postgraduate,617 MG Road,Flat 74,Amritsar,Punjab,India,143001,9000000977,alok.mishra977@example.com,2019-09-05,Business,Active,Verified,2024-07-24,High,798,BR034,RM033,Telugu,Branch,Yes
CUST00978,CIF00000978,Sunita,,Ghosh,1992-09-13,34,Female,Single,Indian,Resident,Salaried,Marketing Manager,ISRO,Salaried,1069518,10-20L,Diploma,61 MG Road,Flat 247,Bhubaneswar,Odisha,India,751001,9000000978,sunita.ghosh978@example.com,2021-05-05,Retail,Active,Verified,2024-03-29,High,785,BR064,RM008,Gujarati,Branch,Yes
CUST00979,CIF00000979,Pratik,,Bansal,1989-08-28,37,Male,Married,Indian,Resident,Salaried,Marketing Manager,Self Employed,Salaried,1372932,10-20L,Postgraduate,648 Main Street,Flat 466,Mumbai,Maharashtra,India,400001,9000000979,pratik.bansal979@example.com,2021-03-25,Retail,Active,Verified,2026-03-02,Moderate,802,BR078,RM014,Kannada,Mobile App,Yes
CUST00980,CIF00000980,Neha,,Pawar,1977-11-13,49,Female,Married,Indian,Resident,Self-employed,Consultant,Self Employed,Self-employed,1386525,10-20L,Doctorate,126 Nehru Colony,Flat 147,Coimbatore,Tamil Nadu,India,641001,9000000980,neha.pawar980@example.com,2025-10-23,Premium,Active,Verified,2024-05-01,Moderate,710,BR045,RM019,English,Mobile App,Yes
CUST00981,CIF00000981,Anmol,,Naik,1995-11-16,31,Male,Married,Indian,Resident,Salaried,Doctor,KPMG India,Salaried,4247421,20-50L,Postgraduate,758 Main Street,Plot 2,Bhubaneswar,Odisha,India,751001,9000000981,anmol.naik981@example.com,2019-05-11,Premium,Active,Verified,2025-05-13,Moderate,748,BR009,RM060,Bengali,Mobile App,Yes
CUST00982,CIF00000982,Palak,,Sonawane,1960-11-23,66,Female,Married,Indian,Resident,Retired,Retired Professional,Retired,Retired,1093216,10-20L,Postgraduate,749 Main Street,Flat 179,Surat,Gujarat,India,395001,9000000982,palak.sonawane982@example.com,2025-08-25,Retail,Active,Verified,2024-08-01,Low,776,BR047,RM024,Malayalam,Mobile App,Yes
CUST00983,CIF00000983,Gaurav,,Salunke,1999-01-03,27,Male,Single,Indian,Resident,Business,Restaurant Owner,Startup,Business,1355640,10-20L,Higher Secondary,302 Nehru Colony,Plot 472,Bhopal,Madhya Pradesh,India,462001,9000000983,gaurav.salunke983@example.com,2019-07-18,Business,Active,Verified,2024-01-06,Moderate,746,BR049,RM033,Odia,Mobile App,No
CUST00984,CIF00000984,Zoya,,Gupta,1966-02-16,60,Female,Divorced,Indian,Resident,Self-employed,Lawyer,Self Employed,Self-employed,4453599,20-50L,Postgraduate,139 Market Road,Flat 242,Delhi,Delhi,India,110001,9000000984,zoya.gupta984@example.com,2015-01-15,Business,Active,Verified,2026-01-07,Moderate,821,BR015,RM008,Telugu,Branch,Yes
CUST00985,CIF00000985,Bhavesh,,Kapoor,1995-10-20,31,Male,Single,Indian,Resident,Salaried,DevOps Engineer,Independent Consultant,Salaried,1559090,10-20L,Doctorate,305 MG Road,Flat 48,Gurgaon,Haryana,India,122001,9000000985,bhavesh.kapoor985@example.com,2018-02-11,Premium,Active,Verified,2024-10-01,Low,760,BR058,RM039,Hindi,Mobile App,Yes
CUST00986,CIF00000986,Ashish,,Kaur,2003-02-21,23,Male,Married,Indian,Resident,Salaried,Bank Employee,EY India,Salaried,464845,2.5-5L,Graduate,718 Gandhi Nagar,Flat 251,Chandigarh,Chandigarh,India,160001,9000000986,ashish.kaur986@example.com,2023-08-05,Retail,Active,Verified,2026-02-16,Moderate,722,BR060,RM034,Gujarati,Email,Yes
CUST00987,CIF00000987,Anil,,Bhat,1998-02-21,28,Male,Married,Indian,Resident,Farmer,Horticulture Farmer,Self / Family Farm,Farmer,406138,2.5-5L,Postgraduate,269 Main Street,Flat 210,Wardha,Maharashtra,India,442001,9000000987,anil.bhat987@example.com,2017-09-20,Retail,Active,Verified,2026-06-23,Moderate,697,BR017,RM036,English,Email,Yes
CUST00988,CIF00000988,Adarsh,,Pillai,1976-02-08,50,Male,Married,Indian,Resident,Self-employed,Doctor,Self Employed,Self-employed,5135193,50L-1Cr,Postgraduate,844 Gandhi Nagar,Plot 464,Amritsar,Punjab,India,143001,9000000988,adarsh.pillai988@example.com,2025-11-09,Premium,Active,Verified,2026-07-28,Moderate,743,BR031,RM053,Kannada,Email,Yes
CUST00989,CIF00000989,Raj,,Naik,1982-10-14,44,Male,Married,Indian,Resident,Salaried,Defence Personnel,Infosys,Salaried,766934,5-10L,Postgraduate,581 Gandhi Nagar,Flat 153,Vijayawada,Andhra Pradesh,India,520001,9000000989,raj.naik989@example.com,2021-02-09,Retail,Active,Verified,2025-09-14,Moderate,777,BR070,RM028,English,Email,Yes
CUST00990,CIF00000990,Soham,,Naik,1984-11-18,42,Male,Married,Indian,Resident,Salaried,Professor,Wipro,Salaried,1089744,10-20L,Postgraduate,71 Main Street,Flat 283,Ahmedabad,Gujarat,India,380001,9000000990,soham.naik990@example.com,2015-12-06,Retail,Active,Verified,2025-10-12,Moderate,751,BR003,RM033,Tamil,Mobile App,Yes
CUST00991,CIF00000991,Rekha,,Wagh,1979-12-05,47,Female,Married,Indian,Resident,Salaried,Product Manager,Indian Railways,Salaried,3168366,20-50L,Graduate,923 Main Street,Flat 155,Vadodara,Gujarat,India,390001,9000000991,rekha.wagh991@example.com,2024-08-22,Premium,Active,Verified,2024-10-07,Low,763,BR011,RM030,Marathi,Mobile App,Yes
CUST00992,CIF00000992,Kavya,,Kaur,1976-07-01,50,Female,Married,Indian,Resident,Homemaker,Homemaker,Not Applicable,Homemaker,78689,0-2.5L,Higher Secondary,167 Main Street,Flat 232,Dehradun,Uttarakhand,India,248001,9000000992,kavya.kaur992@example.com,2020-02-22,Retail,Active,Pending,2024-08-06,Low,692,BR029,RM043,Marathi,Mobile App,Yes
CUST00993,CIF00000993,Sandhya,,Varma,1993-03-20,33,Female,Married,Indian,Resident,Self-employed,Consultant,Self Employed,Self-employed,1532146,10-20L,Higher Secondary,446 Park Road,Flat 452,Rajkot,Gujarat,India,360001,9000000993,sandhya.varma993@example.com,2025-05-02,Premium,Active,Verified,2025-03-29,Moderate,803,BR021,RM007,Bengali,Mobile App,Yes
CUST00994,CIF00000994,Bhavesh,,Dubey,1999-01-13,27,Male,Married,Indian,Resident,Salaried,Software Engineer,Axis Bank,Salaried,613527,5-10L,Graduate,227 Station Road,Plot 385,Mysuru,Karnataka,India,570001,9000000994,bhavesh.dubey994@example.com,2022-09-04,Retail,Active,Verified,2026-05-09,High,710,BR030,RM038,Marathi,Mobile App,Yes
CUST00995,CIF00000995,Pooja,,Nayak,1995-10-02,31,Female,Married,Indian,Resident,Salaried,Software Engineer,Cognizant,Salaried,494546,2.5-5L,Graduate,3 MG Road,Plot 95,Nanded,Maharashtra,India,431601,9000000995,pooja.nayak995@example.com,2021-06-19,Retail,Active,Verified,2025-03-16,Moderate,670,BR013,RM025,Marathi,NetBanking,Yes
CUST00996,CIF00000996,Lakshmi,,Malhotra,2000-06-24,26,Female,Married,Indian,Resident,Business,Manufacturer,Independent Business,Business,3156387,20-50L,Graduate,824 Station Road,Flat 120,Jaipur,Rajasthan,India,302001,9000000996,lakshmi.malhotra996@example.com,2023-02-26,Business,Active,Verified,2025-10-04,High,797,BR060,RM030,Malayalam,Mobile App,Yes
CUST00997,CIF00000997,Kavita,,Pawar,1986-02-22,40,Female,Married,Indian,Resident,Self-employed,Consultant,Self Employed,Self-employed,1627868,10-20L,Doctorate,463 Park Road,Flat 216,Amravati,Maharashtra,India,444601,9000000997,kavita.pawar997@example.com,2018-04-26,Retail,Active,Verified,2024-12-18,Low,820,BR023,RM043,Bengali,NetBanking,Yes
CUST00998,CIF00000998,Amrita,,Dubey,1968-03-08,58,Female,Married,Indian,Resident,Salaried,Software Engineer,ISRO,Salaried,647899,5-10L,Graduate,71 Gandhi Nagar,Flat 245,Osmanabad,Maharashtra,India,413501,9000000998,amrita.dubey998@example.com,2021-02-20,Retail,Active,Verified,2025-03-28,Low,687,BR004,RM025,Odia,NetBanking,Yes
CUST00999,CIF00000999,Diya,,Naik,1989-05-21,37,Female,Married,Indian,Resident,Self-employed,Dentist,Self Employed,Self-employed,1432244,10-20L,Postgraduate,525 Main Street,Flat 467,New Delhi,Delhi,India,110011,9000000999,diya.naik999@example.com,2021-07-27,Premium,Active,Verified,2026-05-16,Low,719,BR020,RM039,Tamil,SMS,Yes
CUST01000,CIF00001000,Advaith,,Kaur,1983-11-17,43,Male,Married,Indian,Resident,Salaried,School Teacher,Deloitte,Salaried,457591,2.5-5L,Postgraduate,872 Park Road,Flat 107,Dehradun,Uttarakhand,India,248001,9000001000,advaith.kaur1000@example.com,2024-10-18,Retail,Active,Verified,2025-07-02,Low,671,BR034,RM007,Bengali,Mobile App,Yes
