customer_investment_id,customer_id,investment_product_id,investment_product_name,investment_category,provider,investment_type,investment_mode,monthly_amount,initial_investment_amount,total_invested_amount,current_value,start_date,status
INV00001,CUST00001,INV001,HDFC Equity Mutual Fund,Mutual Fund,HDFC Mutual Fund,Lumpsum,Lumpsum,0,118005,118005,136403.36,2021-07-26,Active
INV00002,CUST00002,INV005,HDFC Balanced SIP,SIP,HDFC Mutual Fund,SIP,Monthly,7699,7699,92388,118516.87,2024-02-12,Active
INV00003,CUST00002,INV002,HDFC Balanced Advantage Fund,Mutual Fund,HDFC Mutual Fund,Lumpsum,Lumpsum,0,205780,205780,203100.31,2024-02-12,Active
INV00004,CUST00003,INV002,HDFC Balanced Advantage Fund,Mutual Fund,HDFC Mutual Fund,Lumpsum,Lumpsum,0,13073,13073,17036.88,2026-06-23,Active
INV00005,CUST00004,INV004,HDFC Equity SIP,SIP,HDFC Mutual Fund,SIP,Monthly,5465,5465,21860,28068.92,2018-07-29,Active
INV00006,CUST00005,INV003,HDFC Liquid Fund,Mutual Fund,HDFC Mutual Fund,Lumpsum,Lumpsum,0,238307,238307,329709.28,2024-11-05,Active
INV00007,CUST00005,INV007,NPS Tier I,NPS,HDFC Pension,NPS,Monthly,3218,3218,48270,50537.75,2024-11-05,Active
INV00008,CUST00006,INV004,HDFC Equity SIP,SIP,HDFC Mutual Fund,SIP,Monthly,20429,20429,102145,105951.34,2024-11-27,Active
INV00009,CUST00006,INV003,HDFC Liquid Fund,Mutual Fund,HDFC Mutual Fund,Lumpsum,Lumpsum,0,18462,18462,20945.94,2024-11-27,Active
INV00010,CUST00010,INV005,HDFC Balanced SIP,SIP,HDFC Mutual Fund,SIP,Monthly,46198,46198,739168,907467.03,2024-11-25,Active
INV00011,CUST00011,INV004,HDFC Equity SIP,SIP,HDFC Mutual Fund,SIP,Monthly,19013,19013,76052,89897.92,2021-09-08,Active
INV00012,CUST00011,INV007,NPS Tier I,NPS,HDFC Pension,NPS,Monthly,6676,6676,206956,207389.81,2021-09-08,Active
INV00013,CUST00011,INV008,HDFC 3-in-1 Investment Account,Demat,HDFC Securities,Demat Account,One-Time,0,0,0,0,2021-09-08,Active
INV00014,CUST00011,INV009,Equity Trading Account,Stock / Equity,HDFC Securities,Direct Equity,Lumpsum,0,16314,16314,21459.86,2021-09-08,Active
INV00015,CUST00012,INV005,HDFC Balanced SIP,SIP,HDFC Mutual Fund,SIP,Monthly,50000,50000,400000,427881.34,2018-08-05,Active
INV00016,CUST00012,INV001,HDFC Equity Mutual Fund,Mutual Fund,HDFC Mutual Fund,Lumpsum,Lumpsum,0,284859,284859,400392.31,2018-08-05,Active
INV00017,CUST00012,INV007,NPS Tier I,NPS,HDFC Pension,NPS,Monthly,1849,1849,18490,20675.62,2018-08-05,Active
INV00018,CUST00014,INV005,HDFC Balanced SIP,SIP,HDFC Mutual Fund,SIP,Monthly,5790,5790,185280,244939.76,2021-04-03,Active
INV00019,CUST00014,INV001,HDFC Equity Mutual Fund,Mutual Fund,HDFC Mutual Fund,Lumpsum,Lumpsum,0,29127,29127,33359.46,2021-04-03,Active
INV00020,CUST00016,INV004,HDFC Equity SIP,SIP,HDFC Mutual Fund,SIP,Monthly,959,959,24934,31574.7,2021-08-03,Active
INV00021,CUST00016,INV003,HDFC Liquid Fund,Mutual Fund,HDFC Mutual Fund,Lumpsum,Lumpsum,0,53138,53138,56262.61,2021-08-03,Active
INV00022,CUST00017,INV004,HDFC Equity SIP,SIP,HDFC Mutual Fund,SIP,Monthly,50000,50000,1150000,1337545.12,2026-06-08,Active
INV00023,CUST00017,INV007,NPS Tier I,NPS,HDFC Pension,NPS,Monthly,9579,9579,143685,150427.19,2026-06-08,Active
INV00024,CUST00018,INV004,HDFC Equity SIP,SIP,HDFC Mutual Fund,SIP,Monthly,47840,47840,239200,287153.83,2021-11-09,Active
INV00025,CUST00018,INV002,HDFC Balanced Advantage Fund,Mutual Fund,HDFC Mutual Fund,Lumpsum,Lumpsum,0,247997,247997,249868.89,2021-11-09,Active
INV00026,CUST00018,INV008,HDFC 3-in-1 Investment Account,Demat,HDFC Securities,Demat Account,One-Time,0,0,0,0,2021-11-09,Active
INV00027,CUST00018,INV009,Equity Trading Account,Stock / Equity,HDFC Securities,Direct Equity,Lumpsum,0,113323,113323,114274.97,2021-11-09,Active
INV00028,CUST00020,INV001,HDFC Equity Mutual Fund,Mutual Fund,HDFC Mutual Fund,Lumpsum,Lumpsum,0,174963,174963,169661.01,2025-11-20,Active
INV00029,CUST00021,INV005,HDFC Balanced SIP,SIP,HDFC Mutual Fund,SIP,Monthly,8932,8932,80388,83949.67,2025-03-31,Active
INV00030,CUST00021,INV003,HDFC Liquid Fund,Mutual Fund,HDFC Mutual Fund,Lumpsum,Lumpsum,0,72512,72512,86915.14,2025-03-31,Active
INV00031,CUST00023,INV005,HDFC Balanced SIP,SIP,HDFC Mutual Fund,SIP,Monthly,13219,13219,105752,124035.97,2018-12-08,Active
INV00032,CUST00023,INV008,HDFC 3-in-1 Investment Account,Demat,HDFC Securities,Demat Account,One-Time,0,0,0,0,2018-12-08,Active
INV00033,CUST00023,INV009,Equity Trading Account,Stock / Equity,HDFC Securities,Direct Equity,Lumpsum,0,125727,125727,173068.34,2018-12-08,Active
INV00034,CUST00025,INV005,HDFC Balanced SIP,SIP,HDFC Mutual Fund,SIP,Monthly,500,500,15500,19555.67,2026-03-25,Active
INV00035,CUST00025,INV003,HDFC Liquid Fund,Mutual Fund,HDFC Mutual Fund,Lumpsum,Lumpsum,0,29916,29916,31838.59,2026-03-25,Active
INV00036,CUST00026,INV004,HDFC Equity SIP,SIP,HDFC Mutual Fund,SIP,Monthly,4392,4392,35136,42864.15,2024-06-29,Active
INV00037,CUST00027,INV005,HDFC Balanced SIP,SIP,HDFC Mutual Fund,SIP,Monthly,49657,49657,595884,770590.76,2025-01-19,Active
INV00038,CUST00027,INV002,HDFC Balanced Advantage Fund,Mutual Fund,HDFC Mutual Fund,Lumpsum,Lumpsum,0,215130,215130,210068.51,2025-01-19,Active
INV00039,CUST00028,INV003,HDFC Liquid Fund,Mutual Fund,HDFC Mutual Fund,Lumpsum,Lumpsum,0,297936,297936,397174.65,2022-07-29,Active
INV00040,CUST00028,INV007,NPS Tier I,NPS,HDFC Pension,NPS,Monthly,963,963,13482,14357.71,2022-07-29,Active
INV00041,CUST00030,INV001,HDFC Equity Mutual Fund,Mutual Fund,HDFC Mutual Fund,Lumpsum,Lumpsum,0,49082,49082,60669.29,2019-05-24,Active
INV00042,CUST00031,INV003,HDFC Liquid Fund,Mutual Fund,HDFC Mutual Fund,Lumpsum,Lumpsum,0,74059,74059,81064.55,2024-10-17,Active
INV00043,CUST00032,INV004,HDFC Equity SIP,SIP,HDFC Mutual Fund,SIP,Monthly,27333,27333,382662,475062.37,2025-12-21,Active
INV00044,CUST00032,INV001,HDFC Equity Mutual Fund,Mutual Fund,HDFC Mutual Fund,Lumpsum,Lumpsum,0,36854,36854,47504.55,2025-12-21,Active
INV00045,CUST00032,INV007,NPS Tier I,NPS,HDFC Pension,NPS,Monthly,5181,5181,129525,133583.59,2025-12-21,Active
INV00046,CUST00032,INV008,HDFC 3-in-1 Investment Account,Demat,HDFC Securities,Demat Account,One-Time,0,0,0,0,2025-12-21,Active
INV00047,CUST00032,INV009,Equity Trading Account,Stock / Equity,HDFC Securities,Direct Equity,Lumpsum,0,118110,118110,109688.77,2025-12-21,Active
INV00048,CUST00033,INV004,HDFC Equity SIP,SIP,HDFC Mutual Fund,SIP,Monthly,27929,27929,782012,913423.05,2026-01-09,Active
INV00049,CUST00033,INV001,HDFC Equity Mutual Fund,Mutual Fund,HDFC Mutual Fund,Lumpsum,Lumpsum,0,118137,118137,168981.43,2026-01-09,Active
INV00050,CUST00034,INV005,HDFC Balanced SIP,SIP,HDFC Mutual Fund,SIP,Monthly,7696,7696,223184,247708.3,2025-07-23,Active
INV00051,CUST00034,INV007,NPS Tier I,NPS,HDFC Pension,NPS,Monthly,1868,1868,54172,57518.23,2025-07-23,Active
INV00052,CUST00035,INV005,HDFC Balanced SIP,SIP,HDFC Mutual Fund,SIP,Monthly,12377,12377,173278,172071.31,2024-01-18,Active
INV00053,CUST00035,INV007,NPS Tier I,NPS,HDFC Pension,NPS,Monthly,3631,3631,101668,106323.64,2024-01-18,Active
INV00054,CUST00036,INV004,HDFC Equity SIP,SIP,HDFC Mutual Fund,SIP,Monthly,25647,25647,282117,334353.64,2024-11-18,Active
INV00055,CUST00036,INV002,HDFC Balanced Advantage Fund,Mutual Fund,HDFC Mutual Fund,Lumpsum,Lumpsum,0,146027,146027,150148.95,2024-11-18,Active
INV00056,CUST00036,INV008,HDFC 3-in-1 Investment Account,Demat,HDFC Securities,Demat Account,One-Time,0,0,0,0,2024-11-18,Active
INV00057,CUST00036,INV009,Equity Trading Account,Stock / Equity,HDFC Securities,Direct Equity,Lumpsum,0,101067,101067,88878.13,2024-11-18,Active
INV00058,CUST00037,INV001,HDFC Equity Mutual Fund,Mutual Fund,HDFC Mutual Fund,Lumpsum,Lumpsum,0,1099135,1099135,1373093.85,2025-02-17,Active
INV00059,CUST00037,INV008,HDFC 3-in-1 Investment Account,Demat,HDFC Securities,Demat Account,One-Time,0,0,0,0,2025-02-17,Active
INV00060,CUST00037,INV009,Equity Trading Account,Stock / Equity,HDFC Securities,Direct Equity,Lumpsum,0,460662,460662,727045.74,2025-02-17,Active
INV00061,CUST00037,INV011,ETF - Nifty 50,ETF,HDFC Securities,ETF,Lumpsum,0,755596,755596,1102720.81,2025-02-17,Active
INV00062,CUST00037,INV013,Wealth Management Service,Wealth Management,HDFC Bank,Portfolio Management,Managed,0,16298527,16298527,18094681.2,2025-02-17,Active
INV00063,CUST00038,INV003,HDFC Liquid Fund,Mutual Fund,HDFC Mutual Fund,Lumpsum,Lumpsum,0,257410,257410,310340.23,2018-01-02,Active
INV00064,CUST00042,INV005,HDFC Balanced SIP,SIP,HDFC Mutual Fund,SIP,Monthly,500,500,14500,16209.0,2016-03-14,Active
INV00065,CUST00042,INV003,HDFC Liquid Fund,Mutual Fund,HDFC Mutual Fund,Lumpsum,Lumpsum,0,634209,634209,664872.45,2016-03-14,Active
INV00066,CUST00042,INV007,NPS Tier I,NPS,HDFC Pension,NPS,Monthly,35023,35023,560368,576786.75,2016-03-14,Active
INV00067,CUST00042,INV013,Wealth Management Service,Wealth Management,HDFC Bank,Portfolio Management,Managed,0,19182332,19182332,21178351.63,2016-03-14,Active
INV00068,CUST00042,INV014,Private Banking,Private Banking,HDFC Bank,Private Banking,Managed,0,56049642,56049642,66389784.06,2016-03-14,Active
INV00069,CUST00043,INV004,HDFC Equity SIP,SIP,HDFC Mutual Fund,SIP,Monthly,10929,10929,382515,405298.92,2016-12-28,Active
INV00070,CUST00044,INV005,HDFC Balanced SIP,SIP,HDFC Mutual Fund,SIP,Monthly,50000,50000,900000,1089506.2,2025-11-25,Active
INV00071,CUST00044,INV001,HDFC Equity Mutual Fund,Mutual Fund,HDFC Mutual Fund,Lumpsum,Lumpsum,0,40172,40172,42352.93,2025-11-25,Active
INV00072,CUST00044,INV007,NPS Tier I,NPS,HDFC Pension,NPS,Monthly,4043,4043,137462,138917.55,2025-11-25,Active
INV00073,CUST00046,INV003,HDFC Liquid Fund,Mutual Fund,HDFC Mutual Fund,Lumpsum,Lumpsum,0,26523,26523,34695.8,2025-12-05,Active
INV00074,CUST00047,INV004,HDFC Equity SIP,SIP,HDFC Mutual Fund,SIP,Monthly,20516,20516,471868,634918.56,2025-11-09,Active
INV00075,CUST00047,INV003,HDFC Liquid Fund,Mutual Fund,HDFC Mutual Fund,Lumpsum,Lumpsum,0,199506,199506,286508.44,2025-11-09,Active
INV00076,CUST00047,INV008,HDFC 3-in-1 Investment Account,Demat,HDFC Securities,Demat Account,One-Time,0,0,0,0,2025-11-09,Active
INV00077,CUST00047,INV009,Equity Trading Account,Stock / Equity,HDFC Securities,Direct Equity,Lumpsum,0,63295,63295,109667.17,2025-11-09,Active
INV00078,CUST00049,INV001,HDFC Equity Mutual Fund,Mutual Fund,HDFC Mutual Fund,Lumpsum,Lumpsum,0,77941,77941,90834.99,2024-06-01,Active
INV00079,CUST00049,INV007,NPS Tier I,NPS,HDFC Pension,NPS,Monthly,1932,1932,15456,16003.59,2024-06-01,Active
INV00080,CUST00050,INV004,HDFC Equity SIP,SIP,HDFC Mutual Fund,SIP,Monthly,42086,42086,1473010,1973331.65,2021-06-24,Active
INV00081,CUST00050,INV002,HDFC Balanced Advantage Fund,Mutual Fund,HDFC Mutual Fund,Lumpsum,Lumpsum,0,233406,233406,263243.59,2021-06-24,Active
INV00082,CUST00050,INV008,HDFC 3-in-1 Investment Account,Demat,HDFC Securities,Demat Account,One-Time,0,0,0,0,2021-06-24,Active
INV00083,CUST00050,INV009,Equity Trading Account,Stock / Equity,HDFC Securities,Direct Equity,Lumpsum,0,34580,34580,58462.26,2021-06-24,Active
INV00084,CUST00051,INV004,HDFC Equity SIP,SIP,HDFC Mutual Fund,SIP,Monthly,22079,22079,220790,278454.47,2022-01-17,Active
INV00085,CUST00054,INV005,HDFC Balanced SIP,SIP,HDFC Mutual Fund,SIP,Monthly,50000,50000,500000,645220.64,2021-12-15,Active
INV00086,CUST00055,INV004,HDFC Equity SIP,SIP,HDFC Mutual Fund,SIP,Monthly,20508,20508,266604,308581.07,2026-06-27,Active
INV00087,CUST00055,INV001,HDFC Equity Mutual Fund,Mutual Fund,HDFC Mutual Fund,Lumpsum,Lumpsum,0,277577,277577,368104.54,2026-06-27,Active
INV00088,CUST00058,INV004,HDFC Equity SIP,SIP,HDFC Mutual Fund,SIP,Monthly,10524,10524,178908,240466.04,2024-11-13,Active
INV00089,CUST00058,INV002,HDFC Balanced Advantage Fund,Mutual Fund,HDFC Mutual Fund,Lumpsum,Lumpsum,0,134139,134139,130648.67,2024-11-13,Active
INV00090,CUST00059,INV004,HDFC Equity SIP,SIP,HDFC Mutual Fund,SIP,Monthly,1414,1414,33936,36652.05,2022-11-16,Active
INV00091,CUST00060,INV001,HDFC Equity Mutual Fund,Mutual Fund,HDFC Mutual Fund,Lumpsum,Lumpsum,0,116885,116885,153479.55,2019-07-07,Active
INV00092,CUST00061,INV005,HDFC Balanced SIP,SIP,HDFC Mutual Fund,SIP,Monthly,18292,18292,548760,680061.68,2018-06-14,Active
INV00093,CUST00061,INV003,HDFC Liquid Fund,Mutual Fund,HDFC Mutual Fund,Lumpsum,Lumpsum,0,45973,45973,49941.5,2018-06-14,Active
INV00094,CUST00061,INV007,NPS Tier I,NPS,HDFC Pension,NPS,Monthly,3382,3382,33820,34265.78,2018-06-14,Active
INV00095,CUST00062,INV005,HDFC Balanced SIP,SIP,HDFC Mutual Fund,SIP,Monthly,29442,29442,206094,274467.09,2025-04-06,Active
INV00096,CUST00062,INV001,HDFC Equity Mutual Fund,Mutual Fund,HDFC Mutual Fund,Lumpsum,Lumpsum,0,107769,107769,139335.04,2025-04-06,Active
INV00097,CUST00063,INV002,HDFC Balanced Advantage Fund,Mutual Fund,HDFC Mutual Fund,Lumpsum,Lumpsum,0,333530,333530,423105.37,2021-01-24,Active
INV00098,CUST00063,INV007,NPS Tier I,NPS,HDFC Pension,NPS,Monthly,3106,3106,96286,100649.04,2021-01-24,Active
INV00099,CUST00065,INV005,HDFC Balanced SIP,SIP,HDFC Mutual Fund,SIP,Monthly,27170,27170,461890,460294.15,2024-10-31,Active
INV00100,CUST00066,INV008,HDFC 3-in-1 Investment Account,Demat,HDFC Securities,Demat Account,One-Time,0,0,0,0,2026-03-04,Active
INV00101,CUST00066,INV009,Equity Trading Account,Stock / Equity,HDFC Securities,Direct Equity,Lumpsum,0,32836,32836,27069.66,2026-03-04,Active
INV00102,CUST00067,INV005,HDFC Balanced SIP,SIP,HDFC Mutual Fund,SIP,Monthly,21850,21850,742900,920249.38,2026-05-29,Active
INV00103,CUST00067,INV002,HDFC Balanced Advantage Fund,Mutual Fund,HDFC Mutual Fund,Lumpsum,Lumpsum,0,435760,435760,516448.82,2026-05-29,Active
INV00104,CUST00067,INV013,Wealth Management Service,Wealth Management,HDFC Bank,Portfolio Management,Managed,0,10860676,10860676,12032075.64,2026-05-29,Active
INV00105,CUST00068,INV005,HDFC Balanced SIP,SIP,HDFC Mutual Fund,SIP,Monthly,35452,35452,177260,212190.86,2022-12-25,Active
INV00106,CUST00069,INV004,HDFC Equity SIP,SIP,HDFC Mutual Fund,SIP,Monthly,500,500,8000,8716.29,2025-04-07,Active
INV00107,CUST00069,INV003,HDFC Liquid Fund,Mutual Fund,HDFC Mutual Fund,Lumpsum,Lumpsum,0,8241,8241,10893.38,2025-04-07,Active
INV00108,CUST00070,INV005,HDFC Balanced SIP,SIP,HDFC Mutual Fund,SIP,Monthly,6148,6148,86072,105391.28,2019-06-17,Active
INV00109,CUST00070,INV003,HDFC Liquid Fund,Mutual Fund,HDFC Mutual Fund,Lumpsum,Lumpsum,0,176221,176221,247701.87,2019-06-17,Active
INV00110,CUST00070,INV007,NPS Tier I,NPS,HDFC Pension,NPS,Monthly,1843,1843,23959,24512.72,2019-06-17,Active
INV00111,CUST00071,INV005,HDFC Balanced SIP,SIP,HDFC Mutual Fund,SIP,Monthly,32666,32666,293994,300781.07,2023-10-04,Active
INV00112,CUST00071,INV003,HDFC Liquid Fund,Mutual Fund,HDFC Mutual Fund,Lumpsum,Lumpsum,0,15282,15282,16132.29,2023-10-04,Active
INV00113,CUST00071,INV007,NPS Tier I,NPS,HDFC Pension,NPS,Monthly,16279,16279,244185,270689.26,2023-10-04,Active
INV00114,CUST00071,INV008,HDFC 3-in-1 Investment Account,Demat,HDFC Securities,Demat Account,One-Time,0,0,0,0,2023-10-04,Active
INV00115,CUST00071,INV009,Equity Trading Account,Stock / Equity,HDFC Securities,Direct Equity,Lumpsum,0,13387,13387,14141.78,2023-10-04,Active
INV00116,CUST00072,INV004,HDFC Equity SIP,SIP,HDFC Mutual Fund,SIP,Monthly,5574,5574,144924,184773.07,2023-12-06,Active
INV00117,CUST00072,INV001,HDFC Equity Mutual Fund,Mutual Fund,HDFC Mutual Fund,Lumpsum,Lumpsum,0,67113,67113,94315.79,2023-12-06,Active
INV00118,CUST00074,INV004,HDFC Equity SIP,SIP,HDFC Mutual Fund,SIP,Monthly,500,500,15500,20017.59,2022-10-04,Active
INV00119,CUST00075,INV004,HDFC Equity SIP,SIP,HDFC Mutual Fund,SIP,Monthly,20185,20185,666105,832110.61,2022-04-20,Active
INV00120,CUST00075,INV003,HDFC Liquid Fund,Mutual Fund,HDFC Mutual Fund,Lumpsum,Lumpsum,0,118834,118834,153936.19,2022-04-20,Active
INV00121,CUST00075,INV008,HDFC 3-in-1 Investment Account,Demat,HDFC Securities,Demat Account,One-Time,0,0,0,0,2022-04-20,Active
INV00122,CUST00075,INV009,Equity Trading Account,Stock / Equity,HDFC Securities,Direct Equity,Lumpsum,0,108500,108500,106728.33,2022-04-20,Active
INV00123,CUST00076,INV004,HDFC Equity SIP,SIP,HDFC Mutual Fund,SIP,Monthly,37699,37699,791679,778623.42,2015-12-03,Active
INV00124,CUST00076,INV003,HDFC Liquid Fund,Mutual Fund,HDFC Mutual Fund,Lumpsum,Lumpsum,0,190774,190774,224341.16,2015-12-03,Active
INV00125,CUST00076,INV008,HDFC 3-in-1 Investment Account,Demat,HDFC Securities,Demat Account,One-Time,0,0,0,0,2015-12-03,Active
INV00126,CUST00076,INV009,Equity Trading Account,Stock / Equity,HDFC Securities,Direct Equity,Lumpsum,0,53985,53985,61870.55,2015-12-03,Active
INV00127,CUST00077,INV004,HDFC Equity SIP,SIP,HDFC Mutual Fund,SIP,Monthly,5792,5792,167968,207142.34,2023-07-01,Active
INV00128,CUST00078,INV004,HDFC Equity SIP,SIP,HDFC Mutual Fund,SIP,Monthly,50000,50000,700000,890916.79,2026-02-03,Active
INV00129,CUST00078,INV001,HDFC Equity Mutual Fund,Mutual Fund,HDFC Mutual Fund,Lumpsum,Lumpsum,0,496582,496582,603697.73,2026-02-03,Active
INV00130,CUST00078,INV007,NPS Tier I,NPS,HDFC Pension,NPS,Monthly,7982,7982,95784,98635.91,2026-02-03,Active
INV00131,CUST00079,INV004,HDFC Equity SIP,SIP,HDFC Mutual Fund,SIP,Monthly,12667,12667,329342,427046.19,2019-08-02,Active
INV00132,CUST00079,INV001,HDFC Equity Mutual Fund,Mutual Fund,HDFC Mutual Fund,Lumpsum,Lumpsum,0,138874,138874,186704.39,2019-08-02,Active
INV00133,CUST00079,INV007,NPS Tier I,NPS,HDFC Pension,NPS,Monthly,4483,4483,134490,142831.7,2019-08-02,Active
INV00134,CUST00080,INV005,HDFC Balanced SIP,SIP,HDFC Mutual Fund,SIP,Monthly,9290,9290,65030,79882.84,2026-02-08,Active
INV00135,CUST00081,INV004,HDFC Equity SIP,SIP,HDFC Mutual Fund,SIP,Monthly,50000,50000,1750000,2021353.08,2023-12-04,Active
INV00136,CUST00081,INV002,HDFC Balanced Advantage Fund,Mutual Fund,HDFC Mutual Fund,Lumpsum,Lumpsum,0,190797,190797,228869.47,2023-12-04,Active
INV00137,CUST00081,INV013,Wealth Management Service,Wealth Management,HDFC Bank,Portfolio Management,Managed,0,10880705,10880705,12669203.65,2023-12-04,Active
INV00138,CUST00082,INV005,HDFC Balanced SIP,SIP,HDFC Mutual Fund,SIP,Monthly,6179,6179,129759,156333.51,2022-09-18,Active
INV00139,CUST00082,INV002,HDFC Balanced Advantage Fund,Mutual Fund,HDFC Mutual Fund,Lumpsum,Lumpsum,0,15411,15411,16303.49,2022-09-18,Active
INV00140,CUST00085,INV005,HDFC Balanced SIP,SIP,HDFC Mutual Fund,SIP,Monthly,5646,5646,112920,127929.95,2022-04-30,Active
INV00141,CUST00086,INV004,HDFC Equity SIP,SIP,HDFC Mutual Fund,SIP,Monthly,16484,16484,593424,703047.42,2025-04-26,Active
INV00142,CUST00087,INV005,HDFC Balanced SIP,SIP,HDFC Mutual Fund,SIP,Monthly,43608,43608,523296,684839.89,2022-05-29,Active
INV00143,CUST00090,INV004,HDFC Equity SIP,SIP,HDFC Mutual Fund,SIP,Monthly,500,500,11500,12231.03,2023-07-16,Active
INV00144,CUST00090,INV002,HDFC Balanced Advantage Fund,Mutual Fund,HDFC Mutual Fund,Lumpsum,Lumpsum,0,27353,27353,26055.36,2023-07-16,Active
INV00145,CUST00090,INV007,NPS Tier I,NPS,HDFC Pension,NPS,Monthly,17573,17573,316314,333921.78,2023-07-16,Active
INV00146,CUST00090,INV008,HDFC 3-in-1 Investment Account,Demat,HDFC Securities,Demat Account,One-Time,0,0,0,0,2023-07-16,Active
INV00147,CUST00090,INV009,Equity Trading Account,Stock / Equity,HDFC Securities,Direct Equity,Lumpsum,0,304351,304351,339786.02,2023-07-16,Active
INV00148,CUST00091,INV004,HDFC Equity SIP,SIP,HDFC Mutual Fund,SIP,Monthly,7761,7761,170742,206317.78,2024-05-11,Active
INV00149,CUST00091,INV008,HDFC 3-in-1 Investment Account,Demat,HDFC Securities,Demat Account,One-Time,0,0,0,0,2024-05-11,Active
INV00150,CUST00091,INV009,Equity Trading Account,Stock / Equity,HDFC Securities,Direct Equity,Lumpsum,0,221926,221926,394571.42,2024-05-11,Active
INV00151,CUST00091,INV011,ETF - Nifty 50,ETF,HDFC Securities,ETF,Lumpsum,0,106165,106165,141261.01,2024-05-11,Active
INV00152,CUST00094,INV003,HDFC Liquid Fund,Mutual Fund,HDFC Mutual Fund,Lumpsum,Lumpsum,0,184987,184987,263339.96,2026-02-01,Active
INV00153,CUST00096,INV008,HDFC 3-in-1 Investment Account,Demat,HDFC Securities,Demat Account,One-Time,0,0,0,0,2024-08-27,Active
INV00154,CUST00096,INV009,Equity Trading Account,Stock / Equity,HDFC Securities,Direct Equity,Lumpsum,0,125840,125840,104165.5,2024-08-27,Active
INV00155,CUST00098,INV005,HDFC Balanced SIP,SIP,HDFC Mutual Fund,SIP,Monthly,50000,50000,1250000,1294072.48,2023-09-06,Active
INV00156,CUST00098,INV001,HDFC Equity Mutual Fund,Mutual Fund,HDFC Mutual Fund,Lumpsum,Lumpsum,0,11903,11903,11354.85,2023-09-06,Active
INV00157,CUST00098,INV007,NPS Tier I,NPS,HDFC Pension,NPS,Monthly,1237,1237,28451,29457.92,2023-09-06,Active
INV00158,CUST00098,INV008,HDFC 3-in-1 Investment Account,Demat,HDFC Securities,Demat Account,One-Time,0,0,0,0,2023-09-06,Active
INV00159,CUST00098,INV009,Equity Trading Account,Stock / Equity,HDFC Securities,Direct Equity,Lumpsum,0,142846,142846,230348.44,2023-09-06,Active
INV00160,CUST00098,INV011,ETF - Nifty 50,ETF,HDFC Securities,ETF,Lumpsum,0,183750,183750,244365.81,2023-09-06,Active
INV00161,CUST00099,INV004,HDFC Equity SIP,SIP,HDFC Mutual Fund,SIP,Monthly,500,500,14000,14865.37,2024-07-19,Active
INV00162,CUST00099,INV002,HDFC Balanced Advantage Fund,Mutual Fund,HDFC Mutual Fund,Lumpsum,Lumpsum,0,165488,165488,186061.25,2024-07-19,Active
INV00163,CUST00100,INV004,HDFC Equity SIP,SIP,HDFC Mutual Fund,SIP,Monthly,6204,6204,80652,83012.59,2024-03-10,Active
INV00164,CUST00101,INV004,HDFC Equity SIP,SIP,HDFC Mutual Fund,SIP,Monthly,500,500,3500,4465.06,2026-07-05,Active
INV00165,CUST00102,INV004,HDFC Equity SIP,SIP,HDFC Mutual Fund,SIP,Monthly,26648,26648,239832,312964.45,2024-11-08,Active
INV00166,CUST00102,INV008,HDFC 3-in-1 Investment Account,Demat,HDFC Securities,Demat Account,One-Time,0,0,0,0,2024-11-08,Active
INV00167,CUST00102,INV009,Equity Trading Account,Stock / Equity,HDFC Securities,Direct Equity,Lumpsum,0,111788,111788,103472.83,2024-11-08,Active
INV00168,CUST00103,INV005,HDFC Balanced SIP,SIP,HDFC Mutual Fund,SIP,Monthly,50000,50000,450000,531925.35,2021-03-05,Active
INV00169,CUST00104,INV004,HDFC Equity SIP,SIP,HDFC Mutual Fund,SIP,Monthly,30781,30781,923430,1029285.99,2025-09-05,Active
INV00170,CUST00105,INV004,HDFC Equity SIP,SIP,HDFC Mutual Fund,SIP,Monthly,500,500,9000,9864.16,2024-11-10,Active
INV00171,CUST00105,INV002,HDFC Balanced Advantage Fund,Mutual Fund,HDFC Mutual Fund,Lumpsum,Lumpsum,0,129655,129655,138849.36,2024-11-10,Active
INV00172,CUST00105,INV008,HDFC 3-in-1 Investment Account,Demat,HDFC Securities,Demat Account,One-Time,0,0,0,0,2024-11-10,Active
INV00173,CUST00105,INV009,Equity Trading Account,Stock / Equity,HDFC Securities,Direct Equity,Lumpsum,0,371744,371744,282151.13,2024-11-10,Active
INV00174,CUST00105,INV011,ETF - Nifty 50,ETF,HDFC Securities,ETF,Lumpsum,0,38543,38543,40369.95,2024-11-10,Active
INV00175,CUST00106,INV001,HDFC Equity Mutual Fund,Mutual Fund,HDFC Mutual Fund,Lumpsum,Lumpsum,0,75912,75912,95954.81,2019-06-08,Active
INV00176,CUST00107,INV005,HDFC Balanced SIP,SIP,HDFC Mutual Fund,SIP,Monthly,500,500,3500,4668.26,2026-05-14,Active
INV00177,CUST00107,INV007,NPS Tier I,NPS,HDFC Pension,NPS,Monthly,728,728,8736,9348.24,2026-05-14,Active
INV00178,CUST00108,INV005,HDFC Balanced SIP,SIP,HDFC Mutual Fund,SIP,Monthly,11412,11412,136944,137353.68,2024-07-23,Active
INV00179,CUST00108,INV001,HDFC Equity Mutual Fund,Mutual Fund,HDFC Mutual Fund,Lumpsum,Lumpsum,0,186657,186657,237040.19,2024-07-23,Active
INV00180,CUST00109,INV002,HDFC Balanced Advantage Fund,Mutual Fund,HDFC Mutual Fund,Lumpsum,Lumpsum,0,86297,86297,97637.23,2024-08-09,Active
INV00181,CUST00109,INV007,NPS Tier I,NPS,HDFC Pension,NPS,Monthly,10309,10309,103090,109431.88,2024-08-09,Active
INV00182,CUST00110,INV005,HDFC Balanced SIP,SIP,HDFC Mutual Fund,SIP,Monthly,8306,8306,215956,265352.26,2022-03-25,Active
INV00183,CUST00110,INV002,HDFC Balanced Advantage Fund,Mutual Fund,HDFC Mutual Fund,Lumpsum,Lumpsum,0,108783,108783,101118.48,2022-03-25,Active
INV00184,CUST00110,INV008,HDFC 3-in-1 Investment Account,Demat,HDFC Securities,Demat Account,One-Time,0,0,0,0,2022-03-25,Active
INV00185,CUST00110,INV009,Equity Trading Account,Stock / Equity,HDFC Securities,Direct Equity,Lumpsum,0,44300,44300,58111.89,2022-03-25,Active
INV00186,CUST00112,INV001,HDFC Equity Mutual Fund,Mutual Fund,HDFC Mutual Fund,Lumpsum,Lumpsum,0,407210,407210,517745.73,2018-11-08,Active
INV00187,CUST00113,INV004,HDFC Equity SIP,SIP,HDFC Mutual Fund,SIP,Monthly,500,500,8000,10669.77,2020-03-09,Active
INV00188,CUST00113,INV008,HDFC 3-in-1 Investment Account,Demat,HDFC Securities,Demat Account,One-Time,0,0,0,0,2020-03-09,Active
INV00189,CUST00113,INV009,Equity Trading Account,Stock / Equity,HDFC Securities,Direct Equity,Lumpsum,0,21831,21831,31463.37,2020-03-09,Active
INV00190,CUST00114,INV005,HDFC Balanced SIP,SIP,HDFC Mutual Fund,SIP,Monthly,17847,17847,214164,237311.1,2022-07-31,Active
INV00191,CUST00115,INV004,HDFC Equity SIP,SIP,HDFC Mutual Fund,SIP,Monthly,500,500,16000,21353.79,2023-12-29,Active
INV00192,CUST00116,INV005,HDFC Balanced SIP,SIP,HDFC Mutual Fund,SIP,Monthly,6463,6463,206816,228151.63,2024-02-03,Active
INV00193,CUST00117,INV004,HDFC Equity SIP,SIP,HDFC Mutual Fund,SIP,Monthly,14280,14280,157080,190294.73,2024-07-06,Active
INV00194,CUST00117,INV003,HDFC Liquid Fund,Mutual Fund,HDFC Mutual Fund,Lumpsum,Lumpsum,0,12516,12516,14775.36,2024-07-06,Active
INV00195,CUST00119,INV007,NPS Tier I,NPS,HDFC Pension,NPS,Monthly,998,998,9980,9987.54,2026-02-19,Active
INV00196,CUST00120,INV005,HDFC Balanced SIP,SIP,HDFC Mutual Fund,SIP,Monthly,15185,15185,60740,66540.9,2023-09-09,Active
INV00197,CUST00120,INV002,HDFC Balanced Advantage Fund,Mutual Fund,HDFC Mutual Fund,Lumpsum,Lumpsum,0,10473,10473,13872.01,2023-09-09,Active
INV00198,CUST00121,INV005,HDFC Balanced SIP,SIP,HDFC Mutual Fund,SIP,Monthly,50000,50000,200000,243077.32,2024-10-21,Active
INV00199,CUST00121,INV001,HDFC Equity Mutual Fund,Mutual Fund,HDFC Mutual Fund,Lumpsum,Lumpsum,0,67030,67030,64692.39,2024-10-21,Active
INV00200,CUST00121,INV008,HDFC 3-in-1 Investment Account,Demat,HDFC Securities,Demat Account,One-Time,0,0,0,0,2024-10-21,Active
INV00201,CUST00121,INV009,Equity Trading Account,Stock / Equity,HDFC Securities,Direct Equity,Lumpsum,0,138418,138418,184582.16,2024-10-21,Active
INV00202,CUST00121,INV011,ETF - Nifty 50,ETF,HDFC Securities,ETF,Lumpsum,0,35756,35756,37357.67,2024-10-21,Active
INV00203,CUST00122,INV004,HDFC Equity SIP,SIP,HDFC Mutual Fund,SIP,Monthly,29539,29539,295390,322310.11,2024-09-30,Active
INV00204,CUST00122,INV002,HDFC Balanced Advantage Fund,Mutual Fund,HDFC Mutual Fund,Lumpsum,Lumpsum,0,43958,43958,53468.31,2024-09-30,Active
INV00205,CUST00123,INV005,HDFC Balanced SIP,SIP,HDFC Mutual Fund,SIP,Monthly,15806,15806,331926,404377.06,2021-02-10,Active
INV00206,CUST00123,INV007,NPS Tier I,NPS,HDFC Pension,NPS,Monthly,2552,2552,20416,20847.25,2021-02-10,Active
INV00207,CUST00124,INV001,HDFC Equity Mutual Fund,Mutual Fund,HDFC Mutual Fund,Lumpsum,Lumpsum,0,44514,44514,41564.39,2022-03-23,Active
INV00208,CUST00124,INV007,NPS Tier I,NPS,HDFC Pension,NPS,Monthly,1207,1207,41038,44464.54,2022-03-23,Active
INV00209,CUST00124,INV008,HDFC 3-in-1 Investment Account,Demat,HDFC Securities,Demat Account,One-Time,0,0,0,0,2022-03-23,Active
INV00210,CUST00124,INV009,Equity Trading Account,Stock / Equity,HDFC Securities,Direct Equity,Lumpsum,0,31910,31910,57225.01,2022-03-23,Active
INV00211,CUST00124,INV011,ETF - Nifty 50,ETF,HDFC Securities,ETF,Lumpsum,0,43010,43010,53987.78,2022-03-23,Active
INV00212,CUST00125,INV007,NPS Tier I,NPS,HDFC Pension,NPS,Monthly,1115,1115,39025,42357.07,2026-03-26,Active
INV00213,CUST00126,INV005,HDFC Balanced SIP,SIP,HDFC Mutual Fund,SIP,Monthly,23106,23106,138636,178252.52,2026-06-13,Active
INV00214,CUST00126,INV002,HDFC Balanced Advantage Fund,Mutual Fund,HDFC Mutual Fund,Lumpsum,Lumpsum,0,85476,85476,94860.94,2026-06-13,Active
INV00215,CUST00127,INV008,HDFC 3-in-1 Investment Account,Demat,HDFC Securities,Demat Account,One-Time,0,0,0,0,2021-01-01,Active
INV00216,CUST00127,INV009,Equity Trading Account,Stock / Equity,HDFC Securities,Direct Equity,Lumpsum,0,13182,13182,17339.29,2021-01-01,Active
INV00217,CUST00128,INV001,HDFC Equity Mutual Fund,Mutual Fund,HDFC Mutual Fund,Lumpsum,Lumpsum,0,821091,821091,1082218.66,2024-05-31,Active
INV00218,CUST00128,INV007,NPS Tier I,NPS,HDFC Pension,NPS,Monthly,18281,18281,420463,466320.83,2024-05-31,Active
INV00219,CUST00128,INV008,HDFC 3-in-1 Investment Account,Demat,HDFC Securities,Demat Account,One-Time,0,0,0,0,2024-05-31,Active
INV00220,CUST00128,INV009,Equity Trading Account,Stock / Equity,HDFC Securities,Direct Equity,Lumpsum,0,522794,522794,478355.08,2024-05-31,Active
INV00221,CUST00129,INV003,HDFC Liquid Fund,Mutual Fund,HDFC Mutual Fund,Lumpsum,Lumpsum,0,54965,54965,54012.97,2022-12-19,Active
INV00222,CUST00130,INV005,HDFC Balanced SIP,SIP,HDFC Mutual Fund,SIP,Monthly,42674,42674,469414,486458.17,2019-12-23,Active
INV00223,CUST00131,INV007,NPS Tier I,NPS,HDFC Pension,NPS,Monthly,1470,1470,47040,49655.79,2025-10-02,Active
INV00224,CUST00131,INV008,HDFC 3-in-1 Investment Account,Demat,HDFC Securities,Demat Account,One-Time,0,0,0,0,2025-10-02,Active
INV00225,CUST00131,INV009,Equity Trading Account,Stock / Equity,HDFC Securities,Direct Equity,Lumpsum,0,23761,23761,21147.11,2025-10-02,Active
INV00226,CUST00133,INV005,HDFC Balanced SIP,SIP,HDFC Mutual Fund,SIP,Monthly,6035,6035,187085,211380.46,2017-02-13,Active
INV00227,CUST00133,INV003,HDFC Liquid Fund,Mutual Fund,HDFC Mutual Fund,Lumpsum,Lumpsum,0,20689,20689,19482.95,2017-02-13,Active
INV00228,CUST00136,INV004,HDFC Equity SIP,SIP,HDFC Mutual Fund,SIP,Monthly,33074,33074,1091442,1461528.89,2026-06-06,Active
INV00229,CUST00136,INV003,HDFC Liquid Fund,Mutual Fund,HDFC Mutual Fund,Lumpsum,Lumpsum,0,264825,264825,307991.56,2026-06-06,Active
INV00230,CUST00136,INV007,NPS Tier I,NPS,HDFC Pension,NPS,Monthly,2482,2482,64532,65670.59,2026-06-06,Active
INV00231,CUST00136,INV008,HDFC 3-in-1 Investment Account,Demat,HDFC Securities,Demat Account,One-Time,0,0,0,0,2026-06-06,Active
INV00232,CUST00136,INV009,Equity Trading Account,Stock / Equity,HDFC Securities,Direct Equity,Lumpsum,0,97643,97643,168391.57,2026-06-06,Active
INV00233,CUST00137,INV004,HDFC Equity SIP,SIP,HDFC Mutual Fund,SIP,Monthly,16841,16841,84205,100299.64,2026-05-08,Active
INV00234,CUST00138,INV004,HDFC Equity SIP,SIP,HDFC Mutual Fund,SIP,Monthly,500,500,9500,12036.09,2022-09-11,Active
INV00235,CUST00138,INV002,HDFC Balanced Advantage Fund,Mutual Fund,HDFC Mutual Fund,Lumpsum,Lumpsum,0,243131,243131,266849.9,2022-09-11,Active
INV00236,CUST00138,INV007,NPS Tier I,NPS,HDFC Pension,NPS,Monthly,11733,11733,117330,126443.67,2022-09-11,Active
INV00237,CUST00138,INV008,HDFC 3-in-1 Investment Account,Demat,HDFC Securities,Demat Account,One-Time,0,0,0,0,2022-09-11,Active
INV00238,CUST00138,INV009,Equity Trading Account,Stock / Equity,HDFC Securities,Direct Equity,Lumpsum,0,219564,219564,333538.53,2022-09-11,Active
INV00239,CUST00139,INV002,HDFC Balanced Advantage Fund,Mutual Fund,HDFC Mutual Fund,Lumpsum,Lumpsum,0,197484,197484,223407.83,2026-06-19,Active
INV00240,CUST00139,INV008,HDFC 3-in-1 Investment Account,Demat,HDFC Securities,Demat Account,One-Time,0,0,0,0,2026-06-19,Active
INV00241,CUST00139,INV009,Equity Trading Account,Stock / Equity,HDFC Securities,Direct Equity,Lumpsum,0,104384,104384,147206.14,2026-06-19,Active
INV00242,CUST00140,INV004,HDFC Equity SIP,SIP,HDFC Mutual Fund,SIP,Monthly,7740,7740,247680,298958.52,2020-06-29,Active
INV00243,CUST00141,INV003,HDFC Liquid Fund,Mutual Fund,HDFC Mutual Fund,Lumpsum,Lumpsum,0,92804,92804,94488.88,2024-05-26,Active
INV00244,CUST00141,INV007,NPS Tier I,NPS,HDFC Pension,NPS,Monthly,4347,4347,78246,79831.86,2024-05-26,Active
INV00245,CUST00141,INV008,HDFC 3-in-1 Investment Account,Demat,HDFC Securities,Demat Account,One-Time,0,0,0,0,2024-05-26,Active
INV00246,CUST00141,INV009,Equity Trading Account,Stock / Equity,HDFC Securities,Direct Equity,Lumpsum,0,56198,56198,74326.21,2024-05-26,Active
INV00247,CUST00142,INV003,HDFC Liquid Fund,Mutual Fund,HDFC Mutual Fund,Lumpsum,Lumpsum,0,862756,862756,924091.86,2026-05-05,Active
INV00248,CUST00142,INV008,HDFC 3-in-1 Investment Account,Demat,HDFC Securities,Demat Account,One-Time,0,0,0,0,2026-05-05,Active
INV00249,CUST00142,INV009,Equity Trading Account,Stock / Equity,HDFC Securities,Direct Equity,Lumpsum,0,458427,458427,622648.6,2026-05-05,Active
INV00250,CUST00142,INV011,ETF - Nifty 50,ETF,HDFC Securities,ETF,Lumpsum,0,704957,704957,800029.04,2026-05-05,Active
INV00251,CUST00142,INV013,Wealth Management Service,Wealth Management,HDFC Bank,Portfolio Management,Managed,0,24470305,24470305,25656717.05,2026-05-05,Active
INV00252,CUST00143,INV005,HDFC Balanced SIP,SIP,HDFC Mutual Fund,SIP,Monthly,12808,12808,435472,558016.25,2021-12-27,Active
INV00253,CUST00144,INV003,HDFC Liquid Fund,Mutual Fund,HDFC Mutual Fund,Lumpsum,Lumpsum,0,111351,111351,137549.47,2025-04-30,Active
INV00254,CUST00144,INV007,NPS Tier I,NPS,HDFC Pension,NPS,Monthly,1418,1418,15598,17133.31,2025-04-30,Active
INV00255,CUST00145,INV005,HDFC Balanced SIP,SIP,HDFC Mutual Fund,SIP,Monthly,4518,4518,103914,121872.37,2019-04-14,Active
INV00256,CUST00145,INV001,HDFC Equity Mutual Fund,Mutual Fund,HDFC Mutual Fund,Lumpsum,Lumpsum,0,53864,53864,53295.29,2019-04-14,Active
INV00257,CUST00146,INV003,HDFC Liquid Fund,Mutual Fund,HDFC Mutual Fund,Lumpsum,Lumpsum,0,380069,380069,541878.55,2025-01-03,Active
INV00258,CUST00147,INV004,HDFC Equity SIP,SIP,HDFC Mutual Fund,SIP,Monthly,500,500,7500,7514.52,2024-06-17,Active
INV00259,CUST00147,INV003,HDFC Liquid Fund,Mutual Fund,HDFC Mutual Fund,Lumpsum,Lumpsum,0,1070287,1070287,1420873.08,2024-06-17,Active
INV00260,CUST00149,INV004,HDFC Equity SIP,SIP,HDFC Mutual Fund,SIP,Monthly,500,500,9500,9807.93,2021-11-29,Active
INV00261,CUST00149,INV007,NPS Tier I,NPS,HDFC Pension,NPS,Monthly,1672,1672,45144,48495.47,2021-11-29,Active
INV00262,CUST00149,INV008,HDFC 3-in-1 Investment Account,Demat,HDFC Securities,Demat Account,One-Time,0,0,0,0,2021-11-29,Active
INV00263,CUST00149,INV009,Equity Trading Account,Stock / Equity,HDFC Securities,Direct Equity,Lumpsum,0,104132,104132,124930.39,2021-11-29,Active
INV00264,CUST00150,INV005,HDFC Balanced SIP,SIP,HDFC Mutual Fund,SIP,Monthly,5657,5657,192338,241581.19,2025-01-08,Active
INV00265,CUST00151,INV004,HDFC Equity SIP,SIP,HDFC Mutual Fund,SIP,Monthly,5221,5221,62652,67013.47,2021-04-21,Active
INV00266,CUST00151,INV003,HDFC Liquid Fund,Mutual Fund,HDFC Mutual Fund,Lumpsum,Lumpsum,0,21197,21197,19575.71,2021-04-21,Active
INV00267,CUST00151,INV007,NPS Tier I,NPS,HDFC Pension,NPS,Monthly,800,800,28000,30950.69,2021-04-21,Active
INV00268,CUST00153,INV002,HDFC Balanced Advantage Fund,Mutual Fund,HDFC Mutual Fund,Lumpsum,Lumpsum,0,193695,193695,240223.24,2025-07-24,Active
INV00269,CUST00153,INV007,NPS Tier I,NPS,HDFC Pension,NPS,Monthly,6866,6866,205980,223513.38,2025-07-24,Active
INV00270,CUST00157,INV007,NPS Tier I,NPS,HDFC Pension,NPS,Monthly,1689,1689,54048,60066.34,2024-06-04,Active
INV00271,CUST00158,INV004,HDFC Equity SIP,SIP,HDFC Mutual Fund,SIP,Monthly,4185,4185,150660,184316.66,2026-02-11,Active
INV00272,CUST00160,INV004,HDFC Equity SIP,SIP,HDFC Mutual Fund,SIP,Monthly,18699,18699,74796,99865.77,2021-06-06,Active
INV00273,CUST00161,INV004,HDFC Equity SIP,SIP,HDFC Mutual Fund,SIP,Monthly,45408,45408,1498464,1592782.64,2024-12-06,Active
INV00274,CUST00161,INV001,HDFC Equity Mutual Fund,Mutual Fund,HDFC Mutual Fund,Lumpsum,Lumpsum,0,404948,404948,470031.39,2024-12-06,Active
INV00275,CUST00161,INV008,HDFC 3-in-1 Investment Account,Demat,HDFC Securities,Demat Account,One-Time,0,0,0,0,2024-12-06,Active
INV00276,CUST00161,INV009,Equity Trading Account,Stock / Equity,HDFC Securities,Direct Equity,Lumpsum,0,359336,359336,342908.27,2024-12-06,Active
INV00277,CUST00162,INV003,HDFC Liquid Fund,Mutual Fund,HDFC Mutual Fund,Lumpsum,Lumpsum,0,94215,94215,106966.01,2022-04-11,Active
INV00278,CUST00163,INV005,HDFC Balanced SIP,SIP,HDFC Mutual Fund,SIP,Monthly,500,500,11500,14026.28,2024-10-24,Active
INV00279,CUST00163,INV007,NPS Tier I,NPS,HDFC Pension,NPS,Monthly,692,692,20760,21668.15,2024-10-24,Active
INV00280,CUST00164,INV005,HDFC Balanced SIP,SIP,HDFC Mutual Fund,SIP,Monthly,500,500,2500,2679.07,2026-03-14,Active
INV00281,CUST00165,INV005,HDFC Balanced SIP,SIP,HDFC Mutual Fund,SIP,Monthly,22396,22396,671880,846434.7,2024-08-20,Active
INV00282,CUST00165,INV001,HDFC Equity Mutual Fund,Mutual Fund,HDFC Mutual Fund,Lumpsum,Lumpsum,0,338713,338713,463512.97,2024-08-20,Active
INV00283,CUST00166,INV005,HDFC Balanced SIP,SIP,HDFC Mutual Fund,SIP,Monthly,22032,22032,462672,571555.83,2024-09-29,Active
INV00284,CUST00166,INV002,HDFC Balanced Advantage Fund,Mutual Fund,HDFC Mutual Fund,Lumpsum,Lumpsum,0,142531,142531,177978.64,2024-09-29,Active
INV00285,CUST00167,INV004,HDFC Equity SIP,SIP,HDFC Mutual Fund,SIP,Monthly,500,500,12500,16179.8,2025-01-19,Active
INV00286,CUST00167,INV002,HDFC Balanced Advantage Fund,Mutual Fund,HDFC Mutual Fund,Lumpsum,Lumpsum,0,5421,5421,7798.6,2025-01-19,Active
INV00287,CUST00167,INV007,NPS Tier I,NPS,HDFC Pension,NPS,Monthly,2946,2946,76596,82048.12,2025-01-19,Active
INV00288,CUST00169,INV005,HDFC Balanced SIP,SIP,HDFC Mutual Fund,SIP,Monthly,500,500,12500,16264.84,2022-05-10,Active
INV00289,CUST00169,INV002,HDFC Balanced Advantage Fund,Mutual Fund,HDFC Mutual Fund,Lumpsum,Lumpsum,0,29204,29204,40346.38,2022-05-10,Active
INV00290,CUST00171,INV005,HDFC Balanced SIP,SIP,HDFC Mutual Fund,SIP,Monthly,50000,50000,250000,246574.99,2022-05-24,Active
INV00291,CUST00171,INV002,HDFC Balanced Advantage Fund,Mutual Fund,HDFC Mutual Fund,Lumpsum,Lumpsum,0,1393037,1393037,1940688.42,2022-05-24,Active
INV00292,CUST00171,INV008,HDFC 3-in-1 Investment Account,Demat,HDFC Securities,Demat Account,One-Time,0,0,0,0,2022-05-24,Active
INV00293,CUST00171,INV009,Equity Trading Account,Stock / Equity,HDFC Securities,Direct Equity,Lumpsum,0,661248,661248,876887.39,2022-05-24,Active
INV00294,CUST00171,INV013,Wealth Management Service,Wealth Management,HDFC Bank,Portfolio Management,Managed,0,13897011,13897011,17122024.88,2022-05-24,Active
INV00295,CUST00172,INV007,NPS Tier I,NPS,HDFC Pension,NPS,Monthly,7629,7629,236499,241815.61,2025-12-11,Active
INV00296,CUST00172,INV008,HDFC 3-in-1 Investment Account,Demat,HDFC Securities,Demat Account,One-Time,0,0,0,0,2025-12-11,Active
INV00297,CUST00172,INV009,Equity Trading Account,Stock / Equity,HDFC Securities,Direct Equity,Lumpsum,0,156340,156340,273898.7,2025-12-11,Active
INV00298,CUST00174,INV005,HDFC Balanced SIP,SIP,HDFC Mutual Fund,SIP,Monthly,3852,3852,53928,53721.61,2016-10-25,Active
INV00299,CUST00174,INV007,NPS Tier I,NPS,HDFC Pension,NPS,Monthly,888,888,23976,25926.3,2016-10-25,Active
INV00300,CUST00175,INV005,HDFC Balanced SIP,SIP,HDFC Mutual Fund,SIP,Monthly,4745,4745,37960,46795.07,2023-07-20,Active
INV00301,CUST00178,INV005,HDFC Balanced SIP,SIP,HDFC Mutual Fund,SIP,Monthly,50000,50000,950000,993416.42,2020-12-10,Active
INV00302,CUST00178,INV001,HDFC Equity Mutual Fund,Mutual Fund,HDFC Mutual Fund,Lumpsum,Lumpsum,0,97044,97044,139720.39,2020-12-10,Active
INV00303,CUST00178,INV008,HDFC 3-in-1 Investment Account,Demat,HDFC Securities,Demat Account,One-Time,0,0,0,0,2020-12-10,Active
INV00304,CUST00178,INV009,Equity Trading Account,Stock / Equity,HDFC Securities,Direct Equity,Lumpsum,0,249029,249029,370279.91,2020-12-10,Active
INV00305,CUST00180,INV005,HDFC Balanced SIP,SIP,HDFC Mutual Fund,SIP,Monthly,38183,38183,916392,1170528.78,2025-03-06,Active
INV00306,CUST00180,INV002,HDFC Balanced Advantage Fund,Mutual Fund,HDFC Mutual Fund,Lumpsum,Lumpsum,0,120585,120585,128993.83,2025-03-06,Active
INV00307,CUST00180,INV007,NPS Tier I,NPS,HDFC Pension,NPS,Monthly,5578,5578,39046,40373.96,2025-03-06,Active
INV00308,CUST00180,INV008,HDFC 3-in-1 Investment Account,Demat,HDFC Securities,Demat Account,One-Time,0,0,0,0,2025-03-06,Active
INV00309,CUST00180,INV009,Equity Trading Account,Stock / Equity,HDFC Securities,Direct Equity,Lumpsum,0,76196,76196,90506.88,2025-03-06,Active
INV00310,CUST00180,INV011,ETF - Nifty 50,ETF,HDFC Securities,ETF,Lumpsum,0,27803,27803,28019.01,2025-03-06,Active
INV00311,CUST00182,INV005,HDFC Balanced SIP,SIP,HDFC Mutual Fund,SIP,Monthly,24554,24554,564742,755781.54,2023-01-01,Active
INV00312,CUST00183,INV001,HDFC Equity Mutual Fund,Mutual Fund,HDFC Mutual Fund,Lumpsum,Lumpsum,0,121726,121726,164820.05,2025-10-18,Active
INV00313,CUST00183,INV007,NPS Tier I,NPS,HDFC Pension,NPS,Monthly,6058,6058,139334,154357.37,2025-10-18,Active
INV00314,CUST00185,INV004,HDFC Equity SIP,SIP,HDFC Mutual Fund,SIP,Monthly,13956,13956,55824,70407.02,2023-04-25,Active
INV00315,CUST00187,INV004,HDFC Equity SIP,SIP,HDFC Mutual Fund,SIP,Monthly,12024,12024,60120,60001.08,2025-12-03,Active
INV00316,CUST00187,INV002,HDFC Balanced Advantage Fund,Mutual Fund,HDFC Mutual Fund,Lumpsum,Lumpsum,0,127414,127414,167665.87,2025-12-03,Active
INV00317,CUST00188,INV005,HDFC Balanced SIP,SIP,HDFC Mutual Fund,SIP,Monthly,8330,8330,41650,44097.7,2026-06-04,Active
INV00318,CUST00188,INV003,HDFC Liquid Fund,Mutual Fund,HDFC Mutual Fund,Lumpsum,Lumpsum,0,130407,130407,158458.85,2026-06-04,Active
INV00319,CUST00188,INV007,NPS Tier I,NPS,HDFC Pension,NPS,Monthly,3722,3722,81884,83186.98,2026-06-04,Active
INV00320,CUST00189,INV005,HDFC Balanced SIP,SIP,HDFC Mutual Fund,SIP,Monthly,27217,27217,190519,251182.63,2024-07-02,Active
INV00321,CUST00189,INV007,NPS Tier I,NPS,HDFC Pension,NPS,Monthly,10997,10997,175952,180309.89,2024-07-02,Active
INV00322,CUST00189,INV008,HDFC 3-in-1 Investment Account,Demat,HDFC Securities,Demat Account,One-Time,0,0,0,0,2024-07-02,Active
INV00323,CUST00189,INV009,Equity Trading Account,Stock / Equity,HDFC Securities,Direct Equity,Lumpsum,0,50103,50103,38858.92,2024-07-02,Active
INV00324,CUST00190,INV004,HDFC Equity SIP,SIP,HDFC Mutual Fund,SIP,Monthly,23359,23359,467180,603294.11,2025-10-17,Active
INV00325,CUST00190,INV001,HDFC Equity Mutual Fund,Mutual Fund,HDFC Mutual Fund,Lumpsum,Lumpsum,0,60996,60996,83620.9,2025-10-17,Active
INV00326,CUST00192,INV005,HDFC Balanced SIP,SIP,HDFC Mutual Fund,SIP,Monthly,4050,4050,113400,119099.23,2025-12-13,Active
INV00327,CUST00192,INV002,HDFC Balanced Advantage Fund,Mutual Fund,HDFC Mutual Fund,Lumpsum,Lumpsum,0,87890,87890,116379.44,2025-12-13,Active
INV00328,CUST00192,INV007,NPS Tier I,NPS,HDFC Pension,NPS,Monthly,1226,1226,7356,8161.6,2025-12-13,Active
INV00329,CUST00193,INV001,HDFC Equity Mutual Fund,Mutual Fund,HDFC Mutual Fund,Lumpsum,Lumpsum,0,49612,49612,47895.0,2024-05-15,Active
INV00330,CUST00193,INV008,HDFC 3-in-1 Investment Account,Demat,HDFC Securities,Demat Account,One-Time,0,0,0,0,2024-05-15,Active
INV00331,CUST00193,INV009,Equity Trading Account,Stock / Equity,HDFC Securities,Direct Equity,Lumpsum,0,99859,99859,81176.22,2024-05-15,Active
INV00332,CUST00194,INV004,HDFC Equity SIP,SIP,HDFC Mutual Fund,SIP,Monthly,11821,11821,141852,163334.05,2025-01-31,Active
INV00333,CUST00195,INV001,HDFC Equity Mutual Fund,Mutual Fund,HDFC Mutual Fund,Lumpsum,Lumpsum,0,169172,169172,177775.31,2023-04-20,Active
INV00334,CUST00196,INV007,NPS Tier I,NPS,HDFC Pension,NPS,Monthly,1165,1165,18640,19039.22,2026-02-17,Active
INV00335,CUST00198,INV003,HDFC Liquid Fund,Mutual Fund,HDFC Mutual Fund,Lumpsum,Lumpsum,0,85503,85503,105947.2,2025-10-02,Active
INV00336,CUST00198,INV008,HDFC 3-in-1 Investment Account,Demat,HDFC Securities,Demat Account,One-Time,0,0,0,0,2025-10-02,Active
INV00337,CUST00198,INV009,Equity Trading Account,Stock / Equity,HDFC Securities,Direct Equity,Lumpsum,0,15285,15285,22897.15,2025-10-02,Active
INV00338,CUST00199,INV005,HDFC Balanced SIP,SIP,HDFC Mutual Fund,SIP,Monthly,4236,4236,114372,133436.72,2024-03-14,Active
INV00339,CUST00200,INV004,HDFC Equity SIP,SIP,HDFC Mutual Fund,SIP,Monthly,1349,1349,39121,45545.34,2026-01-27,Active
INV00340,CUST00200,INV003,HDFC Liquid Fund,Mutual Fund,HDFC Mutual Fund,Lumpsum,Lumpsum,0,35198,35198,50614.14,2026-01-27,Active
INV00341,CUST00202,INV004,HDFC Equity SIP,SIP,HDFC Mutual Fund,SIP,Monthly,29843,29843,149215,153668.31,2022-09-08,Active
INV00342,CUST00202,INV002,HDFC Balanced Advantage Fund,Mutual Fund,HDFC Mutual Fund,Lumpsum,Lumpsum,0,37862,37862,43353.67,2022-09-08,Active
INV00343,CUST00203,INV005,HDFC Balanced SIP,SIP,HDFC Mutual Fund,SIP,Monthly,47378,47378,1516096,1761263.0,2026-03-11,Active
INV00344,CUST00203,INV002,HDFC Balanced Advantage Fund,Mutual Fund,HDFC Mutual Fund,Lumpsum,Lumpsum,0,199545,199545,275038.29,2026-03-11,Active
INV00345,CUST00203,INV007,NPS Tier I,NPS,HDFC Pension,NPS,Monthly,4435,4435,88700,95685.46,2026-03-11,Active
INV00346,CUST00203,INV008,HDFC 3-in-1 Investment Account,Demat,HDFC Securities,Demat Account,One-Time,0,0,0,0,2026-03-11,Active
INV00347,CUST00203,INV009,Equity Trading Account,Stock / Equity,HDFC Securities,Direct Equity,Lumpsum,0,65858,65858,90035.7,2026-03-11,Active
INV00348,CUST00203,INV011,ETF - Nifty 50,ETF,HDFC Securities,ETF,Lumpsum,0,80203,80203,82923.79,2026-03-11,Active
INV00349,CUST00204,INV003,HDFC Liquid Fund,Mutual Fund,HDFC Mutual Fund,Lumpsum,Lumpsum,0,88566,88566,96749.8,2024-06-29,Active
INV00350,CUST00205,INV003,HDFC Liquid Fund,Mutual Fund,HDFC Mutual Fund,Lumpsum,Lumpsum,0,151331,151331,154135.62,2016-11-20,Active
INV00351,CUST00206,INV005,HDFC Balanced SIP,SIP,HDFC Mutual Fund,SIP,Monthly,500,500,15500,17295.09,2026-06-03,Active
INV00352,CUST00207,INV004,HDFC Equity SIP,SIP,HDFC Mutual Fund,SIP,Monthly,3072,3072,70656,81353.34,2026-01-18,Active
INV00353,CUST00207,INV002,HDFC Balanced Advantage Fund,Mutual Fund,HDFC Mutual Fund,Lumpsum,Lumpsum,0,43503,43503,45190.41,2026-01-18,Active
INV00354,CUST00209,INV001,HDFC Equity Mutual Fund,Mutual Fund,HDFC Mutual Fund,Lumpsum,Lumpsum,0,51412,51412,71503.74,2025-07-28,Active
INV00355,CUST00210,INV005,HDFC Balanced SIP,SIP,HDFC Mutual Fund,SIP,Monthly,8359,8359,83590,107666.61,2022-07-31,Active
INV00356,CUST00210,INV003,HDFC Liquid Fund,Mutual Fund,HDFC Mutual Fund,Lumpsum,Lumpsum,0,86964,86964,110799.09,2022-07-31,Active
INV00357,CUST00212,INV004,HDFC Equity SIP,SIP,HDFC Mutual Fund,SIP,Monthly,37362,37362,934050,1227517.8,2025-06-23,Active
INV00358,CUST00213,INV003,HDFC Liquid Fund,Mutual Fund,HDFC Mutual Fund,Lumpsum,Lumpsum,0,376556,376556,488379.9,2020-08-02,Active
INV00359,CUST00213,INV007,NPS Tier I,NPS,HDFC Pension,NPS,Monthly,7977,7977,231333,245409.35,2020-08-02,Active
INV00360,CUST00213,INV008,HDFC 3-in-1 Investment Account,Demat,HDFC Securities,Demat Account,One-Time,0,0,0,0,2020-08-02,Active
INV00361,CUST00213,INV009,Equity Trading Account,Stock / Equity,HDFC Securities,Direct Equity,Lumpsum,0,245208,245208,367235.81,2020-08-02,Active
INV00362,CUST00214,INV005,HDFC Balanced SIP,SIP,HDFC Mutual Fund,SIP,Monthly,11621,11621,418356,561267.25,2023-07-04,Active
INV00363,CUST00215,INV001,HDFC Equity Mutual Fund,Mutual Fund,HDFC Mutual Fund,Lumpsum,Lumpsum,0,32643,32643,47027.95,2024-05-31,Active
INV00364,CUST00216,INV007,NPS Tier I,NPS,HDFC Pension,NPS,Monthly,1238,1238,24760,27105.94,2026-01-27,Active
INV00365,CUST00216,INV008,HDFC 3-in-1 Investment Account,Demat,HDFC Securities,Demat Account,One-Time,0,0,0,0,2026-01-27,Active
INV00366,CUST00216,INV009,Equity Trading Account,Stock / Equity,HDFC Securities,Direct Equity,Lumpsum,0,20967,20967,19211.5,2026-01-27,Active
INV00367,CUST00217,INV008,HDFC 3-in-1 Investment Account,Demat,HDFC Securities,Demat Account,One-Time,0,0,0,0,2022-07-19,Active
INV00368,CUST00217,INV009,Equity Trading Account,Stock / Equity,HDFC Securities,Direct Equity,Lumpsum,0,32202,32202,42910.59,2022-07-19,Active
INV00369,CUST00218,INV005,HDFC Balanced SIP,SIP,HDFC Mutual Fund,SIP,Monthly,500,500,11500,13169.94,2024-06-04,Active
INV00370,CUST00218,INV001,HDFC Equity Mutual Fund,Mutual Fund,HDFC Mutual Fund,Lumpsum,Lumpsum,0,33626,33626,37980.72,2024-06-04,Active
INV00371,CUST00219,INV004,HDFC Equity SIP,SIP,HDFC Mutual Fund,SIP,Monthly,13652,13652,232084,284823.98,2026-07-14,Active
INV00372,CUST00219,INV007,NPS Tier I,NPS,HDFC Pension,NPS,Monthly,7326,7326,263736,274568.89,2026-07-14,Active
INV00373,CUST00219,INV008,HDFC 3-in-1 Investment Account,Demat,HDFC Securities,Demat Account,One-Time,0,0,0,0,2026-07-14,Active
INV00374,CUST00219,INV009,Equity Trading Account,Stock / Equity,HDFC Securities,Direct Equity,Lumpsum,0,157831,157831,173712.97,2026-07-14,Active
INV00375,CUST00220,INV003,HDFC Liquid Fund,Mutual Fund,HDFC Mutual Fund,Lumpsum,Lumpsum,0,54557,54557,53807.13,2019-09-20,Active
INV00376,CUST00221,INV004,HDFC Equity SIP,SIP,HDFC Mutual Fund,SIP,Monthly,38572,38572,1311448,1434480.56,2020-05-24,Active
INV00377,CUST00221,INV002,HDFC Balanced Advantage Fund,Mutual Fund,HDFC Mutual Fund,Lumpsum,Lumpsum,0,535479,535479,595249.31,2020-05-24,Active
INV00378,CUST00221,INV007,NPS Tier I,NPS,HDFC Pension,NPS,Monthly,2581,2581,36134,36605.88,2020-05-24,Active
INV00379,CUST00222,INV004,HDFC Equity SIP,SIP,HDFC Mutual Fund,SIP,Monthly,11578,11578,104202,117611.93,2020-10-30,Active
INV00380,CUST00222,INV007,NPS Tier I,NPS,HDFC Pension,NPS,Monthly,7711,7711,200486,210125.49,2020-10-30,Active
INV00381,CUST00223,INV004,HDFC Equity SIP,SIP,HDFC Mutual Fund,SIP,Monthly,500,500,10000,9928.39,2026-07-19,Active
INV00382,CUST00223,INV002,HDFC Balanced Advantage Fund,Mutual Fund,HDFC Mutual Fund,Lumpsum,Lumpsum,0,78239,78239,84639.24,2026-07-19,Active
INV00383,CUST00225,INV005,HDFC Balanced SIP,SIP,HDFC Mutual Fund,SIP,Monthly,50000,50000,1100000,1335964.99,2025-12-01,Active
INV00384,CUST00225,INV001,HDFC Equity Mutual Fund,Mutual Fund,HDFC Mutual Fund,Lumpsum,Lumpsum,0,315331,315331,322848.77,2025-12-01,Active
INV00385,CUST00226,INV004,HDFC Equity SIP,SIP,HDFC Mutual Fund,SIP,Monthly,500,500,5500,6047.37,2019-01-04,Active
INV00386,CUST00226,INV007,NPS Tier I,NPS,HDFC Pension,NPS,Monthly,5030,5030,30180,31031.14,2019-01-04,Active
INV00387,CUST00227,INV005,HDFC Balanced SIP,SIP,HDFC Mutual Fund,SIP,Monthly,8929,8929,276799,312007.74,2024-02-20,Active
INV00388,CUST00227,INV002,HDFC Balanced Advantage Fund,Mutual Fund,HDFC Mutual Fund,Lumpsum,Lumpsum,0,51788,51788,60704.97,2024-02-20,Active
INV00389,CUST00227,INV007,NPS Tier I,NPS,HDFC Pension,NPS,Monthly,1812,1812,27180,28998.07,2024-02-20,Active
INV00390,CUST00227,INV008,HDFC 3-in-1 Investment Account,Demat,HDFC Securities,Demat Account,One-Time,0,0,0,0,2024-02-20,Active
INV00391,CUST00227,INV009,Equity Trading Account,Stock / Equity,HDFC Securities,Direct Equity,Lumpsum,0,40680,40680,70432.15,2024-02-20,Active
INV00392,CUST00229,INV007,NPS Tier I,NPS,HDFC Pension,NPS,Monthly,683,683,12977,14441.45,2022-06-24,Active
INV00393,CUST00230,INV004,HDFC Equity SIP,SIP,HDFC Mutual Fund,SIP,Monthly,7889,7889,126224,132496.24,2025-07-13,Active
INV00394,CUST00230,INV007,NPS Tier I,NPS,HDFC Pension,NPS,Monthly,733,733,5131,5493.04,2025-07-13,Active
INV00395,CUST00231,INV004,HDFC Equity SIP,SIP,HDFC Mutual Fund,SIP,Monthly,1784,1784,12488,16016.13,2023-06-18,Active
INV00396,CUST00231,INV001,HDFC Equity Mutual Fund,Mutual Fund,HDFC Mutual Fund,Lumpsum,Lumpsum,0,211466,211466,276262.77,2023-06-18,Active
INV00397,CUST00233,INV004,HDFC Equity SIP,SIP,HDFC Mutual Fund,SIP,Monthly,500,500,12000,14332.01,2026-07-09,Active
INV00398,CUST00233,INV003,HDFC Liquid Fund,Mutual Fund,HDFC Mutual Fund,Lumpsum,Lumpsum,0,1796696,1796696,1810240.75,2026-07-09,Active
INV00399,CUST00233,INV007,NPS Tier I,NPS,HDFC Pension,NPS,Monthly,24664,24664,443952,464213.41,2026-07-09,Active
INV00400,CUST00234,INV007,NPS Tier I,NPS,HDFC Pension,NPS,Monthly,2552,2552,63800,70645.49,2026-05-20,Active
INV00401,CUST00235,INV004,HDFC Equity SIP,SIP,HDFC Mutual Fund,SIP,Monthly,4888,4888,161304,183193.98,2020-04-19,Active
INV00402,CUST00235,INV001,HDFC Equity Mutual Fund,Mutual Fund,HDFC Mutual Fund,Lumpsum,Lumpsum,0,47297,47297,64383.84,2020-04-19,Active
INV00403,CUST00236,INV004,HDFC Equity SIP,SIP,HDFC Mutual Fund,SIP,Monthly,3497,3497,87425,105227.02,2023-04-25,Active
INV00404,CUST00237,INV004,HDFC Equity SIP,SIP,HDFC Mutual Fund,SIP,Monthly,500,500,10500,13082.47,2026-05-31,Active
INV00405,CUST00237,INV003,HDFC Liquid Fund,Mutual Fund,HDFC Mutual Fund,Lumpsum,Lumpsum,0,35217,35217,34519.36,2026-05-31,Active
INV00406,CUST00237,INV008,HDFC 3-in-1 Investment Account,Demat,HDFC Securities,Demat Account,One-Time,0,0,0,0,2026-05-31,Active
INV00407,CUST00237,INV009,Equity Trading Account,Stock / Equity,HDFC Securities,Direct Equity,Lumpsum,0,154821,154821,185385.09,2026-05-31,Active
INV00408,CUST00237,INV011,ETF - Nifty 50,ETF,HDFC Securities,ETF,Lumpsum,0,23432,23432,28582.9,2026-05-31,Active
INV00409,CUST00238,INV004,HDFC Equity SIP,SIP,HDFC Mutual Fund,SIP,Monthly,26772,26772,829932,968570.95,2019-07-14,Active
INV00410,CUST00238,INV002,HDFC Balanced Advantage Fund,Mutual Fund,HDFC Mutual Fund,Lumpsum,Lumpsum,0,127757,127757,171344.2,2019-07-14,Active
INV00411,CUST00239,INV005,HDFC Balanced SIP,SIP,HDFC Mutual Fund,SIP,Monthly,500,500,12000,15905.91,2019-10-21,Active
INV00412,CUST00239,INV002,HDFC Balanced Advantage Fund,Mutual Fund,HDFC Mutual Fund,Lumpsum,Lumpsum,0,9078,9078,8756.93,2019-10-21,Active
INV00413,CUST00240,INV005,HDFC Balanced SIP,SIP,HDFC Mutual Fund,SIP,Monthly,500,500,15500,19424.01,2018-08-13,Active
INV00414,CUST00240,INV002,HDFC Balanced Advantage Fund,Mutual Fund,HDFC Mutual Fund,Lumpsum,Lumpsum,0,670552,670552,722730.45,2018-08-13,Active
INV00415,CUST00242,INV005,HDFC Balanced SIP,SIP,HDFC Mutual Fund,SIP,Monthly,15986,15986,63944,66531.26,2019-06-10,Active
INV00416,CUST00242,INV007,NPS Tier I,NPS,HDFC Pension,NPS,Monthly,3008,3008,39104,41803.71,2019-06-10,Active
INV00417,CUST00244,INV001,HDFC Equity Mutual Fund,Mutual Fund,HDFC Mutual Fund,Lumpsum,Lumpsum,0,127470,127470,140211.01,2021-01-27,Active
INV00418,CUST00244,INV008,HDFC 3-in-1 Investment Account,Demat,HDFC Securities,Demat Account,One-Time,0,0,0,0,2021-01-27,Active
INV00419,CUST00244,INV009,Equity Trading Account,Stock / Equity,HDFC Securities,Direct Equity,Lumpsum,0,84400,84400,89944.64,2021-01-27,Active
INV00420,CUST00245,INV007,NPS Tier I,NPS,HDFC Pension,NPS,Monthly,1482,1482,48906,48918.32,2021-06-11,Active
INV00421,CUST00246,INV004,HDFC Equity SIP,SIP,HDFC Mutual Fund,SIP,Monthly,500,500,18000,23719.66,2023-07-03,Active
INV00422,CUST00246,INV003,HDFC Liquid Fund,Mutual Fund,HDFC Mutual Fund,Lumpsum,Lumpsum,0,24385,24385,27419.75,2023-07-03,Active
INV00423,CUST00246,INV007,NPS Tier I,NPS,HDFC Pension,NPS,Monthly,1135,1135,37455,40928.17,2023-07-03,Active
INV00424,CUST00247,INV005,HDFC Balanced SIP,SIP,HDFC Mutual Fund,SIP,Monthly,11613,11613,209034,259422.89,2026-02-22,Active
INV00425,CUST00247,INV002,HDFC Balanced Advantage Fund,Mutual Fund,HDFC Mutual Fund,Lumpsum,Lumpsum,0,22754,22754,29597.35,2026-02-22,Active
INV00426,CUST00247,INV007,NPS Tier I,NPS,HDFC Pension,NPS,Monthly,3516,3516,38676,41083.9,2026-02-22,Active
INV00427,CUST00248,INV001,HDFC Equity Mutual Fund,Mutual Fund,HDFC Mutual Fund,Lumpsum,Lumpsum,0,74923,74923,90004.38,2020-08-20,Active
INV00428,CUST00249,INV004,HDFC Equity SIP,SIP,HDFC Mutual Fund,SIP,Monthly,43787,43787,306509,319710.79,2025-06-21,Active
INV00429,CUST00250,INV005,HDFC Balanced SIP,SIP,HDFC Mutual Fund,SIP,Monthly,25083,25083,451494,498211.21,2024-01-05,Active
INV00430,CUST00250,INV002,HDFC Balanced Advantage Fund,Mutual Fund,HDFC Mutual Fund,Lumpsum,Lumpsum,0,41869,41869,45449.44,2024-01-05,Active
INV00431,CUST00251,INV007,NPS Tier I,NPS,HDFC Pension,NPS,Monthly,685,685,18495,18530.27,2026-03-30,Active
INV00432,CUST00252,INV004,HDFC Equity SIP,SIP,HDFC Mutual Fund,SIP,Monthly,2267,2267,13602,14033.08,2023-08-19,Active
INV00433,CUST00253,INV004,HDFC Equity SIP,SIP,HDFC Mutual Fund,SIP,Monthly,50000,50000,1150000,1478060.01,2020-02-25,Active
INV00434,CUST00253,INV007,NPS Tier I,NPS,HDFC Pension,NPS,Monthly,11423,11423,79961,81474.02,2020-02-25,Active
INV00435,CUST00255,INV003,HDFC Liquid Fund,Mutual Fund,HDFC Mutual Fund,Lumpsum,Lumpsum,0,93722,93722,131944.25,2026-01-02,Active
INV00436,CUST00256,INV004,HDFC Equity SIP,SIP,HDFC Mutual Fund,SIP,Monthly,500,500,15000,19714.65,2017-05-30,Active
INV00437,CUST00256,INV003,HDFC Liquid Fund,Mutual Fund,HDFC Mutual Fund,Lumpsum,Lumpsum,0,332040,332040,403681.87,2017-05-30,Active
INV00438,CUST00257,INV004,HDFC Equity SIP,SIP,HDFC Mutual Fund,SIP,Monthly,641,641,6410,6599.95,2023-06-29,Active
INV00439,CUST00257,INV003,HDFC Liquid Fund,Mutual Fund,HDFC Mutual Fund,Lumpsum,Lumpsum,0,7616,7616,7453.14,2023-06-29,Active
INV00440,CUST00258,INV005,HDFC Balanced SIP,SIP,HDFC Mutual Fund,SIP,Monthly,500,500,13500,14264.06,2025-05-04,Active
INV00441,CUST00258,INV007,NPS Tier I,NPS,HDFC Pension,NPS,Monthly,2378,2378,73718,76739.32,2025-05-04,Active
INV00442,CUST00259,INV004,HDFC Equity SIP,SIP,HDFC Mutual Fund,SIP,Monthly,500,500,2000,2576.13,2024-09-10,Active
INV00443,CUST00259,INV001,HDFC Equity Mutual Fund,Mutual Fund,HDFC Mutual Fund,Lumpsum,Lumpsum,0,95449,95449,119832.32,2024-09-10,Active
INV00444,CUST00259,INV007,NPS Tier I,NPS,HDFC Pension,NPS,Monthly,3540,3540,31860,34383.89,2024-09-10,Active
INV00445,CUST00260,INV002,HDFC Balanced Advantage Fund,Mutual Fund,HDFC Mutual Fund,Lumpsum,Lumpsum,0,77176,77176,91786.67,2024-12-20,Active
INV00446,CUST00261,INV004,HDFC Equity SIP,SIP,HDFC Mutual Fund,SIP,Monthly,14150,14150,367900,491121.24,2025-06-23,Active
INV00447,CUST00262,INV005,HDFC Balanced SIP,SIP,HDFC Mutual Fund,SIP,Monthly,49407,49407,889326,1108022.16,2025-11-27,Active
INV00448,CUST00262,INV002,HDFC Balanced Advantage Fund,Mutual Fund,HDFC Mutual Fund,Lumpsum,Lumpsum,0,276310,276310,395978.86,2025-11-27,Active
INV00449,CUST00262,INV008,HDFC 3-in-1 Investment Account,Demat,HDFC Securities,Demat Account,One-Time,0,0,0,0,2025-11-27,Active
INV00450,CUST00262,INV009,Equity Trading Account,Stock / Equity,HDFC Securities,Direct Equity,Lumpsum,0,232779,232779,204126.42,2025-11-27,Active
INV00451,CUST00263,INV007,NPS Tier I,NPS,HDFC Pension,NPS,Monthly,1065,1065,9585,9827.31,2020-07-12,Active
INV00452,CUST00264,INV001,HDFC Equity Mutual Fund,Mutual Fund,HDFC Mutual Fund,Lumpsum,Lumpsum,0,115302,115302,150560.64,2019-07-08,Active
INV00453,CUST00265,INV005,HDFC Balanced SIP,SIP,HDFC Mutual Fund,SIP,Monthly,6661,6661,179847,192377.24,2025-09-09,Active
INV00454,CUST00265,INV007,NPS Tier I,NPS,HDFC Pension,NPS,Monthly,625,625,10625,11815.09,2025-09-09,Active
INV00455,CUST00266,INV005,HDFC Balanced SIP,SIP,HDFC Mutual Fund,SIP,Monthly,4920,4920,24600,27362.16,2025-10-20,Active
INV00456,CUST00267,INV001,HDFC Equity Mutual Fund,Mutual Fund,HDFC Mutual Fund,Lumpsum,Lumpsum,0,169979,169979,222669.27,2017-05-18,Active
INV00457,CUST00267,INV008,HDFC 3-in-1 Investment Account,Demat,HDFC Securities,Demat Account,One-Time,0,0,0,0,2017-05-18,Active
INV00458,CUST00267,INV009,Equity Trading Account,Stock / Equity,HDFC Securities,Direct Equity,Lumpsum,0,70875,70875,91980.92,2017-05-18,Active
INV00459,CUST00268,INV004,HDFC Equity SIP,SIP,HDFC Mutual Fund,SIP,Monthly,500,500,4000,4478.75,2026-06-12,Active
INV00460,CUST00268,INV003,HDFC Liquid Fund,Mutual Fund,HDFC Mutual Fund,Lumpsum,Lumpsum,0,709348,709348,799103.48,2026-06-12,Active
INV00461,CUST00268,INV007,NPS Tier I,NPS,HDFC Pension,NPS,Monthly,23045,23045,506990,562309.17,2026-06-12,Active
INV00462,CUST00268,INV008,HDFC 3-in-1 Investment Account,Demat,HDFC Securities,Demat Account,One-Time,0,0,0,0,2026-06-12,Active
INV00463,CUST00268,INV009,Equity Trading Account,Stock / Equity,HDFC Securities,Direct Equity,Lumpsum,0,495168,495168,868743.39,2026-06-12,Active
INV00464,CUST00268,INV011,ETF - Nifty 50,ETF,HDFC Securities,ETF,Lumpsum,0,224134,224134,298995.53,2026-06-12,Active
INV00465,CUST00268,INV013,Wealth Management Service,Wealth Management,HDFC Bank,Portfolio Management,Managed,0,8617166,8617166,10043280.46,2026-06-12,Active
INV00466,CUST00269,INV004,HDFC Equity SIP,SIP,HDFC Mutual Fund,SIP,Monthly,11875,11875,332500,353488.55,2021-06-08,Active
INV00467,CUST00269,INV001,HDFC Equity Mutual Fund,Mutual Fund,HDFC Mutual Fund,Lumpsum,Lumpsum,0,137405,137405,137384.55,2021-06-08,Active
INV00468,CUST00270,INV004,HDFC Equity SIP,SIP,HDFC Mutual Fund,SIP,Monthly,769,769,16149,18141.05,2019-10-24,Active
INV00469,CUST00270,INV001,HDFC Equity Mutual Fund,Mutual Fund,HDFC Mutual Fund,Lumpsum,Lumpsum,0,108319,108319,155193.73,2019-10-24,Active
INV00470,CUST00270,INV007,NPS Tier I,NPS,HDFC Pension,NPS,Monthly,616,616,8008,8915.8,2019-10-24,Active
INV00471,CUST00271,INV005,HDFC Balanced SIP,SIP,HDFC Mutual Fund,SIP,Monthly,5477,5477,49293,59867.64,2020-05-12,Active
INV00472,CUST00271,INV003,HDFC Liquid Fund,Mutual Fund,HDFC Mutual Fund,Lumpsum,Lumpsum,0,228865,228865,220235.27,2020-05-12,Active
INV00473,CUST00271,INV007,NPS Tier I,NPS,HDFC Pension,NPS,Monthly,6841,6841,129979,141637.45,2020-05-12,Active
INV00474,CUST00273,INV007,NPS Tier I,NPS,HDFC Pension,NPS,Monthly,1729,1729,13832,14216.56,2024-02-22,Active
INV00475,CUST00275,INV005,HDFC Balanced SIP,SIP,HDFC Mutual Fund,SIP,Monthly,35231,35231,986468,1087023.56,2026-03-02,Active
INV00476,CUST00277,INV005,HDFC Balanced SIP,SIP,HDFC Mutual Fund,SIP,Monthly,8257,8257,173397,215147.87,2024-12-17,Active
INV00477,CUST00277,INV001,HDFC Equity Mutual Fund,Mutual Fund,HDFC Mutual Fund,Lumpsum,Lumpsum,0,71573,71573,89343.34,2024-12-17,Active
INV00478,CUST00278,INV003,HDFC Liquid Fund,Mutual Fund,HDFC Mutual Fund,Lumpsum,Lumpsum,0,6322,6322,6799.12,2026-04-07,Active
INV00479,CUST00279,INV004,HDFC Equity SIP,SIP,HDFC Mutual Fund,SIP,Monthly,18628,18628,223536,288624.34,2023-09-10,Active
INV00480,CUST00279,INV001,HDFC Equity Mutual Fund,Mutual Fund,HDFC Mutual Fund,Lumpsum,Lumpsum,0,48580,48580,66565.92,2023-09-10,Active
INV00481,CUST00280,INV004,HDFC Equity SIP,SIP,HDFC Mutual Fund,SIP,Monthly,4406,4406,44060,44008.85,2021-05-15,Active
INV00482,CUST00280,INV008,HDFC 3-in-1 Investment Account,Demat,HDFC Securities,Demat Account,One-Time,0,0,0,0,2021-05-15,Active
INV00483,CUST00280,INV009,Equity Trading Account,Stock / Equity,HDFC Securities,Direct Equity,Lumpsum,0,41868,41868,36626.03,2021-05-15,Active
INV00484,CUST00281,INV005,HDFC Balanced SIP,SIP,HDFC Mutual Fund,SIP,Monthly,3695,3695,103460,101468.22,2026-04-09,Active
INV00485,CUST00282,INV005,HDFC Balanced SIP,SIP,HDFC Mutual Fund,SIP,Monthly,7601,7601,159621,179104.59,2023-01-19,Active
INV00486,CUST00282,INV003,HDFC Liquid Fund,Mutual Fund,HDFC Mutual Fund,Lumpsum,Lumpsum,0,170229,170229,245125.31,2023-01-19,Active
INV00487,CUST00282,INV007,NPS Tier I,NPS,HDFC Pension,NPS,Monthly,7190,7190,136610,146779.59,2023-01-19,Active
INV00488,CUST00282,INV008,HDFC 3-in-1 Investment Account,Demat,HDFC Securities,Demat Account,One-Time,0,0,0,0,2023-01-19,Active
INV00489,CUST00282,INV009,Equity Trading Account,Stock / Equity,HDFC Securities,Direct Equity,Lumpsum,0,66360,66360,69830.61,2023-01-19,Active
INV00490,CUST00283,INV004,HDFC Equity SIP,SIP,HDFC Mutual Fund,SIP,Monthly,24466,24466,171262,183029.65,2025-07-08,Active
INV00491,CUST00283,INV007,NPS Tier I,NPS,HDFC Pension,NPS,Monthly,3227,3227,64540,66277.56,2025-07-08,Active
INV00492,CUST00283,INV008,HDFC 3-in-1 Investment Account,Demat,HDFC Securities,Demat Account,One-Time,0,0,0,0,2025-07-08,Active
INV00493,CUST00283,INV009,Equity Trading Account,Stock / Equity,HDFC Securities,Direct Equity,Lumpsum,0,109133,109133,169521.01,2025-07-08,Active
INV00494,CUST00284,INV004,HDFC Equity SIP,SIP,HDFC Mutual Fund,SIP,Monthly,16052,16052,577872,619866.94,2022-03-30,Active
INV00495,CUST00284,INV001,HDFC Equity Mutual Fund,Mutual Fund,HDFC Mutual Fund,Lumpsum,Lumpsum,0,114459,114459,164707.24,2022-03-30,Active
INV00496,CUST00285,INV004,HDFC Equity SIP,SIP,HDFC Mutual Fund,SIP,Monthly,4948,4948,138544,162189.41,2024-08-23,Active
INV00497,CUST00285,INV003,HDFC Liquid Fund,Mutual Fund,HDFC Mutual Fund,Lumpsum,Lumpsum,0,70467,70467,65139.1,2024-08-23,Active
INV00498,CUST00285,INV007,NPS Tier I,NPS,HDFC Pension,NPS,Monthly,648,648,10368,11008.72,2024-08-23,Active
INV00499,CUST00287,INV007,NPS Tier I,NPS,HDFC Pension,NPS,Monthly,6126,6126,104142,110333.49,2025-03-12,Active
INV00500,CUST00289,INV004,HDFC Equity SIP,SIP,HDFC Mutual Fund,SIP,Monthly,500,500,1500,1710.52,2022-04-29,Active
INV00501,CUST00289,INV002,HDFC Balanced Advantage Fund,Mutual Fund,HDFC Mutual Fund,Lumpsum,Lumpsum,0,85376,85376,87421.32,2022-04-29,Active
INV00502,CUST00290,INV004,HDFC Equity SIP,SIP,HDFC Mutual Fund,SIP,Monthly,8920,8920,35680,36127.22,2024-07-17,Active
INV00503,CUST00290,INV007,NPS Tier I,NPS,HDFC Pension,NPS,Monthly,554,554,10526,10690.14,2024-07-17,Active
INV00504,CUST00292,INV005,HDFC Balanced SIP,SIP,HDFC Mutual Fund,SIP,Monthly,1641,1641,27897,34677.67,2025-03-26,Active
INV00505,CUST00292,INV001,HDFC Equity Mutual Fund,Mutual Fund,HDFC Mutual Fund,Lumpsum,Lumpsum,0,157682,157682,214189.78,2025-03-26,Active
INV00506,CUST00294,INV005,HDFC Balanced SIP,SIP,HDFC Mutual Fund,SIP,Monthly,22748,22748,727936,866950.78,2023-12-27,Active
INV00507,CUST00295,INV005,HDFC Balanced SIP,SIP,HDFC Mutual Fund,SIP,Monthly,500,500,12500,15504.94,2026-07-09,Active
INV00508,CUST00295,INV002,HDFC Balanced Advantage Fund,Mutual Fund,HDFC Mutual Fund,Lumpsum,Lumpsum,0,218938,218938,261329.96,2026-07-09,Active
INV00509,CUST00296,INV005,HDFC Balanced SIP,SIP,HDFC Mutual Fund,SIP,Monthly,3296,3296,16480,19085.6,2026-03-26,Active
INV00510,CUST00296,INV002,HDFC Balanced Advantage Fund,Mutual Fund,HDFC Mutual Fund,Lumpsum,Lumpsum,0,108032,108032,150198.67,2026-03-26,Active
INV00511,CUST00297,INV003,HDFC Liquid Fund,Mutual Fund,HDFC Mutual Fund,Lumpsum,Lumpsum,0,34359,34359,43491.73,2023-04-02,Active
INV00512,CUST00297,INV007,NPS Tier I,NPS,HDFC Pension,NPS,Monthly,2389,2389,76448,79989.14,2023-04-02,Active
INV00513,CUST00298,INV004,HDFC Equity SIP,SIP,HDFC Mutual Fund,SIP,Monthly,500,500,14000,14760.41,2024-03-23,Active
INV00514,CUST00298,INV001,HDFC Equity Mutual Fund,Mutual Fund,HDFC Mutual Fund,Lumpsum,Lumpsum,0,12053,12053,13380.19,2024-03-23,Active
INV00515,CUST00298,INV007,NPS Tier I,NPS,HDFC Pension,NPS,Monthly,1560,1560,10920,11503.56,2024-03-23,Active
INV00516,CUST00299,INV005,HDFC Balanced SIP,SIP,HDFC Mutual Fund,SIP,Monthly,8181,8181,49086,54181.94,2021-09-30,Active
INV00517,CUST00299,INV003,HDFC Liquid Fund,Mutual Fund,HDFC Mutual Fund,Lumpsum,Lumpsum,0,81647,81647,106021.93,2021-09-30,Active
INV00518,CUST00299,INV007,NPS Tier I,NPS,HDFC Pension,NPS,Monthly,865,865,9515,10306.72,2021-09-30,Active
INV00519,CUST00300,INV004,HDFC Equity SIP,SIP,HDFC Mutual Fund,SIP,Monthly,10667,10667,181339,224190.61,2022-02-24,Active
INV00520,CUST00300,INV001,HDFC Equity Mutual Fund,Mutual Fund,HDFC Mutual Fund,Lumpsum,Lumpsum,0,291678,291678,318301.39,2022-02-24,Active
INV00521,CUST00300,INV008,HDFC 3-in-1 Investment Account,Demat,HDFC Securities,Demat Account,One-Time,0,0,0,0,2022-02-24,Active
INV00522,CUST00300,INV009,Equity Trading Account,Stock / Equity,HDFC Securities,Direct Equity,Lumpsum,0,124603,124603,113943.87,2022-02-24,Active
INV00523,CUST00301,INV005,HDFC Balanced SIP,SIP,HDFC Mutual Fund,SIP,Monthly,48998,48998,1077956,1382980.01,2022-06-11,Active
INV00524,CUST00302,INV005,HDFC Balanced SIP,SIP,HDFC Mutual Fund,SIP,Monthly,500,500,3500,3779.24,2025-01-11,Active
INV00525,CUST00302,INV008,HDFC 3-in-1 Investment Account,Demat,HDFC Securities,Demat Account,One-Time,0,0,0,0,2025-01-11,Active
INV00526,CUST00302,INV009,Equity Trading Account,Stock / Equity,HDFC Securities,Direct Equity,Lumpsum,0,117397,117397,130946.27,2025-01-11,Active
INV00527,CUST00303,INV003,HDFC Liquid Fund,Mutual Fund,HDFC Mutual Fund,Lumpsum,Lumpsum,0,172841,172841,175602.64,2017-07-20,Active
INV00528,CUST00304,INV004,HDFC Equity SIP,SIP,HDFC Mutual Fund,SIP,Monthly,792,792,13464,14575.89,2021-08-03,Active
INV00529,CUST00305,INV005,HDFC Balanced SIP,SIP,HDFC Mutual Fund,SIP,Monthly,506,506,18216,21154.83,2024-06-12,Active
INV00530,CUST00305,INV003,HDFC Liquid Fund,Mutual Fund,HDFC Mutual Fund,Lumpsum,Lumpsum,0,175507,175507,220337.42,2024-06-12,Active
INV00531,CUST00306,INV005,HDFC Balanced SIP,SIP,HDFC Mutual Fund,SIP,Monthly,5045,5045,131170,160663.72,2026-06-13,Active
INV00532,CUST00306,INV007,NPS Tier I,NPS,HDFC Pension,NPS,Monthly,1318,1318,14498,16142.34,2026-06-13,Active
INV00533,CUST00308,INV004,HDFC Equity SIP,SIP,HDFC Mutual Fund,SIP,Monthly,2329,2329,48909,65638.51,2021-08-19,Active
INV00534,CUST00308,INV007,NPS Tier I,NPS,HDFC Pension,NPS,Monthly,672,672,8736,9232.0,2021-08-19,Active
INV00535,CUST00310,INV005,HDFC Balanced SIP,SIP,HDFC Mutual Fund,SIP,Monthly,500,500,10000,11429.67,2022-09-16,Active
INV00536,CUST00310,INV007,NPS Tier I,NPS,HDFC Pension,NPS,Monthly,584,584,19272,21189.78,2022-09-16,Active
INV00537,CUST00311,INV004,HDFC Equity SIP,SIP,HDFC Mutual Fund,SIP,Monthly,22093,22093,486046,541573.54,2022-08-02,Active
INV00538,CUST00311,INV008,HDFC 3-in-1 Investment Account,Demat,HDFC Securities,Demat Account,One-Time,0,0,0,0,2022-08-02,Active
INV00539,CUST00311,INV009,Equity Trading Account,Stock / Equity,HDFC Securities,Direct Equity,Lumpsum,0,30122,30122,38446.98,2022-08-02,Active
INV00540,CUST00311,INV011,ETF - Nifty 50,ETF,HDFC Securities,ETF,Lumpsum,0,96613,96613,90697.66,2022-08-02,Active
INV00541,CUST00312,INV004,HDFC Equity SIP,SIP,HDFC Mutual Fund,SIP,Monthly,500,500,10500,11765.24,2020-06-27,Active
INV00542,CUST00312,INV001,HDFC Equity Mutual Fund,Mutual Fund,HDFC Mutual Fund,Lumpsum,Lumpsum,0,149052,149052,144706.09,2020-06-27,Active
INV00543,CUST00312,INV007,NPS Tier I,NPS,HDFC Pension,NPS,Monthly,3621,3621,50694,52674.2,2020-06-27,Active
INV00544,CUST00313,INV005,HDFC Balanced SIP,SIP,HDFC Mutual Fund,SIP,Monthly,24794,24794,743820,800839.2,2024-05-25,Active
INV00545,CUST00313,INV008,HDFC 3-in-1 Investment Account,Demat,HDFC Securities,Demat Account,One-Time,0,0,0,0,2024-05-25,Active
INV00546,CUST00313,INV009,Equity Trading Account,Stock / Equity,HDFC Securities,Direct Equity,Lumpsum,0,341807,341807,293194.45,2024-05-25,Active
INV00547,CUST00315,INV004,HDFC Equity SIP,SIP,HDFC Mutual Fund,SIP,Monthly,500,500,10000,13240.01,2024-01-26,Active
INV00548,CUST00316,INV002,HDFC Balanced Advantage Fund,Mutual Fund,HDFC Mutual Fund,Lumpsum,Lumpsum,0,206747,206747,249096.44,2026-06-19,Active
INV00549,CUST00318,INV004,HDFC Equity SIP,SIP,HDFC Mutual Fund,SIP,Monthly,2226,2226,62328,70370.9,2025-09-24,Active
INV00550,CUST00318,INV007,NPS Tier I,NPS,HDFC Pension,NPS,Monthly,1011,1011,19209,19520.58,2025-09-24,Active
INV00551,CUST00318,INV008,HDFC 3-in-1 Investment Account,Demat,HDFC Securities,Demat Account,One-Time,0,0,0,0,2025-09-24,Active
INV00552,CUST00318,INV009,Equity Trading Account,Stock / Equity,HDFC Securities,Direct Equity,Lumpsum,0,13907,13907,23063.85,2025-09-24,Active
INV00553,CUST00319,INV002,HDFC Balanced Advantage Fund,Mutual Fund,HDFC Mutual Fund,Lumpsum,Lumpsum,0,11008,11008,11502.38,2023-05-15,Active
INV00554,CUST00321,INV005,HDFC Balanced SIP,SIP,HDFC Mutual Fund,SIP,Monthly,2351,2351,77583,104324.8,2022-09-18,Active
INV00555,CUST00321,INV003,HDFC Liquid Fund,Mutual Fund,HDFC Mutual Fund,Lumpsum,Lumpsum,0,68809,68809,79838.38,2022-09-18,Active
INV00556,CUST00322,INV005,HDFC Balanced SIP,SIP,HDFC Mutual Fund,SIP,Monthly,10056,10056,181008,220309.73,2025-12-19,Active
INV00557,CUST00322,INV002,HDFC Balanced Advantage Fund,Mutual Fund,HDFC Mutual Fund,Lumpsum,Lumpsum,0,86601,86601,96242.64,2025-12-19,Active
INV00558,CUST00322,INV007,NPS Tier I,NPS,HDFC Pension,NPS,Monthly,4973,4973,34811,35050.91,2025-12-19,Active
INV00559,CUST00323,INV005,HDFC Balanced SIP,SIP,HDFC Mutual Fund,SIP,Monthly,17843,17843,71372,72995.48,2025-11-02,Active
INV00560,CUST00323,INV002,HDFC Balanced Advantage Fund,Mutual Fund,HDFC Mutual Fund,Lumpsum,Lumpsum,0,21249,21249,20569.81,2025-11-02,Active
INV00561,CUST00323,INV008,HDFC 3-in-1 Investment Account,Demat,HDFC Securities,Demat Account,One-Time,0,0,0,0,2025-11-02,Active
INV00562,CUST00323,INV009,Equity Trading Account,Stock / Equity,HDFC Securities,Direct Equity,Lumpsum,0,64735,64735,68590.84,2025-11-02,Active
INV00563,CUST00323,INV011,ETF - Nifty 50,ETF,HDFC Securities,ETF,Lumpsum,0,61987,61987,61976.38,2025-11-02,Active
INV00564,CUST00324,INV004,HDFC Equity SIP,SIP,HDFC Mutual Fund,SIP,Monthly,500,500,16500,22239.88,2022-04-24,Active
INV00565,CUST00324,INV002,HDFC Balanced Advantage Fund,Mutual Fund,HDFC Mutual Fund,Lumpsum,Lumpsum,0,90598,90598,119002.3,2022-04-24,Active
INV00566,CUST00324,INV007,NPS Tier I,NPS,HDFC Pension,NPS,Monthly,1707,1707,40968,41792.0,2022-04-24,Active
INV00567,CUST00325,INV008,HDFC 3-in-1 Investment Account,Demat,HDFC Securities,Demat Account,One-Time,0,0,0,0,2024-02-22,Active
INV00568,CUST00325,INV009,Equity Trading Account,Stock / Equity,HDFC Securities,Direct Equity,Lumpsum,0,36724,36724,43629.44,2024-02-22,Active
INV00569,CUST00327,INV005,HDFC Balanced SIP,SIP,HDFC Mutual Fund,SIP,Monthly,13318,13318,319632,385780.23,2023-06-02,Active
INV00570,CUST00327,INV003,HDFC Liquid Fund,Mutual Fund,HDFC Mutual Fund,Lumpsum,Lumpsum,0,226548,226548,255360.95,2023-06-02,Active
INV00571,CUST00327,INV007,NPS Tier I,NPS,HDFC Pension,NPS,Monthly,8614,8614,129210,135794.87,2023-06-02,Active
INV00572,CUST00327,INV008,HDFC 3-in-1 Investment Account,Demat,HDFC Securities,Demat Account,One-Time,0,0,0,0,2023-06-02,Active
INV00573,CUST00327,INV009,Equity Trading Account,Stock / Equity,HDFC Securities,Direct Equity,Lumpsum,0,132484,132484,107100.66,2023-06-02,Active
INV00574,CUST00331,INV004,HDFC Equity SIP,SIP,HDFC Mutual Fund,SIP,Monthly,22658,22658,498476,621748.54,2023-09-30,Active
INV00575,CUST00331,INV002,HDFC Balanced Advantage Fund,Mutual Fund,HDFC Mutual Fund,Lumpsum,Lumpsum,0,53532,53532,50233.55,2023-09-30,Active
INV00576,CUST00332,INV004,HDFC Equity SIP,SIP,HDFC Mutual Fund,SIP,Monthly,5068,5068,55748,58373.91,2026-04-17,Active
INV00577,CUST00333,INV004,HDFC Equity SIP,SIP,HDFC Mutual Fund,SIP,Monthly,15057,15057,301140,404823.85,2022-12-12,Active
INV00578,CUST00333,INV003,HDFC Liquid Fund,Mutual Fund,HDFC Mutual Fund,Lumpsum,Lumpsum,0,65636,65636,79299.89,2022-12-12,Active
INV00579,CUST00333,INV007,NPS Tier I,NPS,HDFC Pension,NPS,Monthly,2211,2211,44220,44544.75,2022-12-12,Active
INV00580,CUST00333,INV008,HDFC 3-in-1 Investment Account,Demat,HDFC Securities,Demat Account,One-Time,0,0,0,0,2022-12-12,Active
INV00581,CUST00333,INV009,Equity Trading Account,Stock / Equity,HDFC Securities,Direct Equity,Lumpsum,0,44941,44941,51019.6,2022-12-12,Active
INV00582,CUST00334,INV004,HDFC Equity SIP,SIP,HDFC Mutual Fund,SIP,Monthly,7589,7589,37945,43451.27,2017-06-13,Active
INV00583,CUST00334,INV002,HDFC Balanced Advantage Fund,Mutual Fund,HDFC Mutual Fund,Lumpsum,Lumpsum,0,114076,114076,146127.19,2017-06-13,Active
INV00584,CUST00335,INV004,HDFC Equity SIP,SIP,HDFC Mutual Fund,SIP,Monthly,9322,9322,102542,133845.41,2021-09-30,Active
INV00585,CUST00336,INV004,HDFC Equity SIP,SIP,HDFC Mutual Fund,SIP,Monthly,15155,15155,287945,313553.91,2025-12-13,Active
INV00586,CUST00336,INV002,HDFC Balanced Advantage Fund,Mutual Fund,HDFC Mutual Fund,Lumpsum,Lumpsum,0,73236,73236,69532.59,2025-12-13,Active
INV00587,CUST00337,INV004,HDFC Equity SIP,SIP,HDFC Mutual Fund,SIP,Monthly,2587,2587,51740,68957.53,2021-07-05,Active
INV00588,CUST00337,INV008,HDFC 3-in-1 Investment Account,Demat,HDFC Securities,Demat Account,One-Time,0,0,0,0,2021-07-05,Active
INV00589,CUST00337,INV009,Equity Trading Account,Stock / Equity,HDFC Securities,Direct Equity,Lumpsum,0,10803,10803,7723.14,2021-07-05,Active
INV00590,CUST00339,INV005,HDFC Balanced SIP,SIP,HDFC Mutual Fund,SIP,Monthly,3765,3765,109185,127600.3,2024-11-25,Active
INV00591,CUST00339,INV007,NPS Tier I,NPS,HDFC Pension,NPS,Monthly,2931,2931,55689,57579.24,2024-11-25,Active
INV00592,CUST00340,INV005,HDFC Balanced SIP,SIP,HDFC Mutual Fund,SIP,Monthly,500,500,6000,7310.48,2026-04-14,Active
INV00593,CUST00340,INV003,HDFC Liquid Fund,Mutual Fund,HDFC Mutual Fund,Lumpsum,Lumpsum,0,70947,70947,83859.05,2026-04-14,Active
INV00594,CUST00340,INV007,NPS Tier I,NPS,HDFC Pension,NPS,Monthly,1476,1476,44280,45576.01,2026-04-14,Active
INV00595,CUST00341,INV005,HDFC Balanced SIP,SIP,HDFC Mutual Fund,SIP,Monthly,9992,9992,339728,439207.42,2021-10-29,Active
INV00596,CUST00342,INV002,HDFC Balanced Advantage Fund,Mutual Fund,HDFC Mutual Fund,Lumpsum,Lumpsum,0,14379,14379,18105.27,2020-08-30,Active
INV00597,CUST00343,INV005,HDFC Balanced SIP,SIP,HDFC Mutual Fund,SIP,Monthly,3081,3081,92430,118518.87,2026-07-06,Active
INV00598,CUST00343,INV002,HDFC Balanced Advantage Fund,Mutual Fund,HDFC Mutual Fund,Lumpsum,Lumpsum,0,116062,116062,156661.29,2026-07-06,Active
INV00599,CUST00344,INV005,HDFC Balanced SIP,SIP,HDFC Mutual Fund,SIP,Monthly,3519,3519,14076,16522.94,2018-04-27,Active
INV00600,CUST00344,INV003,HDFC Liquid Fund,Mutual Fund,HDFC Mutual Fund,Lumpsum,Lumpsum,0,85707,85707,116317.99,2018-04-27,Active
INV00601,CUST00344,INV008,HDFC 3-in-1 Investment Account,Demat,HDFC Securities,Demat Account,One-Time,0,0,0,0,2018-04-27,Active
INV00602,CUST00344,INV009,Equity Trading Account,Stock / Equity,HDFC Securities,Direct Equity,Lumpsum,0,135914,135914,139939.35,2018-04-27,Active
INV00603,CUST00345,INV005,HDFC Balanced SIP,SIP,HDFC Mutual Fund,SIP,Monthly,50000,50000,1500000,1828698.39,2021-06-21,Active
INV00604,CUST00345,INV001,HDFC Equity Mutual Fund,Mutual Fund,HDFC Mutual Fund,Lumpsum,Lumpsum,0,606838,606838,863012.38,2021-06-21,Active
INV00605,CUST00345,INV007,NPS Tier I,NPS,HDFC Pension,NPS,Monthly,6689,6689,153847,166320.88,2021-06-21,Active
INV00606,CUST00348,INV005,HDFC Balanced SIP,SIP,HDFC Mutual Fund,SIP,Monthly,500,500,12500,13720.06,2024-06-02,Active
INV00607,CUST00348,INV001,HDFC Equity Mutual Fund,Mutual Fund,HDFC Mutual Fund,Lumpsum,Lumpsum,0,102001,102001,105140.99,2024-06-02,Active
INV00608,CUST00348,INV007,NPS Tier I,NPS,HDFC Pension,NPS,Monthly,1150,1150,6900,7630.51,2024-06-02,Active
INV00609,CUST00349,INV005,HDFC Balanced SIP,SIP,HDFC Mutual Fund,SIP,Monthly,50000,50000,1500000,1984228.87,2026-04-07,Active
INV00610,CUST00349,INV003,HDFC Liquid Fund,Mutual Fund,HDFC Mutual Fund,Lumpsum,Lumpsum,0,333301,333301,457702.75,2026-04-07,Active
INV00611,CUST00349,INV008,HDFC 3-in-1 Investment Account,Demat,HDFC Securities,Demat Account,One-Time,0,0,0,0,2026-04-07,Active
INV00612,CUST00349,INV009,Equity Trading Account,Stock / Equity,HDFC Securities,Direct Equity,Lumpsum,0,188987,188987,245065.86,2026-04-07,Active
INV00613,CUST00349,INV011,ETF - Nifty 50,ETF,HDFC Securities,ETF,Lumpsum,0,77547,77547,108348.87,2026-04-07,Active
INV00614,CUST00352,INV005,HDFC Balanced SIP,SIP,HDFC Mutual Fund,SIP,Monthly,500,500,15500,18937.14,2018-08-24,Active
INV00615,CUST00352,INV003,HDFC Liquid Fund,Mutual Fund,HDFC Mutual Fund,Lumpsum,Lumpsum,0,25397,25397,35502.14,2018-08-24,Active
INV00616,CUST00352,INV007,NPS Tier I,NPS,HDFC Pension,NPS,Monthly,3448,3448,82752,87443.12,2018-08-24,Active
INV00617,CUST00354,INV005,HDFC Balanced SIP,SIP,HDFC Mutual Fund,SIP,Monthly,9890,9890,316480,383693.56,2020-10-24,Active
INV00618,CUST00355,INV005,HDFC Balanced SIP,SIP,HDFC Mutual Fund,SIP,Monthly,500,500,13500,15794.59,2019-09-02,Active
INV00619,CUST00355,INV001,HDFC Equity Mutual Fund,Mutual Fund,HDFC Mutual Fund,Lumpsum,Lumpsum,0,36778,36778,45898.19,2019-09-02,Active
INV00620,CUST00355,INV007,NPS Tier I,NPS,HDFC Pension,NPS,Monthly,5020,5020,85340,85811.08,2019-09-02,Active
INV00621,CUST00356,INV004,HDFC Equity SIP,SIP,HDFC Mutual Fund,SIP,Monthly,23488,23488,540224,696629.85,2026-02-02,Active
INV00622,CUST00356,INV007,NPS Tier I,NPS,HDFC Pension,NPS,Monthly,4871,4871,121775,131950.22,2026-02-02,Active
INV00623,CUST00357,INV004,HDFC Equity SIP,SIP,HDFC Mutual Fund,SIP,Monthly,3946,3946,102596,126868.5,2025-04-15,Active
INV00624,CUST00357,INV007,NPS Tier I,NPS,HDFC Pension,NPS,Monthly,10972,10972,351104,366684.34,2025-04-15,Active
INV00625,CUST00357,INV008,HDFC 3-in-1 Investment Account,Demat,HDFC Securities,Demat Account,One-Time,0,0,0,0,2025-04-15,Active
INV00626,CUST00357,INV009,Equity Trading Account,Stock / Equity,HDFC Securities,Direct Equity,Lumpsum,0,207688,207688,220652.68,2025-04-15,Active
INV00627,CUST00357,INV011,ETF - Nifty 50,ETF,HDFC Securities,ETF,Lumpsum,0,47268,47268,45146.74,2025-04-15,Active
INV00628,CUST00359,INV005,HDFC Balanced SIP,SIP,HDFC Mutual Fund,SIP,Monthly,2200,2200,66000,73225.64,2025-04-09,Active
INV00629,CUST00359,INV007,NPS Tier I,NPS,HDFC Pension,NPS,Monthly,1127,1127,38318,41717.13,2025-04-09,Active
INV00630,CUST00361,INV004,HDFC Equity SIP,SIP,HDFC Mutual Fund,SIP,Monthly,3559,3559,46267,50384.94,2019-09-25,Active
INV00631,CUST00361,INV003,HDFC Liquid Fund,Mutual Fund,HDFC Mutual Fund,Lumpsum,Lumpsum,0,127345,127345,141585.57,2019-09-25,Active
INV00632,CUST00362,INV004,HDFC Equity SIP,SIP,HDFC Mutual Fund,SIP,Monthly,500,500,10500,10681.85,2025-05-26,Active
INV00633,CUST00362,INV002,HDFC Balanced Advantage Fund,Mutual Fund,HDFC Mutual Fund,Lumpsum,Lumpsum,0,163467,163467,188758.43,2025-05-26,Active
INV00634,CUST00362,INV007,NPS Tier I,NPS,HDFC Pension,NPS,Monthly,838,838,19274,19418.07,2025-05-26,Active
INV00635,CUST00362,INV008,HDFC 3-in-1 Investment Account,Demat,HDFC Securities,Demat Account,One-Time,0,0,0,0,2025-05-26,Active
INV00636,CUST00362,INV009,Equity Trading Account,Stock / Equity,HDFC Securities,Direct Equity,Lumpsum,0,83238,83238,124637.97,2025-05-26,Active
INV00637,CUST00363,INV005,HDFC Balanced SIP,SIP,HDFC Mutual Fund,SIP,Monthly,18711,18711,56133,72495.19,2018-02-01,Active
INV00638,CUST00363,INV003,HDFC Liquid Fund,Mutual Fund,HDFC Mutual Fund,Lumpsum,Lumpsum,0,27672,27672,38985.52,2018-02-01,Active
INV00639,CUST00364,INV004,HDFC Equity SIP,SIP,HDFC Mutual Fund,SIP,Monthly,46618,46618,1538394,1740148.07,2018-03-06,Active
INV00640,CUST00364,INV003,HDFC Liquid Fund,Mutual Fund,HDFC Mutual Fund,Lumpsum,Lumpsum,0,328913,328913,446402.03,2018-03-06,Active
INV00641,CUST00364,INV008,HDFC 3-in-1 Investment Account,Demat,HDFC Securities,Demat Account,One-Time,0,0,0,0,2018-03-06,Active
INV00642,CUST00364,INV009,Equity Trading Account,Stock / Equity,HDFC Securities,Direct Equity,Lumpsum,0,153781,153781,228592.53,2018-03-06,Active
INV00643,CUST00365,INV004,HDFC Equity SIP,SIP,HDFC Mutual Fund,SIP,Monthly,13462,13462,309626,416741.41,2024-12-28,Active
INV00644,CUST00365,INV001,HDFC Equity Mutual Fund,Mutual Fund,HDFC Mutual Fund,Lumpsum,Lumpsum,0,275933,275933,277789.93,2024-12-28,Active
INV00645,CUST00366,INV004,HDFC Equity SIP,SIP,HDFC Mutual Fund,SIP,Monthly,12067,12067,265474,341930.56,2022-01-10,Active
INV00646,CUST00367,INV004,HDFC Equity SIP,SIP,HDFC Mutual Fund,SIP,Monthly,4777,4777,114648,140573.26,2026-03-03,Active
INV00647,CUST00368,INV005,HDFC Balanced SIP,SIP,HDFC Mutual Fund,SIP,Monthly,25698,25698,873732,967259.65,2024-02-07,Active
INV00648,CUST00368,INV003,HDFC Liquid Fund,Mutual Fund,HDFC Mutual Fund,Lumpsum,Lumpsum,0,522518,522518,736337.81,2024-02-07,Active
INV00649,CUST00370,INV003,HDFC Liquid Fund,Mutual Fund,HDFC Mutual Fund,Lumpsum,Lumpsum,0,7666,7666,8718.83,2022-12-31,Active
INV00650,CUST00371,INV005,HDFC Balanced SIP,SIP,HDFC Mutual Fund,SIP,Monthly,9518,9518,57108,71110.14,2020-11-29,Active
INV00651,CUST00371,INV001,HDFC Equity Mutual Fund,Mutual Fund,HDFC Mutual Fund,Lumpsum,Lumpsum,0,139771,139771,185790.8,2020-11-29,Active
INV00652,CUST00372,INV004,HDFC Equity SIP,SIP,HDFC Mutual Fund,SIP,Monthly,500,500,15500,17510.75,2020-03-04,Active
INV00653,CUST00375,INV004,HDFC Equity SIP,SIP,HDFC Mutual Fund,SIP,Monthly,50000,50000,1750000,2152919.92,2020-08-25,Active
INV00654,CUST00375,INV001,HDFC Equity Mutual Fund,Mutual Fund,HDFC Mutual Fund,Lumpsum,Lumpsum,0,51581,51581,49551.64,2020-08-25,Active
INV00655,CUST00375,INV008,HDFC 3-in-1 Investment Account,Demat,HDFC Securities,Demat Account,One-Time,0,0,0,0,2020-08-25,Active
INV00656,CUST00375,INV009,Equity Trading Account,Stock / Equity,HDFC Securities,Direct Equity,Lumpsum,0,146392,146392,224802.2,2020-08-25,Active
INV00657,CUST00375,INV011,ETF - Nifty 50,ETF,HDFC Securities,ETF,Lumpsum,0,133974,133974,131347.93,2020-08-25,Active
INV00658,CUST00377,INV005,HDFC Balanced SIP,SIP,HDFC Mutual Fund,SIP,Monthly,45348,45348,1451136,1625332.31,2021-12-11,Active
INV00659,CUST00377,INV002,HDFC Balanced Advantage Fund,Mutual Fund,HDFC Mutual Fund,Lumpsum,Lumpsum,0,444618,444618,607972.15,2021-12-11,Active
INV00660,CUST00378,INV004,HDFC Equity SIP,SIP,HDFC Mutual Fund,SIP,Monthly,500,500,15000,19402.87,2017-11-26,Active
INV00661,CUST00378,INV002,HDFC Balanced Advantage Fund,Mutual Fund,HDFC Mutual Fund,Lumpsum,Lumpsum,0,307084,307084,292055.33,2017-11-26,Active
INV00662,CUST00378,INV007,NPS Tier I,NPS,HDFC Pension,NPS,Monthly,8038,8038,217026,238898.39,2017-11-26,Active
INV00663,CUST00379,INV004,HDFC Equity SIP,SIP,HDFC Mutual Fund,SIP,Monthly,500,500,14000,15318.47,2025-12-27,Active
INV00664,CUST00379,INV001,HDFC Equity Mutual Fund,Mutual Fund,HDFC Mutual Fund,Lumpsum,Lumpsum,0,676835,676835,708772.95,2025-12-27,Active
INV00665,CUST00379,INV007,NPS Tier I,NPS,HDFC Pension,NPS,Monthly,26456,26456,423296,426137.33,2025-12-27,Active
INV00666,CUST00379,INV008,HDFC 3-in-1 Investment Account,Demat,HDFC Securities,Demat Account,One-Time,0,0,0,0,2025-12-27,Active
INV00667,CUST00379,INV009,Equity Trading Account,Stock / Equity,HDFC Securities,Direct Equity,Lumpsum,0,680957,680957,602264.0,2025-12-27,Active
INV00668,CUST00379,INV013,Wealth Management Service,Wealth Management,HDFC Bank,Portfolio Management,Managed,0,6775579,6775579,7493458.67,2025-12-27,Active
INV00669,CUST00380,INV005,HDFC Balanced SIP,SIP,HDFC Mutual Fund,SIP,Monthly,50000,50000,600000,650188.99,2024-12-30,Active
INV00670,CUST00380,INV002,HDFC Balanced Advantage Fund,Mutual Fund,HDFC Mutual Fund,Lumpsum,Lumpsum,0,331671,331671,418964.36,2024-12-30,Active
INV00671,CUST00381,INV005,HDFC Balanced SIP,SIP,HDFC Mutual Fund,SIP,Monthly,4095,4095,94185,112417.75,2024-08-05,Active
INV00672,CUST00381,INV007,NPS Tier I,NPS,HDFC Pension,NPS,Monthly,4646,4646,51106,52545.89,2024-08-05,Active
INV00673,CUST00382,INV007,NPS Tier I,NPS,HDFC Pension,NPS,Monthly,4081,4081,44891,47863.01,2026-04-24,Active
INV00674,CUST00383,INV002,HDFC Balanced Advantage Fund,Mutual Fund,HDFC Mutual Fund,Lumpsum,Lumpsum,0,254980,254980,359568.42,2025-04-12,Active
INV00675,CUST00384,INV007,NPS Tier I,NPS,HDFC Pension,NPS,Monthly,2817,2817,76059,82756.43,2022-02-09,Active
INV00676,CUST00384,INV008,HDFC 3-in-1 Investment Account,Demat,HDFC Securities,Demat Account,One-Time,0,0,0,0,2022-02-09,Active
INV00677,CUST00384,INV009,Equity Trading Account,Stock / Equity,HDFC Securities,Direct Equity,Lumpsum,0,77869,77869,59380.5,2022-02-09,Active
INV00678,CUST00385,INV004,HDFC Equity SIP,SIP,HDFC Mutual Fund,SIP,Monthly,9686,9686,154976,170174.25,2024-04-11,Active
INV00679,CUST00385,INV003,HDFC Liquid Fund,Mutual Fund,HDFC Mutual Fund,Lumpsum,Lumpsum,0,166074,166074,204053.48,2024-04-11,Active
INV00680,CUST00385,INV008,HDFC 3-in-1 Investment Account,Demat,HDFC Securities,Demat Account,One-Time,0,0,0,0,2024-04-11,Active
INV00681,CUST00385,INV009,Equity Trading Account,Stock / Equity,HDFC Securities,Direct Equity,Lumpsum,0,144852,144852,222444.19,2024-04-11,Active
INV00682,CUST00386,INV005,HDFC Balanced SIP,SIP,HDFC Mutual Fund,SIP,Monthly,8132,8132,284620,372853.83,2026-02-27,Active
INV00683,CUST00386,INV007,NPS Tier I,NPS,HDFC Pension,NPS,Monthly,4341,4341,104184,116293.06,2026-02-27,Active
INV00684,CUST00387,INV004,HDFC Equity SIP,SIP,HDFC Mutual Fund,SIP,Monthly,898,898,17062,17455.26,2018-09-11,Active
INV00685,CUST00388,INV001,HDFC Equity Mutual Fund,Mutual Fund,HDFC Mutual Fund,Lumpsum,Lumpsum,0,77679,77679,87445.47,2023-08-25,Active
INV00686,CUST00390,INV004,HDFC Equity SIP,SIP,HDFC Mutual Fund,SIP,Monthly,11123,11123,111230,120034.56,2024-02-02,Active
INV00687,CUST00391,INV005,HDFC Balanced SIP,SIP,HDFC Mutual Fund,SIP,Monthly,8363,8363,108719,122228.06,2020-11-01,Active
INV00688,CUST00392,INV007,NPS Tier I,NPS,HDFC Pension,NPS,Monthly,1027,1027,33891,35097.22,2026-01-02,Active
INV00689,CUST00393,INV004,HDFC Equity SIP,SIP,HDFC Mutual Fund,SIP,Monthly,36281,36281,145124,190949.5,2025-02-21,Active
INV00690,CUST00393,INV001,HDFC Equity Mutual Fund,Mutual Fund,HDFC Mutual Fund,Lumpsum,Lumpsum,0,133918,133918,149464.2,2025-02-21,Active
INV00691,CUST00393,INV008,HDFC 3-in-1 Investment Account,Demat,HDFC Securities,Demat Account,One-Time,0,0,0,0,2025-02-21,Active
INV00692,CUST00393,INV009,Equity Trading Account,Stock / Equity,HDFC Securities,Direct Equity,Lumpsum,0,74834,74834,132846.19,2025-02-21,Active
INV00693,CUST00394,INV002,HDFC Balanced Advantage Fund,Mutual Fund,HDFC Mutual Fund,Lumpsum,Lumpsum,0,37481,37481,50261.12,2020-09-17,Active
INV00694,CUST00396,INV001,HDFC Equity Mutual Fund,Mutual Fund,HDFC Mutual Fund,Lumpsum,Lumpsum,0,177166,177166,164185.4,2023-12-22,Active
INV00695,CUST00396,INV008,HDFC 3-in-1 Investment Account,Demat,HDFC Securities,Demat Account,One-Time,0,0,0,0,2023-12-22,Active
INV00696,CUST00396,INV009,Equity Trading Account,Stock / Equity,HDFC Securities,Direct Equity,Lumpsum,0,130113,130113,96089.0,2023-12-22,Active
INV00697,CUST00397,INV003,HDFC Liquid Fund,Mutual Fund,HDFC Mutual Fund,Lumpsum,Lumpsum,0,67372,67372,69782.11,2018-04-16,Active
INV00698,CUST00398,INV004,HDFC Equity SIP,SIP,HDFC Mutual Fund,SIP,Monthly,2707,2707,43312,57990.25,2022-05-23,Active
INV00699,CUST00398,INV007,NPS Tier I,NPS,HDFC Pension,NPS,Monthly,1676,1676,13408,13711.2,2022-05-23,Active
INV00700,CUST00399,INV005,HDFC Balanced SIP,SIP,HDFC Mutual Fund,SIP,Monthly,500,500,8500,9818.9,2025-04-26,Active
INV00701,CUST00399,INV007,NPS Tier I,NPS,HDFC Pension,NPS,Monthly,3150,3150,69300,76684.7,2025-04-26,Active
INV00702,CUST00400,INV004,HDFC Equity SIP,SIP,HDFC Mutual Fund,SIP,Monthly,17542,17542,52626,57522.62,2021-07-06,Active
INV00703,CUST00400,INV001,HDFC Equity Mutual Fund,Mutual Fund,HDFC Mutual Fund,Lumpsum,Lumpsum,0,5861,5861,7803.35,2021-07-06,Active
INV00704,CUST00401,INV004,HDFC Equity SIP,SIP,HDFC Mutual Fund,SIP,Monthly,39012,39012,312096,354059.2,2020-07-05,Active
INV00705,CUST00401,INV001,HDFC Equity Mutual Fund,Mutual Fund,HDFC Mutual Fund,Lumpsum,Lumpsum,0,283441,283441,337489.28,2020-07-05,Active
INV00706,CUST00401,INV007,NPS Tier I,NPS,HDFC Pension,NPS,Monthly,4127,4127,103175,111199.37,2020-07-05,Active
INV00707,CUST00402,INV002,HDFC Balanced Advantage Fund,Mutual Fund,HDFC Mutual Fund,Lumpsum,Lumpsum,0,62347,62347,60835.24,2026-04-17,Active
INV00708,CUST00403,INV005,HDFC Balanced SIP,SIP,HDFC Mutual Fund,SIP,Monthly,50000,50000,1800000,2005219.61,2020-11-09,Active
INV00709,CUST00403,INV003,HDFC Liquid Fund,Mutual Fund,HDFC Mutual Fund,Lumpsum,Lumpsum,0,295009,295009,422218.5,2020-11-09,Active
INV00710,CUST00403,INV008,HDFC 3-in-1 Investment Account,Demat,HDFC Securities,Demat Account,One-Time,0,0,0,0,2020-11-09,Active
INV00711,CUST00403,INV009,Equity Trading Account,Stock / Equity,HDFC Securities,Direct Equity,Lumpsum,0,290873,290873,514919.38,2020-11-09,Active
INV00712,CUST00405,INV004,HDFC Equity SIP,SIP,HDFC Mutual Fund,SIP,Monthly,16753,16753,586355,619532.11,2026-05-29,Active
INV00713,CUST00408,INV004,HDFC Equity SIP,SIP,HDFC Mutual Fund,SIP,Monthly,11747,11747,152711,154446.36,2019-01-29,Active
INV00714,CUST00408,INV003,HDFC Liquid Fund,Mutual Fund,HDFC Mutual Fund,Lumpsum,Lumpsum,0,89814,89814,98354.43,2019-01-29,Active
INV00715,CUST00409,INV001,HDFC Equity Mutual Fund,Mutual Fund,HDFC Mutual Fund,Lumpsum,Lumpsum,0,8946,8946,12201.16,2025-12-04,Active
INV00716,CUST00410,INV004,HDFC Equity SIP,SIP,HDFC Mutual Fund,SIP,Monthly,500,500,12000,12881.3,2023-12-19,Active
INV00717,CUST00410,INV007,NPS Tier I,NPS,HDFC Pension,NPS,Monthly,8286,8286,116004,128599.68,2023-12-19,Active
INV00718,CUST00410,INV008,HDFC 3-in-1 Investment Account,Demat,HDFC Securities,Demat Account,One-Time,0,0,0,0,2023-12-19,Active
INV00719,CUST00410,INV009,Equity Trading Account,Stock / Equity,HDFC Securities,Direct Equity,Lumpsum,0,57378,57378,95206.88,2023-12-19,Active
INV00720,CUST00410,INV011,ETF - Nifty 50,ETF,HDFC Securities,ETF,Lumpsum,0,37481,37481,54682.8,2023-12-19,Active
INV00721,CUST00411,INV005,HDFC Balanced SIP,SIP,HDFC Mutual Fund,SIP,Monthly,500,500,14000,18392.55,2026-05-30,Active
INV00722,CUST00413,INV005,HDFC Balanced SIP,SIP,HDFC Mutual Fund,SIP,Monthly,4859,4859,106898,105336.75,2021-12-09,Active
INV00723,CUST00413,INV001,HDFC Equity Mutual Fund,Mutual Fund,HDFC Mutual Fund,Lumpsum,Lumpsum,0,87119,87119,109573.93,2021-12-09,Active
INV00724,CUST00414,INV005,HDFC Balanced SIP,SIP,HDFC Mutual Fund,SIP,Monthly,500,500,5500,5821.32,2025-08-01,Active
INV00725,CUST00415,INV005,HDFC Balanced SIP,SIP,HDFC Mutual Fund,SIP,Monthly,4608,4608,138240,176706.43,2024-07-25,Active
INV00726,CUST00416,INV008,HDFC 3-in-1 Investment Account,Demat,HDFC Securities,Demat Account,One-Time,0,0,0,0,2022-01-27,Active
INV00727,CUST00416,INV009,Equity Trading Account,Stock / Equity,HDFC Securities,Direct Equity,Lumpsum,0,29151,29151,52145.47,2022-01-27,Active
INV00728,CUST00417,INV004,HDFC Equity SIP,SIP,HDFC Mutual Fund,SIP,Monthly,19451,19451,486275,490843.81,2023-10-29,Active
INV00729,CUST00418,INV004,HDFC Equity SIP,SIP,HDFC Mutual Fund,SIP,Monthly,7887,7887,165627,183240.58,2025-10-26,Active
INV00730,CUST00419,INV004,HDFC Equity SIP,SIP,HDFC Mutual Fund,SIP,Monthly,10867,10867,304276,391170.09,2021-08-26,Active
INV00731,CUST00420,INV005,HDFC Balanced SIP,SIP,HDFC Mutual Fund,SIP,Monthly,500,500,2000,2362.34,2026-06-18,Active
INV00732,CUST00420,INV003,HDFC Liquid Fund,Mutual Fund,HDFC Mutual Fund,Lumpsum,Lumpsum,0,55534,55534,51427.88,2026-06-18,Active
INV00733,CUST00420,INV007,NPS Tier I,NPS,HDFC Pension,NPS,Monthly,3516,3516,63288,63895.97,2026-06-18,Active
INV00734,CUST00422,INV007,NPS Tier I,NPS,HDFC Pension,NPS,Monthly,3074,3074,61480,67903.56,2024-07-14,Active
INV00735,CUST00423,INV001,HDFC Equity Mutual Fund,Mutual Fund,HDFC Mutual Fund,Lumpsum,Lumpsum,0,105903,105903,144729.61,2022-02-03,Active
INV00736,CUST00423,INV007,NPS Tier I,NPS,HDFC Pension,NPS,Monthly,3184,3184,25472,26922.99,2022-02-03,Active
INV00737,CUST00425,INV004,HDFC Equity SIP,SIP,HDFC Mutual Fund,SIP,Monthly,500,500,3000,3693.56,2022-02-28,Active
INV00738,CUST00427,INV005,HDFC Balanced SIP,SIP,HDFC Mutual Fund,SIP,Monthly,37993,37993,1291762,1409991.66,2023-05-23,Active
INV00739,CUST00427,INV001,HDFC Equity Mutual Fund,Mutual Fund,HDFC Mutual Fund,Lumpsum,Lumpsum,0,78431,78431,88403.1,2023-05-23,Active
INV00740,CUST00427,INV007,NPS Tier I,NPS,HDFC Pension,NPS,Monthly,5445,5445,119790,126733.3,2023-05-23,Active
INV00741,CUST00429,INV002,HDFC Balanced Advantage Fund,Mutual Fund,HDFC Mutual Fund,Lumpsum,Lumpsum,0,1139731,1139731,1372780.96,2025-12-10,Active
INV00742,CUST00429,INV007,NPS Tier I,NPS,HDFC Pension,NPS,Monthly,1006,1006,27162,27778.03,2025-12-10,Active
INV00743,CUST00429,INV008,HDFC 3-in-1 Investment Account,Demat,HDFC Securities,Demat Account,One-Time,0,0,0,0,2025-12-10,Active
INV00744,CUST00429,INV009,Equity Trading Account,Stock / Equity,HDFC Securities,Direct Equity,Lumpsum,0,270380,270380,281232.53,2025-12-10,Active
INV00745,CUST00430,INV001,HDFC Equity Mutual Fund,Mutual Fund,HDFC Mutual Fund,Lumpsum,Lumpsum,0,55995,55995,61184.07,2024-12-03,Active
INV00746,CUST00430,INV008,HDFC 3-in-1 Investment Account,Demat,HDFC Securities,Demat Account,One-Time,0,0,0,0,2024-12-03,Active
INV00747,CUST00430,INV009,Equity Trading Account,Stock / Equity,HDFC Securities,Direct Equity,Lumpsum,0,47030,47030,45601.02,2024-12-03,Active
INV00748,CUST00431,INV005,HDFC Balanced SIP,SIP,HDFC Mutual Fund,SIP,Monthly,5983,5983,59830,66741.73,2025-03-30,Active
INV00749,CUST00431,INV003,HDFC Liquid Fund,Mutual Fund,HDFC Mutual Fund,Lumpsum,Lumpsum,0,22763,22763,32711.24,2025-03-30,Active
INV00750,CUST00431,INV008,HDFC 3-in-1 Investment Account,Demat,HDFC Securities,Demat Account,One-Time,0,0,0,0,2025-03-30,Active
INV00751,CUST00431,INV009,Equity Trading Account,Stock / Equity,HDFC Securities,Direct Equity,Lumpsum,0,10341,10341,16775.48,2025-03-30,Active
INV00752,CUST00432,INV005,HDFC Balanced SIP,SIP,HDFC Mutual Fund,SIP,Monthly,50000,50000,1800000,2307483.44,2025-11-16,Active
INV00753,CUST00432,INV002,HDFC Balanced Advantage Fund,Mutual Fund,HDFC Mutual Fund,Lumpsum,Lumpsum,0,90610,90610,115182.02,2025-11-16,Active
INV00754,CUST00432,INV007,NPS Tier I,NPS,HDFC Pension,NPS,Monthly,11024,11024,396864,440214.42,2025-11-16,Active
INV00755,CUST00432,INV008,HDFC 3-in-1 Investment Account,Demat,HDFC Securities,Demat Account,One-Time,0,0,0,0,2025-11-16,Active
INV00756,CUST00432,INV009,Equity Trading Account,Stock / Equity,HDFC Securities,Direct Equity,Lumpsum,0,228058,228058,164294.32,2025-11-16,Active
INV00757,CUST00433,INV007,NPS Tier I,NPS,HDFC Pension,NPS,Monthly,2006,2006,46138,51183.55,2016-01-24,Active
INV00758,CUST00434,INV005,HDFC Balanced SIP,SIP,HDFC Mutual Fund,SIP,Monthly,500,500,13000,16630.42,2019-02-03,Active
INV00759,CUST00434,INV002,HDFC Balanced Advantage Fund,Mutual Fund,HDFC Mutual Fund,Lumpsum,Lumpsum,0,1887277,1887277,1895671.39,2019-02-03,Active
INV00760,CUST00434,INV007,NPS Tier I,NPS,HDFC Pension,NPS,Monthly,31905,31905,670005,693228.32,2019-02-03,Active
INV00761,CUST00434,INV008,HDFC 3-in-1 Investment Account,Demat,HDFC Securities,Demat Account,One-Time,0,0,0,0,2019-02-03,Active
INV00762,CUST00434,INV009,Equity Trading Account,Stock / Equity,HDFC Securities,Direct Equity,Lumpsum,0,124001,124001,215553.16,2019-02-03,Active
INV00763,CUST00434,INV013,Wealth Management Service,Wealth Management,HDFC Bank,Portfolio Management,Managed,0,9430230,9430230,11070651.75,2019-02-03,Active
INV00764,CUST00435,INV005,HDFC Balanced SIP,SIP,HDFC Mutual Fund,SIP,Monthly,500,500,10000,13447.32,2024-12-10,Active
INV00765,CUST00436,INV005,HDFC Balanced SIP,SIP,HDFC Mutual Fund,SIP,Monthly,21744,21744,217440,229006.66,2026-06-15,Active
INV00766,CUST00436,INV002,HDFC Balanced Advantage Fund,Mutual Fund,HDFC Mutual Fund,Lumpsum,Lumpsum,0,176692,176692,220321.75,2026-06-15,Active
INV00767,CUST00436,INV007,NPS Tier I,NPS,HDFC Pension,NPS,Monthly,2788,2788,30668,31323.67,2026-06-15,Active
INV00768,CUST00438,INV004,HDFC Equity SIP,SIP,HDFC Mutual Fund,SIP,Monthly,17648,17648,405904,485343.63,2023-09-07,Active
INV00769,CUST00438,INV001,HDFC Equity Mutual Fund,Mutual Fund,HDFC Mutual Fund,Lumpsum,Lumpsum,0,217574,217574,242809.02,2023-09-07,Active
INV00770,CUST00439,INV004,HDFC Equity SIP,SIP,HDFC Mutual Fund,SIP,Monthly,5919,5919,71028,72094.56,2026-03-17,Active
INV00771,CUST00440,INV004,HDFC Equity SIP,SIP,HDFC Mutual Fund,SIP,Monthly,500,500,12000,13384.97,2025-01-08,Active
INV00772,CUST00440,INV001,HDFC Equity Mutual Fund,Mutual Fund,HDFC Mutual Fund,Lumpsum,Lumpsum,0,271924,271924,303585.84,2025-01-08,Active
INV00773,CUST00441,INV004,HDFC Equity SIP,SIP,HDFC Mutual Fund,SIP,Monthly,500,500,11500,13546.03,2019-06-04,Active
INV00774,CUST00441,INV003,HDFC Liquid Fund,Mutual Fund,HDFC Mutual Fund,Lumpsum,Lumpsum,0,135242,135242,186449.15,2019-06-04,Active
INV00775,CUST00442,INV004,HDFC Equity SIP,SIP,HDFC Mutual Fund,SIP,Monthly,42181,42181,885801,1172853.92,2020-03-18,Active
INV00776,CUST00442,INV001,HDFC Equity Mutual Fund,Mutual Fund,HDFC Mutual Fund,Lumpsum,Lumpsum,0,141969,141969,186159.56,2020-03-18,Active
INV00777,CUST00442,INV007,NPS Tier I,NPS,HDFC Pension,NPS,Monthly,5206,5206,67678,67859.59,2020-03-18,Active
INV00778,CUST00442,INV008,HDFC 3-in-1 Investment Account,Demat,HDFC Securities,Demat Account,One-Time,0,0,0,0,2020-03-18,Active
INV00779,CUST00442,INV009,Equity Trading Account,Stock / Equity,HDFC Securities,Direct Equity,Lumpsum,0,44472,44472,68993.75,2020-03-18,Active
INV00780,CUST00442,INV011,ETF - Nifty 50,ETF,HDFC Securities,ETF,Lumpsum,0,8569,8569,8208.29,2020-03-18,Active
INV00781,CUST00443,INV004,HDFC Equity SIP,SIP,HDFC Mutual Fund,SIP,Monthly,500,500,3500,4064.4,2022-01-13,Active
INV00782,CUST00444,INV003,HDFC Liquid Fund,Mutual Fund,HDFC Mutual Fund,Lumpsum,Lumpsum,0,18779,18779,22476.08,2025-07-19,Active
INV00783,CUST00445,INV001,HDFC Equity Mutual Fund,Mutual Fund,HDFC Mutual Fund,Lumpsum,Lumpsum,0,28842,28842,37862.64,2023-01-06,Active
INV00784,CUST00445,INV008,HDFC 3-in-1 Investment Account,Demat,HDFC Securities,Demat Account,One-Time,0,0,0,0,2023-01-06,Active
INV00785,CUST00445,INV009,Equity Trading Account,Stock / Equity,HDFC Securities,Direct Equity,Lumpsum,0,41591,41591,29318.59,2023-01-06,Active
INV00786,CUST00447,INV005,HDFC Balanced SIP,SIP,HDFC Mutual Fund,SIP,Monthly,827,827,16540,21413.15,2026-03-21,Active
INV00787,CUST00447,INV007,NPS Tier I,NPS,HDFC Pension,NPS,Monthly,2171,2171,56446,56900.86,2026-03-21,Active
INV00788,CUST00449,INV004,HDFC Equity SIP,SIP,HDFC Mutual Fund,SIP,Monthly,11767,11767,82369,103029.38,2020-09-03,Active
INV00789,CUST00450,INV004,HDFC Equity SIP,SIP,HDFC Mutual Fund,SIP,Monthly,500,500,12000,15216.26,2026-04-22,Active
INV00790,CUST00450,INV001,HDFC Equity Mutual Fund,Mutual Fund,HDFC Mutual Fund,Lumpsum,Lumpsum,0,59902,59902,85734.49,2026-04-22,Active
INV00791,CUST00450,INV007,NPS Tier I,NPS,HDFC Pension,NPS,Monthly,1149,1149,40215,43638.19,2026-04-22,Active
INV00792,CUST00450,INV008,HDFC 3-in-1 Investment Account,Demat,HDFC Securities,Demat Account,One-Time,0,0,0,0,2026-04-22,Active
INV00793,CUST00450,INV009,Equity Trading Account,Stock / Equity,HDFC Securities,Direct Equity,Lumpsum,0,133439,133439,217595.81,2026-04-22,Active
INV00794,CUST00451,INV004,HDFC Equity SIP,SIP,HDFC Mutual Fund,SIP,Monthly,39217,39217,352953,469162.76,2025-02-06,Active
INV00795,CUST00451,INV007,NPS Tier I,NPS,HDFC Pension,NPS,Monthly,982,982,5892,6465.65,2025-02-06,Active
INV00796,CUST00453,INV004,HDFC Equity SIP,SIP,HDFC Mutual Fund,SIP,Monthly,4087,4087,61305,76918.59,2022-04-08,Active
INV00797,CUST00453,INV002,HDFC Balanced Advantage Fund,Mutual Fund,HDFC Mutual Fund,Lumpsum,Lumpsum,0,124119,124119,152102.45,2022-04-08,Active
INV00798,CUST00453,INV007,NPS Tier I,NPS,HDFC Pension,NPS,Monthly,1976,1976,53352,54945.82,2022-04-08,Active
INV00799,CUST00454,INV005,HDFC Balanced SIP,SIP,HDFC Mutual Fund,SIP,Monthly,28563,28563,85689,109086.95,2025-05-08,Active
INV00800,CUST00454,INV001,HDFC Equity Mutual Fund,Mutual Fund,HDFC Mutual Fund,Lumpsum,Lumpsum,0,280841,280841,354467.26,2025-05-08,Active
INV00801,CUST00455,INV001,HDFC Equity Mutual Fund,Mutual Fund,HDFC Mutual Fund,Lumpsum,Lumpsum,0,38079,38079,37243.78,2023-11-24,Active
INV00802,CUST00456,INV005,HDFC Balanced SIP,SIP,HDFC Mutual Fund,SIP,Monthly,1692,1692,50760,58048.04,2020-06-05,Active
INV00803,CUST00456,INV002,HDFC Balanced Advantage Fund,Mutual Fund,HDFC Mutual Fund,Lumpsum,Lumpsum,0,252454,252454,359571.17,2020-06-05,Active
INV00804,CUST00457,INV004,HDFC Equity SIP,SIP,HDFC Mutual Fund,SIP,Monthly,5390,5390,129360,139627.29,2025-03-26,Active
INV00805,CUST00457,INV001,HDFC Equity Mutual Fund,Mutual Fund,HDFC Mutual Fund,Lumpsum,Lumpsum,0,360201,360201,469633.73,2025-03-26,Active
INV00806,CUST00457,INV007,NPS Tier I,NPS,HDFC Pension,NPS,Monthly,28330,28330,311630,331196.23,2025-03-26,Active
INV00807,CUST00457,INV008,HDFC 3-in-1 Investment Account,Demat,HDFC Securities,Demat Account,One-Time,0,0,0,0,2025-03-26,Active
INV00808,CUST00457,INV009,Equity Trading Account,Stock / Equity,HDFC Securities,Direct Equity,Lumpsum,0,442295,442295,482663.57,2025-03-26,Active
INV00809,CUST00457,INV013,Wealth Management Service,Wealth Management,HDFC Bank,Portfolio Management,Managed,0,6527051,6527051,7719392.08,2025-03-26,Active
INV00810,CUST00458,INV005,HDFC Balanced SIP,SIP,HDFC Mutual Fund,SIP,Monthly,41674,41674,625110,680931.72,2022-08-11,Active
INV00811,CUST00458,INV003,HDFC Liquid Fund,Mutual Fund,HDFC Mutual Fund,Lumpsum,Lumpsum,0,169462,169462,184407.31,2022-08-11,Active
INV00812,CUST00458,INV013,Wealth Management Service,Wealth Management,HDFC Bank,Portfolio Management,Managed,0,19310924,19310924,21882096.92,2022-08-11,Active
INV00813,CUST00459,INV004,HDFC Equity SIP,SIP,HDFC Mutual Fund,SIP,Monthly,9507,9507,266196,339041.24,2023-03-03,Active
INV00814,CUST00459,INV007,NPS Tier I,NPS,HDFC Pension,NPS,Monthly,5053,5053,141484,156632.48,2023-03-03,Active
INV00815,CUST00460,INV004,HDFC Equity SIP,SIP,HDFC Mutual Fund,SIP,Monthly,47102,47102,282612,344966.12,2024-05-17,Active
INV00816,CUST00461,INV002,HDFC Balanced Advantage Fund,Mutual Fund,HDFC Mutual Fund,Lumpsum,Lumpsum,0,8864,8864,8530.83,2020-10-25,Active
INV00817,CUST00462,INV007,NPS Tier I,NPS,HDFC Pension,NPS,Monthly,630,630,14490,15615.86,2019-03-02,Active
INV00818,CUST00465,INV005,HDFC Balanced SIP,SIP,HDFC Mutual Fund,SIP,Monthly,500,500,4000,4267.13,2025-09-22,Active
INV00819,CUST00465,INV002,HDFC Balanced Advantage Fund,Mutual Fund,HDFC Mutual Fund,Lumpsum,Lumpsum,0,56770,56770,54125.65,2025-09-22,Active
INV00820,CUST00465,INV007,NPS Tier I,NPS,HDFC Pension,NPS,Monthly,5741,5741,68892,76380.32,2025-09-22,Active
INV00821,CUST00466,INV004,HDFC Equity SIP,SIP,HDFC Mutual Fund,SIP,Monthly,6800,6800,156400,210942.55,2020-07-17,Active
INV00822,CUST00466,INV001,HDFC Equity Mutual Fund,Mutual Fund,HDFC Mutual Fund,Lumpsum,Lumpsum,0,11787,11787,15748.94,2020-07-17,Active
INV00823,CUST00466,INV007,NPS Tier I,NPS,HDFC Pension,NPS,Monthly,1074,1074,13962,15264.34,2020-07-17,Active
INV00824,CUST00466,INV008,HDFC 3-in-1 Investment Account,Demat,HDFC Securities,Demat Account,One-Time,0,0,0,0,2020-07-17,Active
INV00825,CUST00466,INV009,Equity Trading Account,Stock / Equity,HDFC Securities,Direct Equity,Lumpsum,0,54711,54711,54509.92,2020-07-17,Active
INV00826,CUST00468,INV005,HDFC Balanced SIP,SIP,HDFC Mutual Fund,SIP,Monthly,500,500,14500,17604.47,2025-01-07,Active
INV00827,CUST00468,INV008,HDFC 3-in-1 Investment Account,Demat,HDFC Securities,Demat Account,One-Time,0,0,0,0,2025-01-07,Active
INV00828,CUST00468,INV009,Equity Trading Account,Stock / Equity,HDFC Securities,Direct Equity,Lumpsum,0,172229,172229,290642.07,2025-01-07,Active
INV00829,CUST00471,INV002,HDFC Balanced Advantage Fund,Mutual Fund,HDFC Mutual Fund,Lumpsum,Lumpsum,0,24188,24188,23096.03,2020-10-07,Active
INV00830,CUST00472,INV005,HDFC Balanced SIP,SIP,HDFC Mutual Fund,SIP,Monthly,50000,50000,200000,222552.08,2020-10-13,Active
INV00831,CUST00472,INV002,HDFC Balanced Advantage Fund,Mutual Fund,HDFC Mutual Fund,Lumpsum,Lumpsum,0,1817140,1817140,2389284.66,2020-10-13,Active
INV00832,CUST00472,INV008,HDFC 3-in-1 Investment Account,Demat,HDFC Securities,Demat Account,One-Time,0,0,0,0,2020-10-13,Active
INV00833,CUST00472,INV009,Equity Trading Account,Stock / Equity,HDFC Securities,Direct Equity,Lumpsum,0,1185646,1185646,1543081.06,2020-10-13,Active
INV00834,CUST00472,INV013,Wealth Management Service,Wealth Management,HDFC Bank,Portfolio Management,Managed,0,28100050,28100050,33962748.55,2020-10-13,Active
INV00835,CUST00472,INV014,Private Banking,Private Banking,HDFC Bank,Private Banking,Managed,0,70161614,70161614,84122414.83,2020-10-13,Active
INV00836,CUST00474,INV001,HDFC Equity Mutual Fund,Mutual Fund,HDFC Mutual Fund,Lumpsum,Lumpsum,0,273797,273797,393385.76,2021-04-07,Active
INV00837,CUST00474,INV008,HDFC 3-in-1 Investment Account,Demat,HDFC Securities,Demat Account,One-Time,0,0,0,0,2021-04-07,Active
INV00838,CUST00474,INV009,Equity Trading Account,Stock / Equity,HDFC Securities,Direct Equity,Lumpsum,0,133304,133304,228832.37,2021-04-07,Active
INV00839,CUST00474,INV011,ETF - Nifty 50,ETF,HDFC Securities,ETF,Lumpsum,0,35038,35038,47167.26,2021-04-07,Active
INV00840,CUST00475,INV004,HDFC Equity SIP,SIP,HDFC Mutual Fund,SIP,Monthly,6750,6750,74250,76093.5,2026-02-09,Active
INV00841,CUST00475,INV002,HDFC Balanced Advantage Fund,Mutual Fund,HDFC Mutual Fund,Lumpsum,Lumpsum,0,19138,19138,22640.52,2026-02-09,Active
INV00842,CUST00475,INV008,HDFC 3-in-1 Investment Account,Demat,HDFC Securities,Demat Account,One-Time,0,0,0,0,2026-02-09,Active
INV00843,CUST00475,INV009,Equity Trading Account,Stock / Equity,HDFC Securities,Direct Equity,Lumpsum,0,50357,50357,63783.05,2026-02-09,Active
INV00844,CUST00476,INV005,HDFC Balanced SIP,SIP,HDFC Mutual Fund,SIP,Monthly,13380,13380,173940,181737.71,2022-10-03,Active
INV00845,CUST00477,INV005,HDFC Balanced SIP,SIP,HDFC Mutual Fund,SIP,Monthly,5987,5987,179610,193029.49,2024-08-20,Active
INV00846,CUST00477,INV001,HDFC Equity Mutual Fund,Mutual Fund,HDFC Mutual Fund,Lumpsum,Lumpsum,0,41104,41104,39907.66,2024-08-20,Active
INV00847,CUST00477,INV007,NPS Tier I,NPS,HDFC Pension,NPS,Monthly,5019,5019,75285,76563.8,2024-08-20,Active
INV00848,CUST00478,INV004,HDFC Equity SIP,SIP,HDFC Mutual Fund,SIP,Monthly,2681,2681,88473,118318.32,2021-12-28,Active
INV00849,CUST00478,INV003,HDFC Liquid Fund,Mutual Fund,HDFC Mutual Fund,Lumpsum,Lumpsum,0,13315,13315,15266.09,2021-12-28,Active
INV00850,CUST00479,INV005,HDFC Balanced SIP,SIP,HDFC Mutual Fund,SIP,Monthly,500,500,9000,10980.99,2019-05-02,Active
INV00851,CUST00479,INV007,NPS Tier I,NPS,HDFC Pension,NPS,Monthly,18584,18584,148672,163090.74,2019-05-02,Active
INV00852,CUST00479,INV008,HDFC 3-in-1 Investment Account,Demat,HDFC Securities,Demat Account,One-Time,0,0,0,0,2019-05-02,Active
INV00853,CUST00479,INV009,Equity Trading Account,Stock / Equity,HDFC Securities,Direct Equity,Lumpsum,0,68567,68567,78640.16,2019-05-02,Active
INV00854,CUST00480,INV005,HDFC Balanced SIP,SIP,HDFC Mutual Fund,SIP,Monthly,12153,12153,328131,411503.83,2023-02-05,Active
INV00855,CUST00481,INV007,NPS Tier I,NPS,HDFC Pension,NPS,Monthly,816,816,18768,20470.14,2023-07-08,Active
INV00856,CUST00483,INV004,HDFC Equity SIP,SIP,HDFC Mutual Fund,SIP,Monthly,50000,50000,1650000,1793262.16,2020-10-06,Active
INV00857,CUST00483,INV002,HDFC Balanced Advantage Fund,Mutual Fund,HDFC Mutual Fund,Lumpsum,Lumpsum,0,1350184,1350184,1353811.75,2020-10-06,Active
INV00858,CUST00483,INV008,HDFC 3-in-1 Investment Account,Demat,HDFC Securities,Demat Account,One-Time,0,0,0,0,2020-10-06,Active
INV00859,CUST00483,INV009,Equity Trading Account,Stock / Equity,HDFC Securities,Direct Equity,Lumpsum,0,336523,336523,516640.0,2020-10-06,Active
INV00860,CUST00483,INV013,Wealth Management Service,Wealth Management,HDFC Bank,Portfolio Management,Managed,0,15328197,15328197,16179286.13,2020-10-06,Active
INV00861,CUST00485,INV005,HDFC Balanced SIP,SIP,HDFC Mutual Fund,SIP,Monthly,15991,15991,223874,293165.77,2024-09-30,Active
INV00862,CUST00485,INV002,HDFC Balanced Advantage Fund,Mutual Fund,HDFC Mutual Fund,Lumpsum,Lumpsum,0,142104,142104,163152.02,2024-09-30,Active
INV00863,CUST00485,INV007,NPS Tier I,NPS,HDFC Pension,NPS,Monthly,2716,2716,73332,80341.75,2024-09-30,Active
INV00864,CUST00485,INV008,HDFC 3-in-1 Investment Account,Demat,HDFC Securities,Demat Account,One-Time,0,0,0,0,2024-09-30,Active
INV00865,CUST00485,INV009,Equity Trading Account,Stock / Equity,HDFC Securities,Direct Equity,Lumpsum,0,33348,33348,29927.99,2024-09-30,Active
INV00866,CUST00487,INV005,HDFC Balanced SIP,SIP,HDFC Mutual Fund,SIP,Monthly,6503,6503,149569,181497.56,2025-03-13,Active
INV00867,CUST00487,INV003,HDFC Liquid Fund,Mutual Fund,HDFC Mutual Fund,Lumpsum,Lumpsum,0,37457,37457,38359.17,2025-03-13,Active
INV00868,CUST00488,INV005,HDFC Balanced SIP,SIP,HDFC Mutual Fund,SIP,Monthly,2700,2700,67500,87936.3,2025-09-13,Active
INV00869,CUST00488,INV003,HDFC Liquid Fund,Mutual Fund,HDFC Mutual Fund,Lumpsum,Lumpsum,0,13223,13223,18552.51,2025-09-13,Active
INV00870,CUST00489,INV005,HDFC Balanced SIP,SIP,HDFC Mutual Fund,SIP,Monthly,500,500,17500,18451.62,2020-04-25,Active
INV00871,CUST00489,INV007,NPS Tier I,NPS,HDFC Pension,NPS,Monthly,34004,34004,408048,427260.47,2020-04-25,Active
INV00872,CUST00489,INV008,HDFC 3-in-1 Investment Account,Demat,HDFC Securities,Demat Account,One-Time,0,0,0,0,2020-04-25,Active
INV00873,CUST00489,INV009,Equity Trading Account,Stock / Equity,HDFC Securities,Direct Equity,Lumpsum,0,747532,747532,1208403.47,2020-04-25,Active
INV00874,CUST00489,INV014,Private Banking,Private Banking,HDFC Bank,Private Banking,Managed,0,63616804,63616804,69269653.21,2020-04-25,Active
INV00875,CUST00490,INV005,HDFC Balanced SIP,SIP,HDFC Mutual Fund,SIP,Monthly,921,921,26709,33501.85,2020-05-03,Active
INV00876,CUST00490,INV001,HDFC Equity Mutual Fund,Mutual Fund,HDFC Mutual Fund,Lumpsum,Lumpsum,0,196085,196085,256149.62,2020-05-03,Active
INV00877,CUST00490,INV007,NPS Tier I,NPS,HDFC Pension,NPS,Monthly,3737,3737,108373,115839.14,2020-05-03,Active
INV00878,CUST00492,INV004,HDFC Equity SIP,SIP,HDFC Mutual Fund,SIP,Monthly,7751,7751,147269,164021.12,2026-02-11,Active
INV00879,CUST00492,INV003,HDFC Liquid Fund,Mutual Fund,HDFC Mutual Fund,Lumpsum,Lumpsum,0,30862,30862,33925.77,2026-02-11,Active
INV00880,CUST00493,INV004,HDFC Equity SIP,SIP,HDFC Mutual Fund,SIP,Monthly,19602,19602,156816,184857.06,2022-05-31,Active
INV00881,CUST00495,INV004,HDFC Equity SIP,SIP,HDFC Mutual Fund,SIP,Monthly,8205,8205,106665,123236.84,2025-12-07,Active
INV00882,CUST00495,INV002,HDFC Balanced Advantage Fund,Mutual Fund,HDFC Mutual Fund,Lumpsum,Lumpsum,0,32167,32167,42142.15,2025-12-07,Active
INV00883,CUST00496,INV004,HDFC Equity SIP,SIP,HDFC Mutual Fund,SIP,Monthly,23088,23088,277056,274857.31,2023-04-05,Active
INV00884,CUST00496,INV007,NPS Tier I,NPS,HDFC Pension,NPS,Monthly,5783,5783,138792,153820.46,2023-04-05,Active
INV00885,CUST00496,INV008,HDFC 3-in-1 Investment Account,Demat,HDFC Securities,Demat Account,One-Time,0,0,0,0,2023-04-05,Active
INV00886,CUST00496,INV009,Equity Trading Account,Stock / Equity,HDFC Securities,Direct Equity,Lumpsum,0,154456,154456,224968.98,2023-04-05,Active
INV00887,CUST00497,INV004,HDFC Equity SIP,SIP,HDFC Mutual Fund,SIP,Monthly,10943,10943,218860,233999.16,2020-10-20,Active
INV00888,CUST00497,INV001,HDFC Equity Mutual Fund,Mutual Fund,HDFC Mutual Fund,Lumpsum,Lumpsum,0,131903,131903,173945.84,2020-10-20,Active
INV00889,CUST00498,INV004,HDFC Equity SIP,SIP,HDFC Mutual Fund,SIP,Monthly,50000,50000,1300000,1439714.2,2021-03-31,Active
INV00890,CUST00498,INV008,HDFC 3-in-1 Investment Account,Demat,HDFC Securities,Demat Account,One-Time,0,0,0,0,2021-03-31,Active
INV00891,CUST00498,INV009,Equity Trading Account,Stock / Equity,HDFC Securities,Direct Equity,Lumpsum,0,10634,10634,10490.93,2021-03-31,Active
INV00892,CUST00499,INV004,HDFC Equity SIP,SIP,HDFC Mutual Fund,SIP,Monthly,500,500,12000,14924.06,2025-08-09,Active
INV00893,CUST00499,INV007,NPS Tier I,NPS,HDFC Pension,NPS,Monthly,8491,8491,237748,249359.2,2025-08-09,Active
INV00894,CUST00502,INV003,HDFC Liquid Fund,Mutual Fund,HDFC Mutual Fund,Lumpsum,Lumpsum,0,60209,60209,75119.02,2021-09-12,Active
INV00895,CUST00502,INV007,NPS Tier I,NPS,HDFC Pension,NPS,Monthly,5293,5293,148204,154533.43,2021-09-12,Active
INV00896,CUST00502,INV008,HDFC 3-in-1 Investment Account,Demat,HDFC Securities,Demat Account,One-Time,0,0,0,0,2021-09-12,Active
INV00897,CUST00502,INV009,Equity Trading Account,Stock / Equity,HDFC Securities,Direct Equity,Lumpsum,0,34554,34554,35736.97,2021-09-12,Active
INV00898,CUST00503,INV007,NPS Tier I,NPS,HDFC Pension,NPS,Monthly,7936,7936,71424,76112.68,2024-12-23,Active
INV00899,CUST00505,INV002,HDFC Balanced Advantage Fund,Mutual Fund,HDFC Mutual Fund,Lumpsum,Lumpsum,0,327811,327811,343549.43,2021-03-27,Active
INV00900,CUST00505,INV007,NPS Tier I,NPS,HDFC Pension,NPS,Monthly,9942,9942,357912,385363.72,2021-03-27,Active
INV00901,CUST00506,INV001,HDFC Equity Mutual Fund,Mutual Fund,HDFC Mutual Fund,Lumpsum,Lumpsum,0,75604,75604,76370.06,2021-09-01,Active
INV00902,CUST00507,INV004,HDFC Equity SIP,SIP,HDFC Mutual Fund,SIP,Monthly,8238,8238,107094,124332.67,2026-05-08,Active
INV00903,CUST00507,INV001,HDFC Equity Mutual Fund,Mutual Fund,HDFC Mutual Fund,Lumpsum,Lumpsum,0,228682,228682,235585.61,2026-05-08,Active
INV00904,CUST00507,INV007,NPS Tier I,NPS,HDFC Pension,NPS,Monthly,5227,5227,177718,193009.6,2026-05-08,Active
INV00905,CUST00508,INV005,HDFC Balanced SIP,SIP,HDFC Mutual Fund,SIP,Monthly,47876,47876,143628,157843.73,2019-05-15,Active
INV00906,CUST00508,INV002,HDFC Balanced Advantage Fund,Mutual Fund,HDFC Mutual Fund,Lumpsum,Lumpsum,0,32397,32397,36610.08,2019-05-15,Active
INV00907,CUST00509,INV004,HDFC Equity SIP,SIP,HDFC Mutual Fund,SIP,Monthly,6543,6543,111231,132097.79,2019-07-21,Active
INV00908,CUST00509,INV003,HDFC Liquid Fund,Mutual Fund,HDFC Mutual Fund,Lumpsum,Lumpsum,0,99553,99553,106452.51,2019-07-21,Active
INV00909,CUST00510,INV004,HDFC Equity SIP,SIP,HDFC Mutual Fund,SIP,Monthly,9117,9117,72936,84877.06,2015-06-18,Active
INV00910,CUST00510,INV003,HDFC Liquid Fund,Mutual Fund,HDFC Mutual Fund,Lumpsum,Lumpsum,0,484736,484736,510037.69,2015-06-18,Active
INV00911,CUST00510,INV007,NPS Tier I,NPS,HDFC Pension,NPS,Monthly,1803,1803,27045,29945.37,2015-06-18,Active
INV00912,CUST00510,INV008,HDFC 3-in-1 Investment Account,Demat,HDFC Securities,Demat Account,One-Time,0,0,0,0,2015-06-18,Active
INV00913,CUST00510,INV009,Equity Trading Account,Stock / Equity,HDFC Securities,Direct Equity,Lumpsum,0,120074,120074,140005.52,2015-06-18,Active
INV00914,CUST00510,INV011,ETF - Nifty 50,ETF,HDFC Securities,ETF,Lumpsum,0,147287,147287,186479.49,2015-06-18,Active
INV00915,CUST00511,INV005,HDFC Balanced SIP,SIP,HDFC Mutual Fund,SIP,Monthly,11003,11003,220060,262091.76,2025-08-15,Active
INV00916,CUST00512,INV005,HDFC Balanced SIP,SIP,HDFC Mutual Fund,SIP,Monthly,39692,39692,158768,181144.11,2025-11-18,Active
INV00917,CUST00512,INV003,HDFC Liquid Fund,Mutual Fund,HDFC Mutual Fund,Lumpsum,Lumpsum,0,98375,98375,116435.22,2025-11-18,Active
INV00918,CUST00512,INV007,NPS Tier I,NPS,HDFC Pension,NPS,Monthly,588,588,6468,7020.35,2025-11-18,Active
INV00919,CUST00513,INV005,HDFC Balanced SIP,SIP,HDFC Mutual Fund,SIP,Monthly,3720,3720,44640,51835.02,2026-04-10,Active
INV00920,CUST00513,INV003,HDFC Liquid Fund,Mutual Fund,HDFC Mutual Fund,Lumpsum,Lumpsum,0,114119,114119,119504.77,2026-04-10,Active
INV00921,CUST00514,INV004,HDFC Equity SIP,SIP,HDFC Mutual Fund,SIP,Monthly,6607,6607,231245,251831.06,2024-04-26,Active
INV00922,CUST00514,INV001,HDFC Equity Mutual Fund,Mutual Fund,HDFC Mutual Fund,Lumpsum,Lumpsum,0,70347,70347,66349.01,2024-04-26,Active
INV00923,CUST00514,INV007,NPS Tier I,NPS,HDFC Pension,NPS,Monthly,3176,3176,101632,113173.19,2024-04-26,Active
INV00924,CUST00515,INV002,HDFC Balanced Advantage Fund,Mutual Fund,HDFC Mutual Fund,Lumpsum,Lumpsum,0,103957,103957,119481.43,2020-09-08,Active
INV00925,CUST00516,INV005,HDFC Balanced SIP,SIP,HDFC Mutual Fund,SIP,Monthly,8138,8138,97656,119503.98,2026-04-06,Active
INV00926,CUST00517,INV001,HDFC Equity Mutual Fund,Mutual Fund,HDFC Mutual Fund,Lumpsum,Lumpsum,0,129691,129691,183132.78,2025-10-14,Active
INV00927,CUST00517,INV007,NPS Tier I,NPS,HDFC Pension,NPS,Monthly,813,813,10569,11760.08,2025-10-14,Active
INV00928,CUST00517,INV008,HDFC 3-in-1 Investment Account,Demat,HDFC Securities,Demat Account,One-Time,0,0,0,0,2025-10-14,Active
INV00929,CUST00517,INV009,Equity Trading Account,Stock / Equity,HDFC Securities,Direct Equity,Lumpsum,0,67260,67260,99087.13,2025-10-14,Active
INV00930,CUST00519,INV004,HDFC Equity SIP,SIP,HDFC Mutual Fund,SIP,Monthly,16782,16782,302076,327922.88,2021-05-01,Active
INV00931,CUST00519,INV007,NPS Tier I,NPS,HDFC Pension,NPS,Monthly,2590,2590,31080,31827.69,2021-05-01,Active
INV00932,CUST00520,INV001,HDFC Equity Mutual Fund,Mutual Fund,HDFC Mutual Fund,Lumpsum,Lumpsum,0,388573,388573,459585.55,2024-10-20,Active
INV00933,CUST00521,INV001,HDFC Equity Mutual Fund,Mutual Fund,HDFC Mutual Fund,Lumpsum,Lumpsum,0,9407,9407,8750.9,2020-12-07,Active
INV00934,CUST00522,INV004,HDFC Equity SIP,SIP,HDFC Mutual Fund,SIP,Monthly,6594,6594,105504,140674.94,2022-07-06,Active
INV00935,CUST00522,INV007,NPS Tier I,NPS,HDFC Pension,NPS,Monthly,889,889,8890,9138.0,2022-07-06,Active
INV00936,CUST00523,INV003,HDFC Liquid Fund,Mutual Fund,HDFC Mutual Fund,Lumpsum,Lumpsum,0,131310,131310,147935.88,2025-07-19,Active
INV00937,CUST00524,INV003,HDFC Liquid Fund,Mutual Fund,HDFC Mutual Fund,Lumpsum,Lumpsum,0,199259,199259,202869.25,2023-02-18,Active
INV00938,CUST00524,INV007,NPS Tier I,NPS,HDFC Pension,NPS,Monthly,6826,6826,197954,213137.43,2023-02-18,Active
INV00939,CUST00525,INV007,NPS Tier I,NPS,HDFC Pension,NPS,Monthly,2671,2671,29381,32191.92,2016-05-12,Active
INV00940,CUST00526,INV001,HDFC Equity Mutual Fund,Mutual Fund,HDFC Mutual Fund,Lumpsum,Lumpsum,0,89633,89633,116376.06,2020-04-22,Active
INV00941,CUST00527,INV001,HDFC Equity Mutual Fund,Mutual Fund,HDFC Mutual Fund,Lumpsum,Lumpsum,0,40507,40507,53377.01,2020-05-13,Active
INV00942,CUST00527,INV008,HDFC 3-in-1 Investment Account,Demat,HDFC Securities,Demat Account,One-Time,0,0,0,0,2020-05-13,Active
INV00943,CUST00527,INV009,Equity Trading Account,Stock / Equity,HDFC Securities,Direct Equity,Lumpsum,0,334591,334591,403481.75,2020-05-13,Active
INV00944,CUST00528,INV004,HDFC Equity SIP,SIP,HDFC Mutual Fund,SIP,Monthly,1177,1177,10593,10405.33,2016-01-22,Active
INV00945,CUST00528,INV001,HDFC Equity Mutual Fund,Mutual Fund,HDFC Mutual Fund,Lumpsum,Lumpsum,0,39710,39710,51789.7,2016-01-22,Active
INV00946,CUST00528,INV007,NPS Tier I,NPS,HDFC Pension,NPS,Monthly,2121,2121,48783,53634.56,2016-01-22,Active
INV00947,CUST00530,INV004,HDFC Equity SIP,SIP,HDFC Mutual Fund,SIP,Monthly,500,500,6000,8029.83,2026-03-25,Active
INV00948,CUST00531,INV002,HDFC Balanced Advantage Fund,Mutual Fund,HDFC Mutual Fund,Lumpsum,Lumpsum,0,203611,203611,277616.48,2026-01-07,Active
INV00949,CUST00531,INV007,NPS Tier I,NPS,HDFC Pension,NPS,Monthly,3599,3599,25193,27105.96,2026-01-07,Active
INV00950,CUST00532,INV005,HDFC Balanced SIP,SIP,HDFC Mutual Fund,SIP,Monthly,500,500,15000,18521.69,2016-12-18,Active
INV00951,CUST00532,INV002,HDFC Balanced Advantage Fund,Mutual Fund,HDFC Mutual Fund,Lumpsum,Lumpsum,0,1363199,1363199,1296483.43,2016-12-18,Active
INV00952,CUST00532,INV008,HDFC 3-in-1 Investment Account,Demat,HDFC Securities,Demat Account,One-Time,0,0,0,0,2016-12-18,Active
INV00953,CUST00532,INV009,Equity Trading Account,Stock / Equity,HDFC Securities,Direct Equity,Lumpsum,0,68540,68540,59688.46,2016-12-18,Active
INV00954,CUST00532,INV011,ETF - Nifty 50,ETF,HDFC Securities,ETF,Lumpsum,0,319836,319836,332696.1,2016-12-18,Active
INV00955,CUST00532,INV013,Wealth Management Service,Wealth Management,HDFC Bank,Portfolio Management,Managed,0,23906468,23906468,26000523.28,2016-12-18,Active
INV00956,CUST00533,INV004,HDFC Equity SIP,SIP,HDFC Mutual Fund,SIP,Monthly,500,500,16000,20861.8,2019-02-09,Active
INV00957,CUST00533,INV007,NPS Tier I,NPS,HDFC Pension,NPS,Monthly,19402,19402,582060,586544.56,2019-02-09,Active
INV00958,CUST00533,INV008,HDFC 3-in-1 Investment Account,Demat,HDFC Securities,Demat Account,One-Time,0,0,0,0,2019-02-09,Active
INV00959,CUST00533,INV009,Equity Trading Account,Stock / Equity,HDFC Securities,Direct Equity,Lumpsum,0,639294,639294,762893.54,2019-02-09,Active
INV00960,CUST00533,INV013,Wealth Management Service,Wealth Management,HDFC Bank,Portfolio Management,Managed,0,12368075,12368075,14948831.32,2019-02-09,Active
INV00961,CUST00534,INV008,HDFC 3-in-1 Investment Account,Demat,HDFC Securities,Demat Account,One-Time,0,0,0,0,2025-07-24,Active
INV00962,CUST00534,INV009,Equity Trading Account,Stock / Equity,HDFC Securities,Direct Equity,Lumpsum,0,124062,124062,123162.35,2025-07-24,Active
INV00963,CUST00534,INV013,Wealth Management Service,Wealth Management,HDFC Bank,Portfolio Management,Managed,0,17099843,17099843,20962513.33,2025-07-24,Active
INV00964,CUST00535,INV004,HDFC Equity SIP,SIP,HDFC Mutual Fund,SIP,Monthly,47771,47771,1194275,1364899.43,2024-08-01,Active
INV00965,CUST00535,INV002,HDFC Balanced Advantage Fund,Mutual Fund,HDFC Mutual Fund,Lumpsum,Lumpsum,0,206503,206503,292152.52,2024-08-01,Active
INV00966,CUST00536,INV007,NPS Tier I,NPS,HDFC Pension,NPS,Monthly,677,677,10832,11389.29,2021-01-03,Active
INV00967,CUST00537,INV003,HDFC Liquid Fund,Mutual Fund,HDFC Mutual Fund,Lumpsum,Lumpsum,0,128762,128762,151314.47,2022-11-10,Active
INV00968,CUST00537,INV007,NPS Tier I,NPS,HDFC Pension,NPS,Monthly,1410,1410,25380,27381.9,2022-11-10,Active
INV00969,CUST00538,INV004,HDFC Equity SIP,SIP,HDFC Mutual Fund,SIP,Monthly,500,500,5000,5917.25,2020-03-28,Active
INV00970,CUST00538,INV007,NPS Tier I,NPS,HDFC Pension,NPS,Monthly,682,682,12958,14231.75,2020-03-28,Active
INV00971,CUST00539,INV004,HDFC Equity SIP,SIP,HDFC Mutual Fund,SIP,Monthly,6235,6235,162110,172164.98,2018-08-06,Active
INV00972,CUST00541,INV005,HDFC Balanced SIP,SIP,HDFC Mutual Fund,SIP,Monthly,50000,50000,550000,558601.94,2026-04-06,Active
INV00973,CUST00541,INV001,HDFC Equity Mutual Fund,Mutual Fund,HDFC Mutual Fund,Lumpsum,Lumpsum,0,555222,555222,791858.74,2026-04-06,Active
INV00974,CUST00541,INV008,HDFC 3-in-1 Investment Account,Demat,HDFC Securities,Demat Account,One-Time,0,0,0,0,2026-04-06,Active
INV00975,CUST00541,INV009,Equity Trading Account,Stock / Equity,HDFC Securities,Direct Equity,Lumpsum,0,230716,230716,350437.82,2026-04-06,Active
INV00976,CUST00541,INV011,ETF - Nifty 50,ETF,HDFC Securities,ETF,Lumpsum,0,13384,13384,19796.67,2026-04-06,Active
INV00977,CUST00542,INV005,HDFC Balanced SIP,SIP,HDFC Mutual Fund,SIP,Monthly,41528,41528,996672,1017395.49,2025-11-29,Active
INV00978,CUST00542,INV001,HDFC Equity Mutual Fund,Mutual Fund,HDFC Mutual Fund,Lumpsum,Lumpsum,0,243950,243950,246350.14,2025-11-29,Active
INV00979,CUST00542,INV007,NPS Tier I,NPS,HDFC Pension,NPS,Monthly,3201,3201,44814,47689.99,2025-11-29,Active
INV00980,CUST00542,INV008,HDFC 3-in-1 Investment Account,Demat,HDFC Securities,Demat Account,One-Time,0,0,0,0,2025-11-29,Active
INV00981,CUST00542,INV009,Equity Trading Account,Stock / Equity,HDFC Securities,Direct Equity,Lumpsum,0,55129,55129,71033.98,2025-11-29,Active
INV00982,CUST00543,INV005,HDFC Balanced SIP,SIP,HDFC Mutual Fund,SIP,Monthly,15936,15936,318720,409212.03,2021-11-26,Active
INV00983,CUST00544,INV002,HDFC Balanced Advantage Fund,Mutual Fund,HDFC Mutual Fund,Lumpsum,Lumpsum,0,236001,236001,324059.66,2024-01-15,Active
INV00984,CUST00544,INV008,HDFC 3-in-1 Investment Account,Demat,HDFC Securities,Demat Account,One-Time,0,0,0,0,2024-01-15,Active
INV00985,CUST00544,INV009,Equity Trading Account,Stock / Equity,HDFC Securities,Direct Equity,Lumpsum,0,59785,59785,44050.71,2024-01-15,Active
INV00986,CUST00545,INV005,HDFC Balanced SIP,SIP,HDFC Mutual Fund,SIP,Monthly,20121,20121,160968,185032.48,2025-11-17,Active
INV00987,CUST00546,INV004,HDFC Equity SIP,SIP,HDFC Mutual Fund,SIP,Monthly,15111,15111,241776,267115.17,2025-12-17,Active
INV00988,CUST00546,INV007,NPS Tier I,NPS,HDFC Pension,NPS,Monthly,3560,3560,74760,78682.59,2025-12-17,Active
INV00989,CUST00546,INV008,HDFC 3-in-1 Investment Account,Demat,HDFC Securities,Demat Account,One-Time,0,0,0,0,2025-12-17,Active
INV00990,CUST00546,INV009,Equity Trading Account,Stock / Equity,HDFC Securities,Direct Equity,Lumpsum,0,92633,92633,141584.43,2025-12-17,Active
INV00991,CUST00547,INV001,HDFC Equity Mutual Fund,Mutual Fund,HDFC Mutual Fund,Lumpsum,Lumpsum,0,38434,38434,45947.69,2023-11-27,Active
INV00992,CUST00547,INV007,NPS Tier I,NPS,HDFC Pension,NPS,Monthly,1894,1894,28410,28572.73,2023-11-27,Active
INV00993,CUST00547,INV013,Wealth Management Service,Wealth Management,HDFC Bank,Portfolio Management,Managed,0,12569265,12569265,12913195.97,2023-11-27,Active
INV00994,CUST00549,INV005,HDFC Balanced SIP,SIP,HDFC Mutual Fund,SIP,Monthly,8559,8559,119826,120348.29,2025-08-01,Active
INV00995,CUST00549,INV001,HDFC Equity Mutual Fund,Mutual Fund,HDFC Mutual Fund,Lumpsum,Lumpsum,0,228941,228941,294848.09,2025-08-01,Active
INV00996,CUST00551,INV004,HDFC Equity SIP,SIP,HDFC Mutual Fund,SIP,Monthly,2959,2959,41426,45901.02,2024-03-19,Active
INV00997,CUST00551,INV007,NPS Tier I,NPS,HDFC Pension,NPS,Monthly,655,655,6550,6678.61,2024-03-19,Active
INV00998,CUST00552,INV005,HDFC Balanced SIP,SIP,HDFC Mutual Fund,SIP,Monthly,16174,16174,291132,356192.4,2025-12-25,Active
INV00999,CUST00552,INV008,HDFC 3-in-1 Investment Account,Demat,HDFC Securities,Demat Account,One-Time,0,0,0,0,2025-12-25,Active
INV01000,CUST00552,INV009,Equity Trading Account,Stock / Equity,HDFC Securities,Direct Equity,Lumpsum,0,63232,63232,61357.06,2025-12-25,Active
INV01001,CUST00553,INV005,HDFC Balanced SIP,SIP,HDFC Mutual Fund,SIP,Monthly,2965,2965,20755,27890.98,2020-09-05,Active
INV01002,CUST00553,INV003,HDFC Liquid Fund,Mutual Fund,HDFC Mutual Fund,Lumpsum,Lumpsum,0,156054,156054,179783.46,2020-09-05,Active
INV01003,CUST00554,INV005,HDFC Balanced SIP,SIP,HDFC Mutual Fund,SIP,Monthly,5788,5788,28940,28481.61,2026-02-24,Active
INV01004,CUST00556,INV005,HDFC Balanced SIP,SIP,HDFC Mutual Fund,SIP,Monthly,8949,8949,62643,64981.42,2020-06-03,Active
INV01005,CUST00556,INV007,NPS Tier I,NPS,HDFC Pension,NPS,Monthly,1200,1200,39600,39630.39,2020-06-03,Active
INV01006,CUST00556,INV008,HDFC 3-in-1 Investment Account,Demat,HDFC Securities,Demat Account,One-Time,0,0,0,0,2020-06-03,Active
INV01007,CUST00556,INV009,Equity Trading Account,Stock / Equity,HDFC Securities,Direct Equity,Lumpsum,0,15300,15300,26714.1,2020-06-03,Active
INV01008,CUST00557,INV005,HDFC Balanced SIP,SIP,HDFC Mutual Fund,SIP,Monthly,14765,14765,383890,476829.85,2024-09-04,Active
INV01009,CUST00557,INV002,HDFC Balanced Advantage Fund,Mutual Fund,HDFC Mutual Fund,Lumpsum,Lumpsum,0,32350,32350,36812.27,2024-09-04,Active
INV01010,CUST00557,INV007,NPS Tier I,NPS,HDFC Pension,NPS,Monthly,760,760,23560,23956.31,2024-09-04,Active
INV01011,CUST00559,INV005,HDFC Balanced SIP,SIP,HDFC Mutual Fund,SIP,Monthly,500,500,14000,18234.91,2016-11-27,Active
INV01012,CUST00559,INV001,HDFC Equity Mutual Fund,Mutual Fund,HDFC Mutual Fund,Lumpsum,Lumpsum,0,150257,150257,205135.11,2016-11-27,Active
INV01013,CUST00560,INV005,HDFC Balanced SIP,SIP,HDFC Mutual Fund,SIP,Monthly,50000,50000,350000,460752.07,2022-12-25,Active
INV01014,CUST00560,INV002,HDFC Balanced Advantage Fund,Mutual Fund,HDFC Mutual Fund,Lumpsum,Lumpsum,0,397779,397779,418907.87,2022-12-25,Active
INV01015,CUST00560,INV008,HDFC 3-in-1 Investment Account,Demat,HDFC Securities,Demat Account,One-Time,0,0,0,0,2022-12-25,Active
INV01016,CUST00560,INV009,Equity Trading Account,Stock / Equity,HDFC Securities,Direct Equity,Lumpsum,0,221205,221205,172915.22,2022-12-25,Active
INV01017,CUST00560,INV013,Wealth Management Service,Wealth Management,HDFC Bank,Portfolio Management,Managed,0,12329211,12329211,14413439.74,2022-12-25,Active
INV01018,CUST00561,INV001,HDFC Equity Mutual Fund,Mutual Fund,HDFC Mutual Fund,Lumpsum,Lumpsum,0,47942,47942,56026.62,2026-06-17,Active
INV01019,CUST00562,INV005,HDFC Balanced SIP,SIP,HDFC Mutual Fund,SIP,Monthly,38575,38575,887225,1088454.17,2024-06-06,Active
INV01020,CUST00562,INV003,HDFC Liquid Fund,Mutual Fund,HDFC Mutual Fund,Lumpsum,Lumpsum,0,423428,423428,438887.75,2024-06-06,Active
INV01021,CUST00562,INV008,HDFC 3-in-1 Investment Account,Demat,HDFC Securities,Demat Account,One-Time,0,0,0,0,2024-06-06,Active
INV01022,CUST00562,INV009,Equity Trading Account,Stock / Equity,HDFC Securities,Direct Equity,Lumpsum,0,237310,237310,260242.43,2024-06-06,Active
INV01023,CUST00563,INV004,HDFC Equity SIP,SIP,HDFC Mutual Fund,SIP,Monthly,500,500,13500,13610.33,2020-06-11,Active
INV01024,CUST00565,INV004,HDFC Equity SIP,SIP,HDFC Mutual Fund,SIP,Monthly,1255,1255,42670,43573.41,2026-02-17,Active
INV01025,CUST00565,INV003,HDFC Liquid Fund,Mutual Fund,HDFC Mutual Fund,Lumpsum,Lumpsum,0,58546,58546,74248.23,2026-02-17,Active
INV01026,CUST00565,INV007,NPS Tier I,NPS,HDFC Pension,NPS,Monthly,6149,6149,55341,57410.5,2026-02-17,Active
INV01027,CUST00565,INV008,HDFC 3-in-1 Investment Account,Demat,HDFC Securities,Demat Account,One-Time,0,0,0,0,2026-02-17,Active
INV01028,CUST00565,INV009,Equity Trading Account,Stock / Equity,HDFC Securities,Direct Equity,Lumpsum,0,156682,156682,210057.66,2026-02-17,Active
INV01029,CUST00566,INV004,HDFC Equity SIP,SIP,HDFC Mutual Fund,SIP,Monthly,500,500,13500,16584.48,2021-10-24,Active
INV01030,CUST00568,INV005,HDFC Balanced SIP,SIP,HDFC Mutual Fund,SIP,Monthly,11859,11859,355770,354015.07,2025-06-01,Active
INV01031,CUST00568,INV003,HDFC Liquid Fund,Mutual Fund,HDFC Mutual Fund,Lumpsum,Lumpsum,0,306557,306557,389085.31,2025-06-01,Active
INV01032,CUST00568,INV007,NPS Tier I,NPS,HDFC Pension,NPS,Monthly,4765,4765,66710,68340.22,2025-06-01,Active
INV01033,CUST00570,INV003,HDFC Liquid Fund,Mutual Fund,HDFC Mutual Fund,Lumpsum,Lumpsum,0,155473,155473,195798.0,2025-04-19,Active
INV01034,CUST00571,INV003,HDFC Liquid Fund,Mutual Fund,HDFC Mutual Fund,Lumpsum,Lumpsum,0,235996,235996,278872.54,2020-09-29,Active
INV01035,CUST00571,INV008,HDFC 3-in-1 Investment Account,Demat,HDFC Securities,Demat Account,One-Time,0,0,0,0,2020-09-29,Active
INV01036,CUST00571,INV009,Equity Trading Account,Stock / Equity,HDFC Securities,Direct Equity,Lumpsum,0,30565,30565,44224.3,2020-09-29,Active
INV01037,CUST00572,INV005,HDFC Balanced SIP,SIP,HDFC Mutual Fund,SIP,Monthly,29141,29141,378833,459562.68,2026-06-22,Active
INV01038,CUST00572,INV001,HDFC Equity Mutual Fund,Mutual Fund,HDFC Mutual Fund,Lumpsum,Lumpsum,0,117862,117862,129030.37,2026-06-22,Active
INV01039,CUST00572,INV007,NPS Tier I,NPS,HDFC Pension,NPS,Monthly,10056,10056,130728,130956.14,2026-06-22,Active
INV01040,CUST00573,INV005,HDFC Balanced SIP,SIP,HDFC Mutual Fund,SIP,Monthly,3982,3982,27874,28233.32,2025-12-17,Active
INV01041,CUST00573,INV001,HDFC Equity Mutual Fund,Mutual Fund,HDFC Mutual Fund,Lumpsum,Lumpsum,0,12782,12782,16585.5,2025-12-17,Active
INV01042,CUST00574,INV004,HDFC Equity SIP,SIP,HDFC Mutual Fund,SIP,Monthly,500,500,5000,6376.63,2025-12-16,Active
INV01043,CUST00574,INV001,HDFC Equity Mutual Fund,Mutual Fund,HDFC Mutual Fund,Lumpsum,Lumpsum,0,157992,157992,145531.18,2025-12-16,Active
INV01044,CUST00575,INV004,HDFC Equity SIP,SIP,HDFC Mutual Fund,SIP,Monthly,4215,4215,88515,109926.76,2019-01-13,Active
INV01045,CUST00576,INV005,HDFC Balanced SIP,SIP,HDFC Mutual Fund,SIP,Monthly,44676,44676,804168,894589.36,2025-07-03,Active
INV01046,CUST00577,INV004,HDFC Equity SIP,SIP,HDFC Mutual Fund,SIP,Monthly,9668,9668,87012,96758.16,2021-02-12,Active
INV01047,CUST00577,INV003,HDFC Liquid Fund,Mutual Fund,HDFC Mutual Fund,Lumpsum,Lumpsum,0,242819,242819,301921.09,2021-02-12,Active
INV01048,CUST00578,INV005,HDFC Balanced SIP,SIP,HDFC Mutual Fund,SIP,Monthly,10140,10140,30420,40556.0,2026-06-20,Active
INV01049,CUST00578,INV001,HDFC Equity Mutual Fund,Mutual Fund,HDFC Mutual Fund,Lumpsum,Lumpsum,0,56453,56453,79751.42,2026-06-20,Active
INV01050,CUST00579,INV005,HDFC Balanced SIP,SIP,HDFC Mutual Fund,SIP,Monthly,500,500,15000,17357.15,2022-06-08,Active
INV01051,CUST00579,INV002,HDFC Balanced Advantage Fund,Mutual Fund,HDFC Mutual Fund,Lumpsum,Lumpsum,0,53737,53737,60442.97,2022-06-08,Active
INV01052,CUST00580,INV003,HDFC Liquid Fund,Mutual Fund,HDFC Mutual Fund,Lumpsum,Lumpsum,0,391515,391515,487810.83,2024-08-10,Active
INV01053,CUST00580,INV008,HDFC 3-in-1 Investment Account,Demat,HDFC Securities,Demat Account,One-Time,0,0,0,0,2024-08-10,Active
INV01054,CUST00580,INV009,Equity Trading Account,Stock / Equity,HDFC Securities,Direct Equity,Lumpsum,0,393630,393630,421610.06,2024-08-10,Active
INV01055,CUST00581,INV004,HDFC Equity SIP,SIP,HDFC Mutual Fund,SIP,Monthly,32100,32100,1091400,1377724.87,2024-05-27,Active
INV01056,CUST00581,INV001,HDFC Equity Mutual Fund,Mutual Fund,HDFC Mutual Fund,Lumpsum,Lumpsum,0,572358,572358,776440.45,2024-05-27,Active
INV01057,CUST00581,INV008,HDFC 3-in-1 Investment Account,Demat,HDFC Securities,Demat Account,One-Time,0,0,0,0,2024-05-27,Active
INV01058,CUST00581,INV009,Equity Trading Account,Stock / Equity,HDFC Securities,Direct Equity,Lumpsum,0,299037,299037,535394.0,2024-05-27,Active
INV01059,CUST00583,INV003,HDFC Liquid Fund,Mutual Fund,HDFC Mutual Fund,Lumpsum,Lumpsum,0,406968,406968,445685.17,2019-05-27,Active
INV01060,CUST00584,INV004,HDFC Equity SIP,SIP,HDFC Mutual Fund,SIP,Monthly,50000,50000,1300000,1394241.68,2024-02-01,Active
INV01061,CUST00584,INV003,HDFC Liquid Fund,Mutual Fund,HDFC Mutual Fund,Lumpsum,Lumpsum,0,213252,213252,253762.87,2024-02-01,Active
INV01062,CUST00584,INV008,HDFC 3-in-1 Investment Account,Demat,HDFC Securities,Demat Account,One-Time,0,0,0,0,2024-02-01,Active
INV01063,CUST00584,INV009,Equity Trading Account,Stock / Equity,HDFC Securities,Direct Equity,Lumpsum,0,215675,215675,215190.04,2024-02-01,Active
INV01064,CUST00584,INV011,ETF - Nifty 50,ETF,HDFC Securities,ETF,Lumpsum,0,19901,19901,28049.8,2024-02-01,Active
INV01065,CUST00585,INV005,HDFC Balanced SIP,SIP,HDFC Mutual Fund,SIP,Monthly,38952,38952,895896,1064476.88,2022-12-03,Active
INV01066,CUST00585,INV003,HDFC Liquid Fund,Mutual Fund,HDFC Mutual Fund,Lumpsum,Lumpsum,0,37925,37925,50181.87,2022-12-03,Active
INV01067,CUST00586,INV005,HDFC Balanced SIP,SIP,HDFC Mutual Fund,SIP,Monthly,500,500,16500,20660.88,2023-12-07,Active
INV01068,CUST00586,INV001,HDFC Equity Mutual Fund,Mutual Fund,HDFC Mutual Fund,Lumpsum,Lumpsum,0,40794,40794,56865.49,2023-12-07,Active
INV01069,CUST00586,INV007,NPS Tier I,NPS,HDFC Pension,NPS,Monthly,7690,7690,53830,58343.68,2023-12-07,Active
INV01070,CUST00586,INV008,HDFC 3-in-1 Investment Account,Demat,HDFC Securities,Demat Account,One-Time,0,0,0,0,2023-12-07,Active
INV01071,CUST00586,INV009,Equity Trading Account,Stock / Equity,HDFC Securities,Direct Equity,Lumpsum,0,286314,286314,490696.22,2023-12-07,Active
INV01072,CUST00586,INV011,ETF - Nifty 50,ETF,HDFC Securities,ETF,Lumpsum,0,119786,119786,117450.75,2023-12-07,Active
INV01073,CUST00587,INV004,HDFC Equity SIP,SIP,HDFC Mutual Fund,SIP,Monthly,50000,50000,1500000,1742245.82,2021-06-01,Active
INV01074,CUST00587,INV001,HDFC Equity Mutual Fund,Mutual Fund,HDFC Mutual Fund,Lumpsum,Lumpsum,0,1721652,1721652,1750374.38,2021-06-01,Active
INV01075,CUST00587,INV008,HDFC 3-in-1 Investment Account,Demat,HDFC Securities,Demat Account,One-Time,0,0,0,0,2021-06-01,Active
INV01076,CUST00587,INV009,Equity Trading Account,Stock / Equity,HDFC Securities,Direct Equity,Lumpsum,0,733926,733926,885459.65,2021-06-01,Active
INV01077,CUST00587,INV011,ETF - Nifty 50,ETF,HDFC Securities,ETF,Lumpsum,0,34650,34650,45975.44,2021-06-01,Active
INV01078,CUST00588,INV005,HDFC Balanced SIP,SIP,HDFC Mutual Fund,SIP,Monthly,5385,5385,26925,32470.37,2025-06-21,Active
INV01079,CUST00588,INV001,HDFC Equity Mutual Fund,Mutual Fund,HDFC Mutual Fund,Lumpsum,Lumpsum,0,488342,488342,639625.22,2025-06-21,Active
INV01080,CUST00588,INV008,HDFC 3-in-1 Investment Account,Demat,HDFC Securities,Demat Account,One-Time,0,0,0,0,2025-06-21,Active
INV01081,CUST00588,INV009,Equity Trading Account,Stock / Equity,HDFC Securities,Direct Equity,Lumpsum,0,111137,111137,126076.45,2025-06-21,Active
INV01082,CUST00589,INV004,HDFC Equity SIP,SIP,HDFC Mutual Fund,SIP,Monthly,11787,11787,318249,385218.06,2026-04-21,Active
INV01083,CUST00590,INV005,HDFC Balanced SIP,SIP,HDFC Mutual Fund,SIP,Monthly,1822,1822,40084,52269.46,2019-05-07,Active
INV01084,CUST00590,INV001,HDFC Equity Mutual Fund,Mutual Fund,HDFC Mutual Fund,Lumpsum,Lumpsum,0,23119,23119,31516.81,2019-05-07,Active
INV01085,CUST00591,INV004,HDFC Equity SIP,SIP,HDFC Mutual Fund,SIP,Monthly,8002,8002,264066,314112.27,2022-01-26,Active
INV01086,CUST00591,INV003,HDFC Liquid Fund,Mutual Fund,HDFC Mutual Fund,Lumpsum,Lumpsum,0,84678,84678,109098.61,2022-01-26,Active
INV01087,CUST00592,INV004,HDFC Equity SIP,SIP,HDFC Mutual Fund,SIP,Monthly,50000,50000,1300000,1482660.02,2023-05-22,Active
INV01088,CUST00592,INV008,HDFC 3-in-1 Investment Account,Demat,HDFC Securities,Demat Account,One-Time,0,0,0,0,2023-05-22,Active
INV01089,CUST00592,INV009,Equity Trading Account,Stock / Equity,HDFC Securities,Direct Equity,Lumpsum,0,95859,95859,79081.25,2023-05-22,Active
INV01090,CUST00593,INV004,HDFC Equity SIP,SIP,HDFC Mutual Fund,SIP,Monthly,5043,5043,50430,67476.13,2021-05-25,Active
INV01091,CUST00593,INV002,HDFC Balanced Advantage Fund,Mutual Fund,HDFC Mutual Fund,Lumpsum,Lumpsum,0,25474,25474,29087.29,2021-05-25,Active
INV01092,CUST00594,INV003,HDFC Liquid Fund,Mutual Fund,HDFC Mutual Fund,Lumpsum,Lumpsum,0,45552,45552,64940.31,2025-04-04,Active
INV01093,CUST00594,INV008,HDFC 3-in-1 Investment Account,Demat,HDFC Securities,Demat Account,One-Time,0,0,0,0,2025-04-04,Active
INV01094,CUST00594,INV009,Equity Trading Account,Stock / Equity,HDFC Securities,Direct Equity,Lumpsum,0,147330,147330,190139.67,2025-04-04,Active
INV01095,CUST00595,INV003,HDFC Liquid Fund,Mutual Fund,HDFC Mutual Fund,Lumpsum,Lumpsum,0,70772,70772,89177.49,2023-04-17,Active
INV01096,CUST00595,INV008,HDFC 3-in-1 Investment Account,Demat,HDFC Securities,Demat Account,One-Time,0,0,0,0,2023-04-17,Active
INV01097,CUST00595,INV009,Equity Trading Account,Stock / Equity,HDFC Securities,Direct Equity,Lumpsum,0,66383,66383,94730.17,2023-04-17,Active
INV01098,CUST00596,INV004,HDFC Equity SIP,SIP,HDFC Mutual Fund,SIP,Monthly,500,500,15500,20774.51,2026-07-10,Active
INV01099,CUST00596,INV002,HDFC Balanced Advantage Fund,Mutual Fund,HDFC Mutual Fund,Lumpsum,Lumpsum,0,52174,52174,60350.91,2026-07-10,Active
INV01100,CUST00598,INV004,HDFC Equity SIP,SIP,HDFC Mutual Fund,SIP,Monthly,15525,15525,341550,408762.44,2020-09-07,Active
INV01101,CUST00599,INV004,HDFC Equity SIP,SIP,HDFC Mutual Fund,SIP,Monthly,7343,7343,80773,85680.74,2021-08-11,Active
INV01102,CUST00599,INV003,HDFC Liquid Fund,Mutual Fund,HDFC Mutual Fund,Lumpsum,Lumpsum,0,97794,97794,132005.36,2021-08-11,Active
INV01103,CUST00599,INV007,NPS Tier I,NPS,HDFC Pension,NPS,Monthly,3429,3429,65151,72645.1,2021-08-11,Active
INV01104,CUST00600,INV005,HDFC Balanced SIP,SIP,HDFC Mutual Fund,SIP,Monthly,2774,2774,24966,26596.44,2026-05-15,Active
INV01105,CUST00600,INV003,HDFC Liquid Fund,Mutual Fund,HDFC Mutual Fund,Lumpsum,Lumpsum,0,59423,59423,79877.57,2026-05-15,Active
INV01106,CUST00601,INV004,HDFC Equity SIP,SIP,HDFC Mutual Fund,SIP,Monthly,8258,8258,206450,204953.67,2024-08-14,Active
INV01107,CUST00601,INV003,HDFC Liquid Fund,Mutual Fund,HDFC Mutual Fund,Lumpsum,Lumpsum,0,9649,9649,11975.84,2024-08-14,Active
INV01108,CUST00603,INV005,HDFC Balanced SIP,SIP,HDFC Mutual Fund,SIP,Monthly,500,500,4500,5690.33,2021-11-30,Active
INV01109,CUST00603,INV007,NPS Tier I,NPS,HDFC Pension,NPS,Monthly,1941,1941,60171,63002.65,2021-11-30,Active
INV01110,CUST00603,INV008,HDFC 3-in-1 Investment Account,Demat,HDFC Securities,Demat Account,One-Time,0,0,0,0,2021-11-30,Active
INV01111,CUST00603,INV009,Equity Trading Account,Stock / Equity,HDFC Securities,Direct Equity,Lumpsum,0,432461,432461,547662.99,2021-11-30,Active
INV01112,CUST00604,INV005,HDFC Balanced SIP,SIP,HDFC Mutual Fund,SIP,Monthly,500,500,2000,2520.87,2025-06-10,Active
INV01113,CUST00604,INV001,HDFC Equity Mutual Fund,Mutual Fund,HDFC Mutual Fund,Lumpsum,Lumpsum,0,54932,54932,78452.85,2025-06-10,Active
INV01114,CUST00604,INV007,NPS Tier I,NPS,HDFC Pension,NPS,Monthly,2326,2326,30238,31982.9,2025-06-10,Active
INV01115,CUST00605,INV004,HDFC Equity SIP,SIP,HDFC Mutual Fund,SIP,Monthly,21749,21749,86996,101458.98,2023-11-04,Active
INV01116,CUST00605,INV002,HDFC Balanced Advantage Fund,Mutual Fund,HDFC Mutual Fund,Lumpsum,Lumpsum,0,125829,125829,137669.76,2023-11-04,Active
INV01117,CUST00605,INV008,HDFC 3-in-1 Investment Account,Demat,HDFC Securities,Demat Account,One-Time,0,0,0,0,2023-11-04,Active
INV01118,CUST00605,INV009,Equity Trading Account,Stock / Equity,HDFC Securities,Direct Equity,Lumpsum,0,76711,76711,132086.58,2023-11-04,Active
INV01119,CUST00606,INV002,HDFC Balanced Advantage Fund,Mutual Fund,HDFC Mutual Fund,Lumpsum,Lumpsum,0,52363,52363,53518.86,2026-02-15,Active
INV01120,CUST00606,INV007,NPS Tier I,NPS,HDFC Pension,NPS,Monthly,1103,1103,34193,37164.84,2026-02-15,Active
INV01121,CUST00607,INV003,HDFC Liquid Fund,Mutual Fund,HDFC Mutual Fund,Lumpsum,Lumpsum,0,216963,216963,213413.68,2024-03-05,Active
INV01122,CUST00609,INV005,HDFC Balanced SIP,SIP,HDFC Mutual Fund,SIP,Monthly,500,500,16500,19995.57,2021-03-04,Active
INV01123,CUST00609,INV002,HDFC Balanced Advantage Fund,Mutual Fund,HDFC Mutual Fund,Lumpsum,Lumpsum,0,172467,172467,206975.28,2021-03-04,Active
INV01124,CUST00609,INV007,NPS Tier I,NPS,HDFC Pension,NPS,Monthly,1009,1009,6054,6600.07,2021-03-04,Active
INV01125,CUST00610,INV005,HDFC Balanced SIP,SIP,HDFC Mutual Fund,SIP,Monthly,11257,11257,348967,381958.54,2017-11-28,Active
INV01126,CUST00611,INV005,HDFC Balanced SIP,SIP,HDFC Mutual Fund,SIP,Monthly,50000,50000,1750000,1725149.15,2023-10-25,Active
INV01127,CUST00611,INV007,NPS Tier I,NPS,HDFC Pension,NPS,Monthly,24498,24498,783936,822644.53,2023-10-25,Active
INV01128,CUST00611,INV008,HDFC 3-in-1 Investment Account,Demat,HDFC Securities,Demat Account,One-Time,0,0,0,0,2023-10-25,Active
INV01129,CUST00611,INV009,Equity Trading Account,Stock / Equity,HDFC Securities,Direct Equity,Lumpsum,0,270242,270242,421138.7,2023-10-25,Active
INV01130,CUST00611,INV011,ETF - Nifty 50,ETF,HDFC Securities,ETF,Lumpsum,0,122428,122428,151756.75,2023-10-25,Active
INV01131,CUST00611,INV013,Wealth Management Service,Wealth Management,HDFC Bank,Portfolio Management,Managed,0,9740020,9740020,11483276.68,2023-10-25,Active
INV01132,CUST00612,INV004,HDFC Equity SIP,SIP,HDFC Mutual Fund,SIP,Monthly,599,599,14376,16822.27,2019-04-11,Active
INV01133,CUST00612,INV003,HDFC Liquid Fund,Mutual Fund,HDFC Mutual Fund,Lumpsum,Lumpsum,0,158036,158036,159418.89,2019-04-11,Active
INV01134,CUST00614,INV004,HDFC Equity SIP,SIP,HDFC Mutual Fund,SIP,Monthly,500,500,3000,3032.54,2021-09-16,Active
INV01135,CUST00614,INV007,NPS Tier I,NPS,HDFC Pension,NPS,Monthly,1327,1327,22559,24926.47,2021-09-16,Active
INV01136,CUST00615,INV004,HDFC Equity SIP,SIP,HDFC Mutual Fund,SIP,Monthly,25524,25524,382860,408165.94,2024-10-29,Active
INV01137,CUST00615,INV002,HDFC Balanced Advantage Fund,Mutual Fund,HDFC Mutual Fund,Lumpsum,Lumpsum,0,538695,538695,609693.28,2024-10-29,Active
INV01138,CUST00615,INV007,NPS Tier I,NPS,HDFC Pension,NPS,Monthly,7814,7814,273490,283157.07,2024-10-29,Active
INV01139,CUST00615,INV008,HDFC 3-in-1 Investment Account,Demat,HDFC Securities,Demat Account,One-Time,0,0,0,0,2024-10-29,Active
INV01140,CUST00615,INV009,Equity Trading Account,Stock / Equity,HDFC Securities,Direct Equity,Lumpsum,0,104035,104035,175739.55,2024-10-29,Active
INV01141,CUST00616,INV005,HDFC Balanced SIP,SIP,HDFC Mutual Fund,SIP,Monthly,24354,24354,219186,278031.86,2025-08-11,Active
INV01142,CUST00616,INV002,HDFC Balanced Advantage Fund,Mutual Fund,HDFC Mutual Fund,Lumpsum,Lumpsum,0,49981,49981,47284.91,2025-08-11,Active
INV01143,CUST00616,INV007,NPS Tier I,NPS,HDFC Pension,NPS,Monthly,10049,10049,90441,99835.55,2025-08-11,Active
INV01144,CUST00617,INV004,HDFC Equity SIP,SIP,HDFC Mutual Fund,SIP,Monthly,9674,9674,338590,428194.9,2023-08-13,Active
INV01145,CUST00617,INV007,NPS Tier I,NPS,HDFC Pension,NPS,Monthly,7740,7740,46440,48822.98,2023-08-13,Active
INV01146,CUST00618,INV002,HDFC Balanced Advantage Fund,Mutual Fund,HDFC Mutual Fund,Lumpsum,Lumpsum,0,34404,34404,42127.39,2026-01-13,Active
INV01147,CUST00618,INV007,NPS Tier I,NPS,HDFC Pension,NPS,Monthly,13498,13498,269960,291506.94,2026-01-13,Active
INV01148,CUST00618,INV008,HDFC 3-in-1 Investment Account,Demat,HDFC Securities,Demat Account,One-Time,0,0,0,0,2026-01-13,Active
INV01149,CUST00618,INV009,Equity Trading Account,Stock / Equity,HDFC Securities,Direct Equity,Lumpsum,0,234976,234976,306801.68,2026-01-13,Active
INV01150,CUST00620,INV004,HDFC Equity SIP,SIP,HDFC Mutual Fund,SIP,Monthly,500,500,15500,15348.22,2021-06-08,Active
INV01151,CUST00620,INV001,HDFC Equity Mutual Fund,Mutual Fund,HDFC Mutual Fund,Lumpsum,Lumpsum,0,186548,186548,249900.26,2021-06-08,Active
INV01152,CUST00620,INV007,NPS Tier I,NPS,HDFC Pension,NPS,Monthly,12065,12065,229235,255061.4,2021-06-08,Active
INV01153,CUST00620,INV008,HDFC 3-in-1 Investment Account,Demat,HDFC Securities,Demat Account,One-Time,0,0,0,0,2021-06-08,Active
INV01154,CUST00620,INV009,Equity Trading Account,Stock / Equity,HDFC Securities,Direct Equity,Lumpsum,0,167682,167682,153380.12,2021-06-08,Active
INV01155,CUST00621,INV004,HDFC Equity SIP,SIP,HDFC Mutual Fund,SIP,Monthly,22700,22700,749100,899776.56,2018-01-27,Active
INV01156,CUST00621,INV007,NPS Tier I,NPS,HDFC Pension,NPS,Monthly,6416,6416,205312,216734.24,2018-01-27,Active
INV01157,CUST00624,INV002,HDFC Balanced Advantage Fund,Mutual Fund,HDFC Mutual Fund,Lumpsum,Lumpsum,0,39935,39935,57107.61,2023-05-09,Active
INV01158,CUST00626,INV004,HDFC Equity SIP,SIP,HDFC Mutual Fund,SIP,Monthly,27789,27789,639147,721129.89,2023-03-27,Active
INV01159,CUST00626,INV003,HDFC Liquid Fund,Mutual Fund,HDFC Mutual Fund,Lumpsum,Lumpsum,0,145452,145452,187895.66,2023-03-27,Active
INV01160,CUST00626,INV007,NPS Tier I,NPS,HDFC Pension,NPS,Monthly,2061,2061,16488,17274.61,2023-03-27,Active
INV01161,CUST00628,INV005,HDFC Balanced SIP,SIP,HDFC Mutual Fund,SIP,Monthly,500,500,12500,14770.92,2018-09-25,Active
INV01162,CUST00628,INV007,NPS Tier I,NPS,HDFC Pension,NPS,Monthly,12062,12062,96496,103386.81,2018-09-25,Active
INV01163,CUST00628,INV008,HDFC 3-in-1 Investment Account,Demat,HDFC Securities,Demat Account,One-Time,0,0,0,0,2018-09-25,Active
INV01164,CUST00628,INV009,Equity Trading Account,Stock / Equity,HDFC Securities,Direct Equity,Lumpsum,0,310757,310757,509373.13,2018-09-25,Active
INV01165,CUST00629,INV005,HDFC Balanced SIP,SIP,HDFC Mutual Fund,SIP,Monthly,3293,3293,95497,119554.98,2022-10-15,Active
INV01166,CUST00629,INV001,HDFC Equity Mutual Fund,Mutual Fund,HDFC Mutual Fund,Lumpsum,Lumpsum,0,77904,77904,112622.01,2022-10-15,Active
INV01167,CUST00630,INV007,NPS Tier I,NPS,HDFC Pension,NPS,Monthly,500,500,6000,6145.62,2024-11-22,Active
INV01168,CUST00631,INV004,HDFC Equity SIP,SIP,HDFC Mutual Fund,SIP,Monthly,2447,2447,66069,71780.33,2023-02-27,Active
INV01169,CUST00631,INV002,HDFC Balanced Advantage Fund,Mutual Fund,HDFC Mutual Fund,Lumpsum,Lumpsum,0,44350,44350,60088.13,2023-02-27,Active
INV01170,CUST00632,INV002,HDFC Balanced Advantage Fund,Mutual Fund,HDFC Mutual Fund,Lumpsum,Lumpsum,0,286427,286427,282054.65,2022-07-11,Active
INV01171,CUST00632,INV008,HDFC 3-in-1 Investment Account,Demat,HDFC Securities,Demat Account,One-Time,0,0,0,0,2022-07-11,Active
INV01172,CUST00632,INV009,Equity Trading Account,Stock / Equity,HDFC Securities,Direct Equity,Lumpsum,0,209558,209558,226104.82,2022-07-11,Active
INV01173,CUST00633,INV004,HDFC Equity SIP,SIP,HDFC Mutual Fund,SIP,Monthly,14317,14317,472461,537999.19,2022-11-17,Active
INV01174,CUST00633,INV001,HDFC Equity Mutual Fund,Mutual Fund,HDFC Mutual Fund,Lumpsum,Lumpsum,0,35568,35568,46440.38,2022-11-17,Active
INV01175,CUST00633,INV007,NPS Tier I,NPS,HDFC Pension,NPS,Monthly,4269,4269,128070,140901.85,2022-11-17,Active
INV01176,CUST00634,INV005,HDFC Balanced SIP,SIP,HDFC Mutual Fund,SIP,Monthly,20113,20113,603390,671001.11,2023-04-07,Active
INV01177,CUST00634,INV002,HDFC Balanced Advantage Fund,Mutual Fund,HDFC Mutual Fund,Lumpsum,Lumpsum,0,87432,87432,94889.11,2023-04-07,Active
INV01178,CUST00638,INV004,HDFC Equity SIP,SIP,HDFC Mutual Fund,SIP,Monthly,500,500,5500,6723.82,2020-09-17,Active
INV01179,CUST00638,INV003,HDFC Liquid Fund,Mutual Fund,HDFC Mutual Fund,Lumpsum,Lumpsum,0,185024,185024,248649.48,2020-09-17,Active
INV01180,CUST00639,INV005,HDFC Balanced SIP,SIP,HDFC Mutual Fund,SIP,Monthly,6689,6689,40134,41086.02,2021-09-02,Active
INV01181,CUST00639,INV002,HDFC Balanced Advantage Fund,Mutual Fund,HDFC Mutual Fund,Lumpsum,Lumpsum,0,57045,57045,65531.89,2021-09-02,Active
INV01182,CUST00639,INV007,NPS Tier I,NPS,HDFC Pension,NPS,Monthly,2259,2259,54216,55664.56,2021-09-02,Active
INV01183,CUST00639,INV008,HDFC 3-in-1 Investment Account,Demat,HDFC Securities,Demat Account,One-Time,0,0,0,0,2021-09-02,Active
INV01184,CUST00639,INV009,Equity Trading Account,Stock / Equity,HDFC Securities,Direct Equity,Lumpsum,0,72333,72333,101132.36,2021-09-02,Active
INV01185,CUST00640,INV004,HDFC Equity SIP,SIP,HDFC Mutual Fund,SIP,Monthly,17935,17935,520115,678386.41,2022-11-05,Active
INV01186,CUST00640,INV008,HDFC 3-in-1 Investment Account,Demat,HDFC Securities,Demat Account,One-Time,0,0,0,0,2022-11-05,Active
INV01187,CUST00640,INV009,Equity Trading Account,Stock / Equity,HDFC Securities,Direct Equity,Lumpsum,0,62417,62417,87113.65,2022-11-05,Active
INV01188,CUST00641,INV005,HDFC Balanced SIP,SIP,HDFC Mutual Fund,SIP,Monthly,8820,8820,229320,274429.16,2023-04-07,Active
INV01189,CUST00641,INV008,HDFC 3-in-1 Investment Account,Demat,HDFC Securities,Demat Account,One-Time,0,0,0,0,2023-04-07,Active
INV01190,CUST00641,INV009,Equity Trading Account,Stock / Equity,HDFC Securities,Direct Equity,Lumpsum,0,33513,33513,55320.22,2023-04-07,Active
INV01191,CUST00642,INV005,HDFC Balanced SIP,SIP,HDFC Mutual Fund,SIP,Monthly,50000,50000,1700000,2182670.63,2026-04-30,Active
INV01192,CUST00642,INV001,HDFC Equity Mutual Fund,Mutual Fund,HDFC Mutual Fund,Lumpsum,Lumpsum,0,459479,459479,504575.4,2026-04-30,Active
INV01193,CUST00642,INV008,HDFC 3-in-1 Investment Account,Demat,HDFC Securities,Demat Account,One-Time,0,0,0,0,2026-04-30,Active
INV01194,CUST00642,INV009,Equity Trading Account,Stock / Equity,HDFC Securities,Direct Equity,Lumpsum,0,223974,223974,337861.1,2026-04-30,Active
INV01195,CUST00643,INV004,HDFC Equity SIP,SIP,HDFC Mutual Fund,SIP,Monthly,18059,18059,126413,136506.86,2024-03-24,Active
INV01196,CUST00643,INV001,HDFC Equity Mutual Fund,Mutual Fund,HDFC Mutual Fund,Lumpsum,Lumpsum,0,199387,199387,197093.44,2024-03-24,Active
INV01197,CUST00644,INV004,HDFC Equity SIP,SIP,HDFC Mutual Fund,SIP,Monthly,500,500,9000,9512.93,2026-01-18,Active
INV01198,CUST00644,INV008,HDFC 3-in-1 Investment Account,Demat,HDFC Securities,Demat Account,One-Time,0,0,0,0,2026-01-18,Active
INV01199,CUST00644,INV009,Equity Trading Account,Stock / Equity,HDFC Securities,Direct Equity,Lumpsum,0,70445,70445,94423.47,2026-01-18,Active
INV01200,CUST00645,INV004,HDFC Equity SIP,SIP,HDFC Mutual Fund,SIP,Monthly,1245,1245,4980,4905.81,2022-09-28,Active
INV01201,CUST00645,INV003,HDFC Liquid Fund,Mutual Fund,HDFC Mutual Fund,Lumpsum,Lumpsum,0,252772,252772,304402.5,2022-09-28,Active
INV01202,CUST00646,INV005,HDFC Balanced SIP,SIP,HDFC Mutual Fund,SIP,Monthly,500,500,2500,2920.19,2025-01-15,Active
INV01203,CUST00646,INV003,HDFC Liquid Fund,Mutual Fund,HDFC Mutual Fund,Lumpsum,Lumpsum,0,109863,109863,112533.52,2025-01-15,Active
INV01204,CUST00647,INV007,NPS Tier I,NPS,HDFC Pension,NPS,Monthly,2151,2151,64530,71534.9,2026-03-18,Active
INV01205,CUST00649,INV005,HDFC Balanced SIP,SIP,HDFC Mutual Fund,SIP,Monthly,5882,5882,64702,81467.4,2025-01-15,Active
INV01206,CUST00650,INV007,NPS Tier I,NPS,HDFC Pension,NPS,Monthly,1378,1378,17914,18564.59,2023-11-23,Active
INV01207,CUST00652,INV004,HDFC Equity SIP,SIP,HDFC Mutual Fund,SIP,Monthly,50000,50000,200000,205710.66,2019-10-26,Active
INV01208,CUST00652,INV002,HDFC Balanced Advantage Fund,Mutual Fund,HDFC Mutual Fund,Lumpsum,Lumpsum,0,977543,977543,1405072.04,2019-10-26,Active
INV01209,CUST00652,INV008,HDFC 3-in-1 Investment Account,Demat,HDFC Securities,Demat Account,One-Time,0,0,0,0,2019-10-26,Active
INV01210,CUST00652,INV009,Equity Trading Account,Stock / Equity,HDFC Securities,Direct Equity,Lumpsum,0,400418,400418,349987.32,2019-10-26,Active
INV01211,CUST00653,INV005,HDFC Balanced SIP,SIP,HDFC Mutual Fund,SIP,Monthly,6650,6650,199500,246814.02,2026-05-14,Active
INV01212,CUST00653,INV007,NPS Tier I,NPS,HDFC Pension,NPS,Monthly,3093,3093,77325,78492.55,2026-05-14,Active
INV01213,CUST00653,INV008,HDFC 3-in-1 Investment Account,Demat,HDFC Securities,Demat Account,One-Time,0,0,0,0,2026-05-14,Active
INV01214,CUST00653,INV009,Equity Trading Account,Stock / Equity,HDFC Securities,Direct Equity,Lumpsum,0,270835,270835,332671.04,2026-05-14,Active
INV01215,CUST00653,INV011,ETF - Nifty 50,ETF,HDFC Securities,ETF,Lumpsum,0,10096,10096,11058.98,2026-05-14,Active
INV01216,CUST00654,INV005,HDFC Balanced SIP,SIP,HDFC Mutual Fund,SIP,Monthly,500,500,10500,11388.25,2025-06-12,Active
INV01217,CUST00654,INV003,HDFC Liquid Fund,Mutual Fund,HDFC Mutual Fund,Lumpsum,Lumpsum,0,125510,125510,176813.45,2025-06-12,Active
INV01218,CUST00654,INV007,NPS Tier I,NPS,HDFC Pension,NPS,Monthly,3054,3054,18324,19221.22,2025-06-12,Active
INV01219,CUST00655,INV005,HDFC Balanced SIP,SIP,HDFC Mutual Fund,SIP,Monthly,19545,19545,332265,385524.38,2025-08-05,Active
INV01220,CUST00655,INV003,HDFC Liquid Fund,Mutual Fund,HDFC Mutual Fund,Lumpsum,Lumpsum,0,53128,53128,73751.13,2025-08-05,Active
INV01221,CUST00655,INV008,HDFC 3-in-1 Investment Account,Demat,HDFC Securities,Demat Account,One-Time,0,0,0,0,2025-08-05,Active
INV01222,CUST00655,INV009,Equity Trading Account,Stock / Equity,HDFC Securities,Direct Equity,Lumpsum,0,36033,36033,59586.55,2025-08-05,Active
INV01223,CUST00656,INV005,HDFC Balanced SIP,SIP,HDFC Mutual Fund,SIP,Monthly,12571,12571,113139,140722.89,2025-06-10,Active
INV01224,CUST00657,INV004,HDFC Equity SIP,SIP,HDFC Mutual Fund,SIP,Monthly,6010,6010,108180,141816.54,2024-05-29,Active
INV01225,CUST00660,INV003,HDFC Liquid Fund,Mutual Fund,HDFC Mutual Fund,Lumpsum,Lumpsum,0,96488,96488,94133.82,2024-12-06,Active
INV01226,CUST00661,INV004,HDFC Equity SIP,SIP,HDFC Mutual Fund,SIP,Monthly,500,500,16500,20079.94,2025-11-24,Active
INV01227,CUST00661,INV008,HDFC 3-in-1 Investment Account,Demat,HDFC Securities,Demat Account,One-Time,0,0,0,0,2025-11-24,Active
INV01228,CUST00661,INV009,Equity Trading Account,Stock / Equity,HDFC Securities,Direct Equity,Lumpsum,0,130947,130947,132740.01,2025-11-24,Active
INV01229,CUST00663,INV004,HDFC Equity SIP,SIP,HDFC Mutual Fund,SIP,Monthly,6359,6359,133539,156127.11,2025-12-03,Active
INV01230,CUST00664,INV004,HDFC Equity SIP,SIP,HDFC Mutual Fund,SIP,Monthly,500,500,7500,8372.38,2017-11-17,Active
INV01231,CUST00664,INV003,HDFC Liquid Fund,Mutual Fund,HDFC Mutual Fund,Lumpsum,Lumpsum,0,940087,940087,942742.09,2017-11-17,Active
INV01232,CUST00664,INV013,Wealth Management Service,Wealth Management,HDFC Bank,Portfolio Management,Managed,0,8308268,8308268,10209624.74,2017-11-17,Active
INV01233,CUST00666,INV004,HDFC Equity SIP,SIP,HDFC Mutual Fund,SIP,Monthly,22051,22051,176408,190016.58,2016-03-05,Active
INV01234,CUST00667,INV005,HDFC Balanced SIP,SIP,HDFC Mutual Fund,SIP,Monthly,23678,23678,284136,286954.21,2024-04-01,Active
INV01235,CUST00669,INV002,HDFC Balanced Advantage Fund,Mutual Fund,HDFC Mutual Fund,Lumpsum,Lumpsum,0,72269,72269,82729.25,2026-02-20,Active
INV01236,CUST00670,INV005,HDFC Balanced SIP,SIP,HDFC Mutual Fund,SIP,Monthly,22865,22865,91460,92555.65,2022-05-02,Active
INV01237,CUST00670,INV002,HDFC Balanced Advantage Fund,Mutual Fund,HDFC Mutual Fund,Lumpsum,Lumpsum,0,73415,73415,95089.57,2022-05-02,Active
INV01238,CUST00670,INV008,HDFC 3-in-1 Investment Account,Demat,HDFC Securities,Demat Account,One-Time,0,0,0,0,2022-05-02,Active
INV01239,CUST00670,INV009,Equity Trading Account,Stock / Equity,HDFC Securities,Direct Equity,Lumpsum,0,156443,156443,133192.31,2022-05-02,Active
INV01240,CUST00670,INV011,ETF - Nifty 50,ETF,HDFC Securities,ETF,Lumpsum,0,50373,50373,48061.08,2022-05-02,Active
INV01241,CUST00672,INV003,HDFC Liquid Fund,Mutual Fund,HDFC Mutual Fund,Lumpsum,Lumpsum,0,495169,495169,563103.64,2026-03-15,Active
INV01242,CUST00672,INV008,HDFC 3-in-1 Investment Account,Demat,HDFC Securities,Demat Account,One-Time,0,0,0,0,2026-03-15,Active
INV01243,CUST00672,INV009,Equity Trading Account,Stock / Equity,HDFC Securities,Direct Equity,Lumpsum,0,22364,22364,23449.29,2026-03-15,Active
INV01244,CUST00672,INV011,ETF - Nifty 50,ETF,HDFC Securities,ETF,Lumpsum,0,248715,248715,330780.68,2026-03-15,Active
INV01245,CUST00674,INV004,HDFC Equity SIP,SIP,HDFC Mutual Fund,SIP,Monthly,23425,23425,93700,115490.35,2026-06-18,Active
INV01246,CUST00674,INV002,HDFC Balanced Advantage Fund,Mutual Fund,HDFC Mutual Fund,Lumpsum,Lumpsum,0,194595,194595,242909.29,2026-06-18,Active
INV01247,CUST00674,INV007,NPS Tier I,NPS,HDFC Pension,NPS,Monthly,2246,2246,29198,32605.22,2026-06-18,Active
INV01248,CUST00674,INV008,HDFC 3-in-1 Investment Account,Demat,HDFC Securities,Demat Account,One-Time,0,0,0,0,2026-06-18,Active
INV01249,CUST00674,INV009,Equity Trading Account,Stock / Equity,HDFC Securities,Direct Equity,Lumpsum,0,86625,86625,146594.47,2026-06-18,Active
INV01250,CUST00674,INV011,ETF - Nifty 50,ETF,HDFC Securities,ETF,Lumpsum,0,80676,80676,100691.88,2026-06-18,Active
INV01251,CUST00676,INV005,HDFC Balanced SIP,SIP,HDFC Mutual Fund,SIP,Monthly,13600,13600,462400,470746.15,2025-04-15,Active
INV01252,CUST00676,INV003,HDFC Liquid Fund,Mutual Fund,HDFC Mutual Fund,Lumpsum,Lumpsum,0,139320,139320,140511.4,2025-04-15,Active
INV01253,CUST00676,INV007,NPS Tier I,NPS,HDFC Pension,NPS,Monthly,12410,12410,210970,236224.07,2025-04-15,Active
INV01254,CUST00676,INV008,HDFC 3-in-1 Investment Account,Demat,HDFC Securities,Demat Account,One-Time,0,0,0,0,2025-04-15,Active
INV01255,CUST00676,INV009,Equity Trading Account,Stock / Equity,HDFC Securities,Direct Equity,Lumpsum,0,130099,130099,156927.71,2025-04-15,Active
INV01256,CUST00676,INV011,ETF - Nifty 50,ETF,HDFC Securities,ETF,Lumpsum,0,60247,60247,79104.62,2025-04-15,Active
INV01257,CUST00677,INV005,HDFC Balanced SIP,SIP,HDFC Mutual Fund,SIP,Monthly,700,700,8400,8899.59,2025-09-24,Active
INV01258,CUST00677,INV007,NPS Tier I,NPS,HDFC Pension,NPS,Monthly,693,693,8316,8541.62,2025-09-24,Active
INV01259,CUST00678,INV007,NPS Tier I,NPS,HDFC Pension,NPS,Monthly,1823,1823,45575,47707.23,2024-06-02,Active
INV01260,CUST00680,INV002,HDFC Balanced Advantage Fund,Mutual Fund,HDFC Mutual Fund,Lumpsum,Lumpsum,0,38848,38848,37750.14,2025-10-10,Active
INV01261,CUST00684,INV005,HDFC Balanced SIP,SIP,HDFC Mutual Fund,SIP,Monthly,39969,39969,639504,805880.99,2024-10-29,Active
INV01262,CUST00684,INV002,HDFC Balanced Advantage Fund,Mutual Fund,HDFC Mutual Fund,Lumpsum,Lumpsum,0,81658,81658,95200.23,2024-10-29,Active
INV01263,CUST00684,INV007,NPS Tier I,NPS,HDFC Pension,NPS,Monthly,2781,2781,50058,51682.06,2024-10-29,Active
INV01264,CUST00685,INV005,HDFC Balanced SIP,SIP,HDFC Mutual Fund,SIP,Monthly,14614,14614,233824,232711.87,2023-03-22,Active
INV01265,CUST00685,INV001,HDFC Equity Mutual Fund,Mutual Fund,HDFC Mutual Fund,Lumpsum,Lumpsum,0,234245,234245,291467.32,2023-03-22,Active
INV01266,CUST00685,INV008,HDFC 3-in-1 Investment Account,Demat,HDFC Securities,Demat Account,One-Time,0,0,0,0,2023-03-22,Active
INV01267,CUST00685,INV009,Equity Trading Account,Stock / Equity,HDFC Securities,Direct Equity,Lumpsum,0,15660,15660,15232.3,2023-03-22,Active
INV01268,CUST00686,INV004,HDFC Equity SIP,SIP,HDFC Mutual Fund,SIP,Monthly,500,500,7500,10056.6,2025-10-03,Active
INV01269,CUST00686,INV001,HDFC Equity Mutual Fund,Mutual Fund,HDFC Mutual Fund,Lumpsum,Lumpsum,0,114499,114499,160952.62,2025-10-03,Active
INV01270,CUST00686,INV007,NPS Tier I,NPS,HDFC Pension,NPS,Monthly,2802,2802,95268,97279.94,2025-10-03,Active
INV01271,CUST00688,INV004,HDFC Equity SIP,SIP,HDFC Mutual Fund,SIP,Monthly,21642,21642,151494,149119.19,2023-10-06,Active
INV01272,CUST00688,INV008,HDFC 3-in-1 Investment Account,Demat,HDFC Securities,Demat Account,One-Time,0,0,0,0,2023-10-06,Active
INV01273,CUST00688,INV009,Equity Trading Account,Stock / Equity,HDFC Securities,Direct Equity,Lumpsum,0,49617,49617,78326.54,2023-10-06,Active
INV01274,CUST00690,INV004,HDFC Equity SIP,SIP,HDFC Mutual Fund,SIP,Monthly,500,500,6000,6653.0,2015-12-17,Active
INV01275,CUST00690,INV003,HDFC Liquid Fund,Mutual Fund,HDFC Mutual Fund,Lumpsum,Lumpsum,0,107247,107247,110225.81,2015-12-17,Active
INV01276,CUST00690,INV007,NPS Tier I,NPS,HDFC Pension,NPS,Monthly,3584,3584,107520,109554.3,2015-12-17,Active
INV01277,CUST00691,INV001,HDFC Equity Mutual Fund,Mutual Fund,HDFC Mutual Fund,Lumpsum,Lumpsum,0,50122,50122,71771.14,2025-05-31,Active
INV01278,CUST00692,INV004,HDFC Equity SIP,SIP,HDFC Mutual Fund,SIP,Monthly,2453,2453,39248,45438.11,2022-09-28,Active
INV01279,CUST00692,INV001,HDFC Equity Mutual Fund,Mutual Fund,HDFC Mutual Fund,Lumpsum,Lumpsum,0,79425,79425,83119.43,2022-09-28,Active
INV01280,CUST00692,INV007,NPS Tier I,NPS,HDFC Pension,NPS,Monthly,9391,9391,93910,96144.76,2022-09-28,Active
INV01281,CUST00693,INV004,HDFC Equity SIP,SIP,HDFC Mutual Fund,SIP,Monthly,500,500,8500,8507.55,2023-11-15,Active
INV01282,CUST00695,INV004,HDFC Equity SIP,SIP,HDFC Mutual Fund,SIP,Monthly,4246,4246,80674,80273.32,2022-02-14,Active
INV01283,CUST00695,INV003,HDFC Liquid Fund,Mutual Fund,HDFC Mutual Fund,Lumpsum,Lumpsum,0,34598,34598,36864.45,2022-02-14,Active
INV01284,CUST00695,INV007,NPS Tier I,NPS,HDFC Pension,NPS,Monthly,2321,2321,71951,72602.57,2022-02-14,Active
INV01285,CUST00696,INV001,HDFC Equity Mutual Fund,Mutual Fund,HDFC Mutual Fund,Lumpsum,Lumpsum,0,185175,185175,174120.19,2024-05-13,Active
INV01286,CUST00696,INV007,NPS Tier I,NPS,HDFC Pension,NPS,Monthly,1690,1690,38870,41076.01,2024-05-13,Active
INV01287,CUST00697,INV004,HDFC Equity SIP,SIP,HDFC Mutual Fund,SIP,Monthly,15641,15641,46923,51009.84,2026-02-20,Active
INV01288,CUST00697,INV002,HDFC Balanced Advantage Fund,Mutual Fund,HDFC Mutual Fund,Lumpsum,Lumpsum,0,150556,150556,147418.16,2026-02-20,Active
INV01289,CUST00698,INV005,HDFC Balanced SIP,SIP,HDFC Mutual Fund,SIP,Monthly,50000,50000,1750000,2061658.95,2026-07-17,Active
INV01290,CUST00700,INV005,HDFC Balanced SIP,SIP,HDFC Mutual Fund,SIP,Monthly,50000,50000,1550000,1627469.14,2024-06-20,Active
INV01291,CUST00700,INV002,HDFC Balanced Advantage Fund,Mutual Fund,HDFC Mutual Fund,Lumpsum,Lumpsum,0,66672,66672,67302.06,2024-06-20,Active
INV01292,CUST00700,INV008,HDFC 3-in-1 Investment Account,Demat,HDFC Securities,Demat Account,One-Time,0,0,0,0,2024-06-20,Active
INV01293,CUST00700,INV009,Equity Trading Account,Stock / Equity,HDFC Securities,Direct Equity,Lumpsum,0,419718,419718,381977.77,2024-06-20,Active
INV01294,CUST00700,INV013,Wealth Management Service,Wealth Management,HDFC Bank,Portfolio Management,Managed,0,7224180,7224180,7559041.34,2024-06-20,Active
INV01295,CUST00701,INV004,HDFC Equity SIP,SIP,HDFC Mutual Fund,SIP,Monthly,6623,6623,112591,130979.13,2025-06-08,Active
INV01296,CUST00701,INV002,HDFC Balanced Advantage Fund,Mutual Fund,HDFC Mutual Fund,Lumpsum,Lumpsum,0,56660,56660,59453.46,2025-06-08,Active
INV01297,CUST00703,INV005,HDFC Balanced SIP,SIP,HDFC Mutual Fund,SIP,Monthly,500,500,8500,11134.89,2020-07-07,Active
INV01298,CUST00705,INV002,HDFC Balanced Advantage Fund,Mutual Fund,HDFC Mutual Fund,Lumpsum,Lumpsum,0,7930,7930,8375.05,2022-10-03,Active
INV01299,CUST00705,INV008,HDFC 3-in-1 Investment Account,Demat,HDFC Securities,Demat Account,One-Time,0,0,0,0,2022-10-03,Active
INV01300,CUST00705,INV009,Equity Trading Account,Stock / Equity,HDFC Securities,Direct Equity,Lumpsum,0,102974,102974,94254.52,2022-10-03,Active
INV01301,CUST00706,INV005,HDFC Balanced SIP,SIP,HDFC Mutual Fund,SIP,Monthly,13541,13541,392689,529085.93,2026-06-08,Active
INV01302,CUST00706,INV007,NPS Tier I,NPS,HDFC Pension,NPS,Monthly,4578,4578,146496,147418.51,2026-06-08,Active
INV01303,CUST00707,INV002,HDFC Balanced Advantage Fund,Mutual Fund,HDFC Mutual Fund,Lumpsum,Lumpsum,0,106818,106818,137214.06,2017-05-02,Active
INV01304,CUST00708,INV004,HDFC Equity SIP,SIP,HDFC Mutual Fund,SIP,Monthly,500,500,12000,12918.77,2024-03-26,Active
INV01305,CUST00708,INV003,HDFC Liquid Fund,Mutual Fund,HDFC Mutual Fund,Lumpsum,Lumpsum,0,87089,87089,84623.99,2024-03-26,Active
INV01306,CUST00710,INV007,NPS Tier I,NPS,HDFC Pension,NPS,Monthly,911,911,9110,9814.52,2021-08-14,Active
INV01307,CUST00714,INV004,HDFC Equity SIP,SIP,HDFC Mutual Fund,SIP,Monthly,500,500,17500,19902.8,2018-02-22,Active
INV01308,CUST00715,INV005,HDFC Balanced SIP,SIP,HDFC Mutual Fund,SIP,Monthly,3323,3323,116305,127901.58,2023-03-28,Active
INV01309,CUST00715,INV003,HDFC Liquid Fund,Mutual Fund,HDFC Mutual Fund,Lumpsum,Lumpsum,0,93055,93055,115232.59,2023-03-28,Active
INV01310,CUST00716,INV001,HDFC Equity Mutual Fund,Mutual Fund,HDFC Mutual Fund,Lumpsum,Lumpsum,0,30387,30387,40800.31,2017-02-28,Active
INV01311,CUST00716,INV008,HDFC 3-in-1 Investment Account,Demat,HDFC Securities,Demat Account,One-Time,0,0,0,0,2017-02-28,Active
INV01312,CUST00716,INV009,Equity Trading Account,Stock / Equity,HDFC Securities,Direct Equity,Lumpsum,0,19246,19246,25420.06,2017-02-28,Active
INV01313,CUST00717,INV004,HDFC Equity SIP,SIP,HDFC Mutual Fund,SIP,Monthly,500,500,4500,4820.92,2025-12-05,Active
INV01314,CUST00717,INV003,HDFC Liquid Fund,Mutual Fund,HDFC Mutual Fund,Lumpsum,Lumpsum,0,613766,613766,839866.61,2025-12-05,Active
INV01315,CUST00717,INV008,HDFC 3-in-1 Investment Account,Demat,HDFC Securities,Demat Account,One-Time,0,0,0,0,2025-12-05,Active
INV01316,CUST00717,INV009,Equity Trading Account,Stock / Equity,HDFC Securities,Direct Equity,Lumpsum,0,334971,334971,468148.76,2025-12-05,Active
INV01317,CUST00718,INV005,HDFC Balanced SIP,SIP,HDFC Mutual Fund,SIP,Monthly,500,500,4000,5228.24,2024-01-17,Active
INV01318,CUST00718,INV008,HDFC 3-in-1 Investment Account,Demat,HDFC Securities,Demat Account,One-Time,0,0,0,0,2024-01-17,Active
INV01319,CUST00718,INV009,Equity Trading Account,Stock / Equity,HDFC Securities,Direct Equity,Lumpsum,0,147660,147660,180048.42,2024-01-17,Active
INV01320,CUST00720,INV004,HDFC Equity SIP,SIP,HDFC Mutual Fund,SIP,Monthly,500,500,10000,11558.7,2026-02-22,Active
INV01321,CUST00720,INV003,HDFC Liquid Fund,Mutual Fund,HDFC Mutual Fund,Lumpsum,Lumpsum,0,160745,160745,152851.79,2026-02-22,Active
INV01322,CUST00720,INV007,NPS Tier I,NPS,HDFC Pension,NPS,Monthly,2278,2278,34170,34770.57,2026-02-22,Active
INV01323,CUST00721,INV004,HDFC Equity SIP,SIP,HDFC Mutual Fund,SIP,Monthly,28461,28461,256149,266139.14,2026-03-15,Active
INV01324,CUST00722,INV007,NPS Tier I,NPS,HDFC Pension,NPS,Monthly,2037,2037,20370,22617.31,2025-12-20,Active
INV01325,CUST00723,INV005,HDFC Balanced SIP,SIP,HDFC Mutual Fund,SIP,Monthly,1331,1331,34606,41035.0,2025-12-15,Active
INV01326,CUST00723,INV002,HDFC Balanced Advantage Fund,Mutual Fund,HDFC Mutual Fund,Lumpsum,Lumpsum,0,154099,154099,154543.53,2025-12-15,Active
INV01327,CUST00723,INV007,NPS Tier I,NPS,HDFC Pension,NPS,Monthly,5244,5244,136344,152027.22,2025-12-15,Active
INV01328,CUST00725,INV005,HDFC Balanced SIP,SIP,HDFC Mutual Fund,SIP,Monthly,50000,50000,1450000,1435734.69,2016-05-06,Active
INV01329,CUST00725,INV008,HDFC 3-in-1 Investment Account,Demat,HDFC Securities,Demat Account,One-Time,0,0,0,0,2016-05-06,Active
INV01330,CUST00725,INV009,Equity Trading Account,Stock / Equity,HDFC Securities,Direct Equity,Lumpsum,0,295675,295675,258223.35,2016-05-06,Active
INV01331,CUST00727,INV004,HDFC Equity SIP,SIP,HDFC Mutual Fund,SIP,Monthly,35195,35195,281560,311741.82,2026-07-19,Active
INV01332,CUST00727,INV001,HDFC Equity Mutual Fund,Mutual Fund,HDFC Mutual Fund,Lumpsum,Lumpsum,0,16186,16186,15964.45,2026-07-19,Active
INV01333,CUST00727,INV008,HDFC 3-in-1 Investment Account,Demat,HDFC Securities,Demat Account,One-Time,0,0,0,0,2026-07-19,Active
INV01334,CUST00727,INV009,Equity Trading Account,Stock / Equity,HDFC Securities,Direct Equity,Lumpsum,0,52241,52241,81575.27,2026-07-19,Active
INV01335,CUST00728,INV002,HDFC Balanced Advantage Fund,Mutual Fund,HDFC Mutual Fund,Lumpsum,Lumpsum,0,35647,35647,40587.68,2026-01-23,Active
INV01336,CUST00728,INV007,NPS Tier I,NPS,HDFC Pension,NPS,Monthly,785,785,18840,19069.02,2026-01-23,Active
INV01337,CUST00729,INV003,HDFC Liquid Fund,Mutual Fund,HDFC Mutual Fund,Lumpsum,Lumpsum,0,84094,84094,109651.18,2025-01-11,Active
INV01338,CUST00731,INV007,NPS Tier I,NPS,HDFC Pension,NPS,Monthly,1523,1523,9138,9445.67,2024-09-28,Active
INV01339,CUST00732,INV005,HDFC Balanced SIP,SIP,HDFC Mutual Fund,SIP,Monthly,50000,50000,1100000,1454666.85,2021-12-18,Active
INV01340,CUST00732,INV002,HDFC Balanced Advantage Fund,Mutual Fund,HDFC Mutual Fund,Lumpsum,Lumpsum,0,123384,123384,157368.18,2021-12-18,Active
INV01341,CUST00732,INV008,HDFC 3-in-1 Investment Account,Demat,HDFC Securities,Demat Account,One-Time,0,0,0,0,2021-12-18,Active
INV01342,CUST00732,INV009,Equity Trading Account,Stock / Equity,HDFC Securities,Direct Equity,Lumpsum,0,235047,235047,383729.69,2021-12-18,Active
INV01343,CUST00732,INV011,ETF - Nifty 50,ETF,HDFC Securities,ETF,Lumpsum,0,162392,162392,184973.95,2021-12-18,Active
INV01344,CUST00733,INV004,HDFC Equity SIP,SIP,HDFC Mutual Fund,SIP,Monthly,500,500,12000,14542.5,2026-02-12,Active
INV01345,CUST00733,INV003,HDFC Liquid Fund,Mutual Fund,HDFC Mutual Fund,Lumpsum,Lumpsum,0,66618,66618,90863.04,2026-02-12,Active
INV01346,CUST00734,INV004,HDFC Equity SIP,SIP,HDFC Mutual Fund,SIP,Monthly,5730,5730,80220,86469.01,2026-02-02,Active
INV01347,CUST00734,INV002,HDFC Balanced Advantage Fund,Mutual Fund,HDFC Mutual Fund,Lumpsum,Lumpsum,0,71794,71794,96169.77,2026-02-02,Active
INV01348,CUST00734,INV007,NPS Tier I,NPS,HDFC Pension,NPS,Monthly,3437,3437,99673,104456.9,2026-02-02,Active
INV01349,CUST00735,INV002,HDFC Balanced Advantage Fund,Mutual Fund,HDFC Mutual Fund,Lumpsum,Lumpsum,0,45626,45626,63889.69,2026-05-02,Active
INV01350,CUST00737,INV005,HDFC Balanced SIP,SIP,HDFC Mutual Fund,SIP,Monthly,12269,12269,441684,506460.04,2024-01-14,Active
INV01351,CUST00737,INV001,HDFC Equity Mutual Fund,Mutual Fund,HDFC Mutual Fund,Lumpsum,Lumpsum,0,201133,201133,189396.1,2024-01-14,Active
INV01352,CUST00737,INV007,NPS Tier I,NPS,HDFC Pension,NPS,Monthly,2403,2403,52866,55841.5,2024-01-14,Active
INV01353,CUST00738,INV008,HDFC 3-in-1 Investment Account,Demat,HDFC Securities,Demat Account,One-Time,0,0,0,0,2025-10-29,Active
INV01354,CUST00738,INV009,Equity Trading Account,Stock / Equity,HDFC Securities,Direct Equity,Lumpsum,0,19976,19976,27901.38,2025-10-29,Active
INV01355,CUST00741,INV004,HDFC Equity SIP,SIP,HDFC Mutual Fund,SIP,Monthly,11109,11109,222180,296958.08,2021-04-28,Active
INV01356,CUST00741,INV003,HDFC Liquid Fund,Mutual Fund,HDFC Mutual Fund,Lumpsum,Lumpsum,0,194432,194432,273240.55,2021-04-28,Active
INV01357,CUST00741,INV008,HDFC 3-in-1 Investment Account,Demat,HDFC Securities,Demat Account,One-Time,0,0,0,0,2021-04-28,Active
INV01358,CUST00741,INV009,Equity Trading Account,Stock / Equity,HDFC Securities,Direct Equity,Lumpsum,0,60009,60009,56952.82,2021-04-28,Active
INV01359,CUST00743,INV005,HDFC Balanced SIP,SIP,HDFC Mutual Fund,SIP,Monthly,11866,11866,237320,314256.0,2022-08-17,Active
INV01360,CUST00744,INV004,HDFC Equity SIP,SIP,HDFC Mutual Fund,SIP,Monthly,24175,24175,169225,197902.55,2025-02-11,Active
INV01361,CUST00744,INV002,HDFC Balanced Advantage Fund,Mutual Fund,HDFC Mutual Fund,Lumpsum,Lumpsum,0,263993,263993,369963.31,2025-02-11,Active
INV01362,CUST00744,INV007,NPS Tier I,NPS,HDFC Pension,NPS,Monthly,793,793,10309,11307.91,2025-02-11,Active
INV01363,CUST00745,INV004,HDFC Equity SIP,SIP,HDFC Mutual Fund,SIP,Monthly,4484,4484,71744,71243.66,2026-04-12,Active
INV01364,CUST00745,INV003,HDFC Liquid Fund,Mutual Fund,HDFC Mutual Fund,Lumpsum,Lumpsum,0,64025,64025,72611.22,2026-04-12,Active
INV01365,CUST00747,INV001,HDFC Equity Mutual Fund,Mutual Fund,HDFC Mutual Fund,Lumpsum,Lumpsum,0,53986,53986,77150.88,2023-06-25,Active
INV01366,CUST00748,INV005,HDFC Balanced SIP,SIP,HDFC Mutual Fund,SIP,Monthly,12880,12880,412160,549942.08,2026-03-21,Active
INV01367,CUST00748,INV002,HDFC Balanced Advantage Fund,Mutual Fund,HDFC Mutual Fund,Lumpsum,Lumpsum,0,124804,124804,172886.59,2026-03-21,Active
INV01368,CUST00748,INV007,NPS Tier I,NPS,HDFC Pension,NPS,Monthly,1507,1507,22605,22651.86,2026-03-21,Active
INV01369,CUST00749,INV004,HDFC Equity SIP,SIP,HDFC Mutual Fund,SIP,Monthly,7444,7444,200988,251665.14,2019-10-15,Active
INV01370,CUST00750,INV004,HDFC Equity SIP,SIP,HDFC Mutual Fund,SIP,Monthly,7113,7113,163599,218216.34,2022-11-13,Active
INV01371,CUST00750,INV008,HDFC 3-in-1 Investment Account,Demat,HDFC Securities,Demat Account,One-Time,0,0,0,0,2022-11-13,Active
INV01372,CUST00750,INV009,Equity Trading Account,Stock / Equity,HDFC Securities,Direct Equity,Lumpsum,0,234409,234409,216192.35,2022-11-13,Active
INV01373,CUST00751,INV005,HDFC Balanced SIP,SIP,HDFC Mutual Fund,SIP,Monthly,500,500,2000,2418.97,2023-09-17,Active
INV01374,CUST00751,INV002,HDFC Balanced Advantage Fund,Mutual Fund,HDFC Mutual Fund,Lumpsum,Lumpsum,0,56733,56733,61512.56,2023-09-17,Active
INV01375,CUST00751,INV007,NPS Tier I,NPS,HDFC Pension,NPS,Monthly,3579,3579,118107,118870.4,2023-09-17,Active
INV01376,CUST00752,INV004,HDFC Equity SIP,SIP,HDFC Mutual Fund,SIP,Monthly,15255,15255,106785,130877.64,2021-02-15,Active
INV01377,CUST00752,INV002,HDFC Balanced Advantage Fund,Mutual Fund,HDFC Mutual Fund,Lumpsum,Lumpsum,0,28377,28377,27732.37,2021-02-15,Active
INV01378,CUST00752,INV008,HDFC 3-in-1 Investment Account,Demat,HDFC Securities,Demat Account,One-Time,0,0,0,0,2021-02-15,Active
INV01379,CUST00752,INV009,Equity Trading Account,Stock / Equity,HDFC Securities,Direct Equity,Lumpsum,0,89923,89923,82654.04,2021-02-15,Active
INV01380,CUST00754,INV005,HDFC Balanced SIP,SIP,HDFC Mutual Fund,SIP,Monthly,27014,27014,540280,557392.25,2024-05-30,Active
INV01381,CUST00754,INV002,HDFC Balanced Advantage Fund,Mutual Fund,HDFC Mutual Fund,Lumpsum,Lumpsum,0,117615,117615,113830.11,2024-05-30,Active
INV01382,CUST00756,INV008,HDFC 3-in-1 Investment Account,Demat,HDFC Securities,Demat Account,One-Time,0,0,0,0,2026-01-01,Active
INV01383,CUST00756,INV009,Equity Trading Account,Stock / Equity,HDFC Securities,Direct Equity,Lumpsum,0,15005,15005,16838.87,2026-01-01,Active
INV01384,CUST00758,INV005,HDFC Balanced SIP,SIP,HDFC Mutual Fund,SIP,Monthly,7558,7558,249414,261776.9,2026-06-04,Active
INV01385,CUST00758,INV002,HDFC Balanced Advantage Fund,Mutual Fund,HDFC Mutual Fund,Lumpsum,Lumpsum,0,87564,87564,93432.66,2026-06-04,Active
INV01386,CUST00758,INV008,HDFC 3-in-1 Investment Account,Demat,HDFC Securities,Demat Account,One-Time,0,0,0,0,2026-06-04,Active
INV01387,CUST00758,INV009,Equity Trading Account,Stock / Equity,HDFC Securities,Direct Equity,Lumpsum,0,239759,239759,418377.83,2026-06-04,Active
INV01388,CUST00759,INV003,HDFC Liquid Fund,Mutual Fund,HDFC Mutual Fund,Lumpsum,Lumpsum,0,21354,21354,28494.16,2025-02-12,Active
INV01389,CUST00759,INV007,NPS Tier I,NPS,HDFC Pension,NPS,Monthly,843,843,5058,5373.03,2025-02-12,Active
INV01390,CUST00760,INV004,HDFC Equity SIP,SIP,HDFC Mutual Fund,SIP,Monthly,500,500,7000,6919.88,2023-05-18,Active
INV01391,CUST00761,INV005,HDFC Balanced SIP,SIP,HDFC Mutual Fund,SIP,Monthly,50000,50000,1150000,1250575.24,2023-10-18,Active
INV01392,CUST00761,INV001,HDFC Equity Mutual Fund,Mutual Fund,HDFC Mutual Fund,Lumpsum,Lumpsum,0,215556,215556,285224.23,2023-10-18,Active
INV01393,CUST00761,INV007,NPS Tier I,NPS,HDFC Pension,NPS,Monthly,6540,6540,176580,184737.51,2023-10-18,Active
INV01394,CUST00761,INV008,HDFC 3-in-1 Investment Account,Demat,HDFC Securities,Demat Account,One-Time,0,0,0,0,2023-10-18,Active
INV01395,CUST00761,INV009,Equity Trading Account,Stock / Equity,HDFC Securities,Direct Equity,Lumpsum,0,352930,352930,549527.79,2023-10-18,Active
INV01396,CUST00762,INV007,NPS Tier I,NPS,HDFC Pension,NPS,Monthly,505,505,12120,12696.13,2025-10-05,Active
INV01397,CUST00763,INV004,HDFC Equity SIP,SIP,HDFC Mutual Fund,SIP,Monthly,50000,50000,950000,1112484.42,2022-04-24,Active
INV01398,CUST00763,INV008,HDFC 3-in-1 Investment Account,Demat,HDFC Securities,Demat Account,One-Time,0,0,0,0,2022-04-24,Active
INV01399,CUST00763,INV009,Equity Trading Account,Stock / Equity,HDFC Securities,Direct Equity,Lumpsum,0,230067,230067,284575.64,2022-04-24,Active
INV01400,CUST00764,INV004,HDFC Equity SIP,SIP,HDFC Mutual Fund,SIP,Monthly,41919,41919,544947,714182.75,2025-04-30,Active
INV01401,CUST00764,INV001,HDFC Equity Mutual Fund,Mutual Fund,HDFC Mutual Fund,Lumpsum,Lumpsum,0,145239,145239,155453.83,2025-04-30,Active
INV01402,CUST00764,INV007,NPS Tier I,NPS,HDFC Pension,NPS,Monthly,2569,2569,64225,68645.1,2025-04-30,Active
INV01403,CUST00765,INV008,HDFC 3-in-1 Investment Account,Demat,HDFC Securities,Demat Account,One-Time,0,0,0,0,2026-06-29,Active
INV01404,CUST00765,INV009,Equity Trading Account,Stock / Equity,HDFC Securities,Direct Equity,Lumpsum,0,42324,42324,42669.2,2026-06-29,Active
INV01405,CUST00767,INV004,HDFC Equity SIP,SIP,HDFC Mutual Fund,SIP,Monthly,12428,12428,310700,390365.1,2021-07-31,Active
INV01406,CUST00767,INV007,NPS Tier I,NPS,HDFC Pension,NPS,Monthly,3318,3318,102858,108234.16,2021-07-31,Active
INV01407,CUST00768,INV005,HDFC Balanced SIP,SIP,HDFC Mutual Fund,SIP,Monthly,11249,11249,78743,102324.8,2018-12-29,Active
INV01408,CUST00769,INV003,HDFC Liquid Fund,Mutual Fund,HDFC Mutual Fund,Lumpsum,Lumpsum,0,505426,505426,630969.5,2023-01-09,Active
INV01409,CUST00769,INV008,HDFC 3-in-1 Investment Account,Demat,HDFC Securities,Demat Account,One-Time,0,0,0,0,2023-01-09,Active
INV01410,CUST00769,INV009,Equity Trading Account,Stock / Equity,HDFC Securities,Direct Equity,Lumpsum,0,222211,222211,268128.81,2023-01-09,Active
INV01411,CUST00770,INV005,HDFC Balanced SIP,SIP,HDFC Mutual Fund,SIP,Monthly,2057,2057,6171,6084.85,2024-02-07,Active
INV01412,CUST00770,INV007,NPS Tier I,NPS,HDFC Pension,NPS,Monthly,1771,1771,12397,13641.62,2024-02-07,Active
INV01413,CUST00771,INV003,HDFC Liquid Fund,Mutual Fund,HDFC Mutual Fund,Lumpsum,Lumpsum,0,235384,235384,230427.14,2022-07-21,Active
INV01414,CUST00771,INV007,NPS Tier I,NPS,HDFC Pension,NPS,Monthly,5786,5786,202510,221990.77,2022-07-21,Active
INV01415,CUST00772,INV004,HDFC Equity SIP,SIP,HDFC Mutual Fund,SIP,Monthly,500,500,11500,13938.17,2025-10-21,Active
INV01416,CUST00772,INV002,HDFC Balanced Advantage Fund,Mutual Fund,HDFC Mutual Fund,Lumpsum,Lumpsum,0,63629,63629,61506.56,2025-10-21,Active
INV01417,CUST00772,INV008,HDFC 3-in-1 Investment Account,Demat,HDFC Securities,Demat Account,One-Time,0,0,0,0,2025-10-21,Active
INV01418,CUST00772,INV009,Equity Trading Account,Stock / Equity,HDFC Securities,Direct Equity,Lumpsum,0,36595,36595,57953.57,2025-10-21,Active
INV01419,CUST00773,INV005,HDFC Balanced SIP,SIP,HDFC Mutual Fund,SIP,Monthly,40462,40462,121386,160390.77,2023-10-26,Active
INV01420,CUST00773,INV001,HDFC Equity Mutual Fund,Mutual Fund,HDFC Mutual Fund,Lumpsum,Lumpsum,0,26973,26973,34857.06,2023-10-26,Active
INV01421,CUST00774,INV004,HDFC Equity SIP,SIP,HDFC Mutual Fund,SIP,Monthly,50000,50000,600000,647526.59,2024-12-13,Active
INV01422,CUST00774,INV001,HDFC Equity Mutual Fund,Mutual Fund,HDFC Mutual Fund,Lumpsum,Lumpsum,0,126524,126524,176106.67,2024-12-13,Active
INV01423,CUST00774,INV008,HDFC 3-in-1 Investment Account,Demat,HDFC Securities,Demat Account,One-Time,0,0,0,0,2024-12-13,Active
INV01424,CUST00774,INV009,Equity Trading Account,Stock / Equity,HDFC Securities,Direct Equity,Lumpsum,0,281078,281078,293304.78,2024-12-13,Active
INV01425,CUST00775,INV005,HDFC Balanced SIP,SIP,HDFC Mutual Fund,SIP,Monthly,20076,20076,441672,584185.48,2023-09-14,Active
INV01426,CUST00775,INV003,HDFC Liquid Fund,Mutual Fund,HDFC Mutual Fund,Lumpsum,Lumpsum,0,51290,51290,63663.23,2023-09-14,Active
INV01427,CUST00776,INV004,HDFC Equity SIP,SIP,HDFC Mutual Fund,SIP,Monthly,500,500,13000,13297.42,2018-05-21,Active
INV01428,CUST00776,INV003,HDFC Liquid Fund,Mutual Fund,HDFC Mutual Fund,Lumpsum,Lumpsum,0,255295,255295,357004.01,2018-05-21,Active
INV01429,CUST00777,INV004,HDFC Equity SIP,SIP,HDFC Mutual Fund,SIP,Monthly,24306,24306,170142,216477.42,2024-08-09,Active
INV01430,CUST00777,INV003,HDFC Liquid Fund,Mutual Fund,HDFC Mutual Fund,Lumpsum,Lumpsum,0,168727,168727,201088.74,2024-08-09,Active
INV01431,CUST00778,INV002,HDFC Balanced Advantage Fund,Mutual Fund,HDFC Mutual Fund,Lumpsum,Lumpsum,0,213379,213379,244957.12,2023-02-13,Active
INV01432,CUST00778,INV007,NPS Tier I,NPS,HDFC Pension,NPS,Monthly,3565,3565,92690,101926.34,2023-02-13,Active
INV01433,CUST00781,INV004,HDFC Equity SIP,SIP,HDFC Mutual Fund,SIP,Monthly,50000,50000,1350000,1514377.7,2026-03-21,Active
INV01434,CUST00781,INV003,HDFC Liquid Fund,Mutual Fund,HDFC Mutual Fund,Lumpsum,Lumpsum,0,298954,298954,413692.72,2026-03-21,Active
INV01435,CUST00781,INV007,NPS Tier I,NPS,HDFC Pension,NPS,Monthly,663,663,12597,12677.12,2026-03-21,Active
INV01436,CUST00781,INV008,HDFC 3-in-1 Investment Account,Demat,HDFC Securities,Demat Account,One-Time,0,0,0,0,2026-03-21,Active
INV01437,CUST00781,INV009,Equity Trading Account,Stock / Equity,HDFC Securities,Direct Equity,Lumpsum,0,41411,41411,61399.6,2026-03-21,Active
INV01438,CUST00783,INV005,HDFC Balanced SIP,SIP,HDFC Mutual Fund,SIP,Monthly,11326,11326,101934,106700.24,2025-06-09,Active
INV01439,CUST00785,INV005,HDFC Balanced SIP,SIP,HDFC Mutual Fund,SIP,Monthly,50000,50000,1450000,1581078.54,2024-10-07,Active
INV01440,CUST00785,INV007,NPS Tier I,NPS,HDFC Pension,NPS,Monthly,15502,15502,527068,555232.31,2024-10-07,Active
INV01441,CUST00785,INV008,HDFC 3-in-1 Investment Account,Demat,HDFC Securities,Demat Account,One-Time,0,0,0,0,2024-10-07,Active
INV01442,CUST00785,INV009,Equity Trading Account,Stock / Equity,HDFC Securities,Direct Equity,Lumpsum,0,275852,275852,304976.42,2024-10-07,Active
INV01443,CUST00786,INV001,HDFC Equity Mutual Fund,Mutual Fund,HDFC Mutual Fund,Lumpsum,Lumpsum,0,313093,313093,364063.14,2024-09-22,Active
INV01444,CUST00788,INV004,HDFC Equity SIP,SIP,HDFC Mutual Fund,SIP,Monthly,25222,25222,126110,166569.76,2025-03-27,Active
INV01445,CUST00788,INV001,HDFC Equity Mutual Fund,Mutual Fund,HDFC Mutual Fund,Lumpsum,Lumpsum,0,506604,506604,628517.38,2025-03-27,Active
INV01446,CUST00788,INV008,HDFC 3-in-1 Investment Account,Demat,HDFC Securities,Demat Account,One-Time,0,0,0,0,2025-03-27,Active
INV01447,CUST00788,INV009,Equity Trading Account,Stock / Equity,HDFC Securities,Direct Equity,Lumpsum,0,372346,372346,478535.72,2025-03-27,Active
INV01448,CUST00789,INV004,HDFC Equity SIP,SIP,HDFC Mutual Fund,SIP,Monthly,21056,21056,715904,715394.55,2026-03-19,Active
INV01449,CUST00791,INV005,HDFC Balanced SIP,SIP,HDFC Mutual Fund,SIP,Monthly,17514,17514,560448,565461.13,2018-07-02,Active
INV01450,CUST00791,INV003,HDFC Liquid Fund,Mutual Fund,HDFC Mutual Fund,Lumpsum,Lumpsum,0,90497,90497,109825.94,2018-07-02,Active
INV01451,CUST00792,INV007,NPS Tier I,NPS,HDFC Pension,NPS,Monthly,641,641,17307,17466.61,2024-08-13,Active
INV01452,CUST00792,INV008,HDFC 3-in-1 Investment Account,Demat,HDFC Securities,Demat Account,One-Time,0,0,0,0,2024-08-13,Active
INV01453,CUST00792,INV009,Equity Trading Account,Stock / Equity,HDFC Securities,Direct Equity,Lumpsum,0,72859,72859,95809.03,2024-08-13,Active
INV01454,CUST00795,INV004,HDFC Equity SIP,SIP,HDFC Mutual Fund,SIP,Monthly,3998,3998,11994,13297.52,2018-02-02,Active
INV01455,CUST00795,INV003,HDFC Liquid Fund,Mutual Fund,HDFC Mutual Fund,Lumpsum,Lumpsum,0,64047,64047,66638.2,2018-02-02,Active
INV01456,CUST00795,INV007,NPS Tier I,NPS,HDFC Pension,NPS,Monthly,1843,1843,51604,53115.75,2018-02-02,Active
INV01457,CUST00796,INV004,HDFC Equity SIP,SIP,HDFC Mutual Fund,SIP,Monthly,36256,36256,362560,390987.51,2025-04-24,Active
INV01458,CUST00796,INV002,HDFC Balanced Advantage Fund,Mutual Fund,HDFC Mutual Fund,Lumpsum,Lumpsum,0,246919,246919,357632.38,2025-04-24,Active
INV01459,CUST00797,INV005,HDFC Balanced SIP,SIP,HDFC Mutual Fund,SIP,Monthly,47303,47303,1655605,1852323.4,2023-11-18,Active
INV01460,CUST00797,INV003,HDFC Liquid Fund,Mutual Fund,HDFC Mutual Fund,Lumpsum,Lumpsum,0,116862,116862,124431.31,2023-11-18,Active
INV01461,CUST00798,INV005,HDFC Balanced SIP,SIP,HDFC Mutual Fund,SIP,Monthly,11993,11993,431748,476586.62,2026-07-08,Active
INV01462,CUST00798,INV001,HDFC Equity Mutual Fund,Mutual Fund,HDFC Mutual Fund,Lumpsum,Lumpsum,0,99954,99954,93170.24,2026-07-08,Active
INV01463,CUST00799,INV005,HDFC Balanced SIP,SIP,HDFC Mutual Fund,SIP,Monthly,500,500,7500,8175.41,2024-10-23,Active
INV01464,CUST00799,INV003,HDFC Liquid Fund,Mutual Fund,HDFC Mutual Fund,Lumpsum,Lumpsum,0,64833,64833,61491.08,2024-10-23,Active
INV01465,CUST00800,INV004,HDFC Equity SIP,SIP,HDFC Mutual Fund,SIP,Monthly,3908,3908,31264,31170.66,2025-03-27,Active
INV01466,CUST00801,INV007,NPS Tier I,NPS,HDFC Pension,NPS,Monthly,682,682,24552,27208.41,2025-01-06,Active
INV01467,CUST00802,INV007,NPS Tier I,NPS,HDFC Pension,NPS,Monthly,4087,4087,114436,123369.4,2024-09-24,Active
INV01468,CUST00803,INV005,HDFC Balanced SIP,SIP,HDFC Mutual Fund,SIP,Monthly,50000,50000,1200000,1594461.34,2024-11-12,Active
INV01469,CUST00803,INV008,HDFC 3-in-1 Investment Account,Demat,HDFC Securities,Demat Account,One-Time,0,0,0,0,2024-11-12,Active
INV01470,CUST00803,INV009,Equity Trading Account,Stock / Equity,HDFC Securities,Direct Equity,Lumpsum,0,14080,14080,14235.11,2024-11-12,Active
INV01471,CUST00803,INV011,ETF - Nifty 50,ETF,HDFC Securities,ETF,Lumpsum,0,5494,5494,8163.63,2024-11-12,Active
INV01472,CUST00804,INV004,HDFC Equity SIP,SIP,HDFC Mutual Fund,SIP,Monthly,9690,9690,29070,33942.92,2024-06-03,Active
INV01473,CUST00804,INV003,HDFC Liquid Fund,Mutual Fund,HDFC Mutual Fund,Lumpsum,Lumpsum,0,48817,48817,65357.49,2024-06-03,Active
INV01474,CUST00804,INV007,NPS Tier I,NPS,HDFC Pension,NPS,Monthly,3395,3395,61110,63022.13,2024-06-03,Active
INV01475,CUST00805,INV004,HDFC Equity SIP,SIP,HDFC Mutual Fund,SIP,Monthly,13426,13426,134260,143790.95,2021-05-30,Active
INV01476,CUST00806,INV004,HDFC Equity SIP,SIP,HDFC Mutual Fund,SIP,Monthly,50000,50000,1300000,1431102.86,2018-07-28,Active
INV01477,CUST00806,INV003,HDFC Liquid Fund,Mutual Fund,HDFC Mutual Fund,Lumpsum,Lumpsum,0,312616,312616,318897.88,2018-07-28,Active
INV01478,CUST00807,INV004,HDFC Equity SIP,SIP,HDFC Mutual Fund,SIP,Monthly,500,500,6500,8104.55,2019-04-14,Active
INV01479,CUST00807,INV007,NPS Tier I,NPS,HDFC Pension,NPS,Monthly,2830,2830,67920,73116.26,2019-04-14,Active
INV01480,CUST00808,INV005,HDFC Balanced SIP,SIP,HDFC Mutual Fund,SIP,Monthly,32524,32524,1040768,1383431.49,2025-06-03,Active
INV01481,CUST00808,INV008,HDFC 3-in-1 Investment Account,Demat,HDFC Securities,Demat Account,One-Time,0,0,0,0,2025-06-03,Active
INV01482,CUST00808,INV009,Equity Trading Account,Stock / Equity,HDFC Securities,Direct Equity,Lumpsum,0,263288,263288,190543.06,2025-06-03,Active
INV01483,CUST00808,INV011,ETF - Nifty 50,ETF,HDFC Securities,ETF,Lumpsum,0,58760,58760,56692.53,2025-06-03,Active
INV01484,CUST00808,INV013,Wealth Management Service,Wealth Management,HDFC Bank,Portfolio Management,Managed,0,6753255,6753255,8024703.21,2025-06-03,Active
INV01485,CUST00809,INV004,HDFC Equity SIP,SIP,HDFC Mutual Fund,SIP,Monthly,50000,50000,1100000,1405188.37,2026-06-18,Active
INV01486,CUST00809,INV001,HDFC Equity Mutual Fund,Mutual Fund,HDFC Mutual Fund,Lumpsum,Lumpsum,0,244369,244369,227634.63,2026-06-18,Active
INV01487,CUST00809,INV008,HDFC 3-in-1 Investment Account,Demat,HDFC Securities,Demat Account,One-Time,0,0,0,0,2026-06-18,Active
INV01488,CUST00809,INV009,Equity Trading Account,Stock / Equity,HDFC Securities,Direct Equity,Lumpsum,0,178388,178388,281426.27,2026-06-18,Active
INV01489,CUST00809,INV011,ETF - Nifty 50,ETF,HDFC Securities,ETF,Lumpsum,0,200876,200876,200684.51,2026-06-18,Active
INV01490,CUST00811,INV005,HDFC Balanced SIP,SIP,HDFC Mutual Fund,SIP,Monthly,15266,15266,228990,270537.83,2025-01-07,Active
INV01491,CUST00811,INV007,NPS Tier I,NPS,HDFC Pension,NPS,Monthly,2766,2766,52554,56346.46,2025-01-07,Active
INV01492,CUST00812,INV002,HDFC Balanced Advantage Fund,Mutual Fund,HDFC Mutual Fund,Lumpsum,Lumpsum,0,92619,92619,116451.8,2022-10-13,Active
INV01493,CUST00813,INV005,HDFC Balanced SIP,SIP,HDFC Mutual Fund,SIP,Monthly,29432,29432,794664,987576.09,2025-09-02,Active
INV01494,CUST00813,INV002,HDFC Balanced Advantage Fund,Mutual Fund,HDFC Mutual Fund,Lumpsum,Lumpsum,0,56704,56704,68586.65,2025-09-02,Active
INV01495,CUST00815,INV002,HDFC Balanced Advantage Fund,Mutual Fund,HDFC Mutual Fund,Lumpsum,Lumpsum,0,121386,121386,140454.42,2022-12-20,Active
INV01496,CUST00815,INV007,NPS Tier I,NPS,HDFC Pension,NPS,Monthly,4593,4593,133197,136646.47,2022-12-20,Active
INV01497,CUST00816,INV005,HDFC Balanced SIP,SIP,HDFC Mutual Fund,SIP,Monthly,13019,13019,286418,339423.35,2025-04-25,Active
INV01498,CUST00818,INV005,HDFC Balanced SIP,SIP,HDFC Mutual Fund,SIP,Monthly,500,500,7000,7656.65,2024-09-03,Active
INV01499,CUST00818,INV003,HDFC Liquid Fund,Mutual Fund,HDFC Mutual Fund,Lumpsum,Lumpsum,0,195876,195876,223464.63,2024-09-03,Active
INV01500,CUST00818,INV008,HDFC 3-in-1 Investment Account,Demat,HDFC Securities,Demat Account,One-Time,0,0,0,0,2024-09-03,Active
INV01501,CUST00818,INV009,Equity Trading Account,Stock / Equity,HDFC Securities,Direct Equity,Lumpsum,0,230841,230841,210926.58,2024-09-03,Active
INV01502,CUST00820,INV005,HDFC Balanced SIP,SIP,HDFC Mutual Fund,SIP,Monthly,50000,50000,850000,969668.56,2023-05-04,Active
INV01503,CUST00820,INV001,HDFC Equity Mutual Fund,Mutual Fund,HDFC Mutual Fund,Lumpsum,Lumpsum,0,77495,77495,92524.42,2023-05-04,Active
INV01504,CUST00820,INV007,NPS Tier I,NPS,HDFC Pension,NPS,Monthly,3701,3701,118432,124654.81,2023-05-04,Active
INV01505,CUST00821,INV007,NPS Tier I,NPS,HDFC Pension,NPS,Monthly,1016,1016,17272,18103.92,2025-10-21,Active
INV01506,CUST00822,INV004,HDFC Equity SIP,SIP,HDFC Mutual Fund,SIP,Monthly,932,932,16776,20693.52,2025-11-16,Active
INV01507,CUST00822,INV001,HDFC Equity Mutual Fund,Mutual Fund,HDFC Mutual Fund,Lumpsum,Lumpsum,0,29895,29895,27844.58,2025-11-16,Active
INV01508,CUST00823,INV005,HDFC Balanced SIP,SIP,HDFC Mutual Fund,SIP,Monthly,500,500,13500,17908.51,2022-12-12,Active
INV01509,CUST00824,INV004,HDFC Equity SIP,SIP,HDFC Mutual Fund,SIP,Monthly,12533,12533,438655,517418.4,2019-10-03,Active
INV01510,CUST00824,INV002,HDFC Balanced Advantage Fund,Mutual Fund,HDFC Mutual Fund,Lumpsum,Lumpsum,0,50076,50076,48656.99,2019-10-03,Active
INV01511,CUST00825,INV004,HDFC Equity SIP,SIP,HDFC Mutual Fund,SIP,Monthly,50000,50000,1750000,1870186.73,2018-06-29,Active
INV01512,CUST00825,INV008,HDFC 3-in-1 Investment Account,Demat,HDFC Securities,Demat Account,One-Time,0,0,0,0,2018-06-29,Active
INV01513,CUST00825,INV009,Equity Trading Account,Stock / Equity,HDFC Securities,Direct Equity,Lumpsum,0,285543,285543,475497.69,2018-06-29,Active
INV01514,CUST00826,INV005,HDFC Balanced SIP,SIP,HDFC Mutual Fund,SIP,Monthly,9087,9087,181740,234967.03,2024-09-18,Active
INV01515,CUST00826,INV003,HDFC Liquid Fund,Mutual Fund,HDFC Mutual Fund,Lumpsum,Lumpsum,0,266162,266162,253690.96,2024-09-18,Active
INV01516,CUST00826,INV007,NPS Tier I,NPS,HDFC Pension,NPS,Monthly,8675,8675,294950,314475.41,2024-09-18,Active
INV01517,CUST00827,INV007,NPS Tier I,NPS,HDFC Pension,NPS,Monthly,6057,6057,102969,103788.54,2022-02-08,Active
INV01518,CUST00828,INV005,HDFC Balanced SIP,SIP,HDFC Mutual Fund,SIP,Monthly,19155,19155,612960,716693.88,2021-11-15,Active
INV01519,CUST00828,INV001,HDFC Equity Mutual Fund,Mutual Fund,HDFC Mutual Fund,Lumpsum,Lumpsum,0,53981,53981,64495.86,2021-11-15,Active
INV01520,CUST00830,INV005,HDFC Balanced SIP,SIP,HDFC Mutual Fund,SIP,Monthly,9706,9706,310592,331229.37,2022-05-11,Active
INV01521,CUST00830,INV001,HDFC Equity Mutual Fund,Mutual Fund,HDFC Mutual Fund,Lumpsum,Lumpsum,0,72000,72000,69791.6,2022-05-11,Active
INV01522,CUST00832,INV002,HDFC Balanced Advantage Fund,Mutual Fund,HDFC Mutual Fund,Lumpsum,Lumpsum,0,652763,652763,637525.17,2024-09-09,Active
INV01523,CUST00832,INV007,NPS Tier I,NPS,HDFC Pension,NPS,Monthly,15980,15980,511360,561711.87,2024-09-09,Active
INV01524,CUST00832,INV008,HDFC 3-in-1 Investment Account,Demat,HDFC Securities,Demat Account,One-Time,0,0,0,0,2024-09-09,Active
INV01525,CUST00832,INV009,Equity Trading Account,Stock / Equity,HDFC Securities,Direct Equity,Lumpsum,0,303728,303728,375550.09,2024-09-09,Active
INV01526,CUST00834,INV004,HDFC Equity SIP,SIP,HDFC Mutual Fund,SIP,Monthly,500,500,5500,7414.06,2024-09-28,Active
INV01527,CUST00834,INV003,HDFC Liquid Fund,Mutual Fund,HDFC Mutual Fund,Lumpsum,Lumpsum,0,7337,7337,7536.05,2024-09-28,Active
INV01528,CUST00835,INV002,HDFC Balanced Advantage Fund,Mutual Fund,HDFC Mutual Fund,Lumpsum,Lumpsum,0,125946,125946,137157.14,2022-05-14,Active
INV01529,CUST00835,INV008,HDFC 3-in-1 Investment Account,Demat,HDFC Securities,Demat Account,One-Time,0,0,0,0,2022-05-14,Active
INV01530,CUST00835,INV009,Equity Trading Account,Stock / Equity,HDFC Securities,Direct Equity,Lumpsum,0,53969,53969,78692.67,2022-05-14,Active
INV01531,CUST00836,INV004,HDFC Equity SIP,SIP,HDFC Mutual Fund,SIP,Monthly,500,500,12500,13180.18,2022-09-04,Active
INV01532,CUST00836,INV002,HDFC Balanced Advantage Fund,Mutual Fund,HDFC Mutual Fund,Lumpsum,Lumpsum,0,292284,292284,357109.11,2022-09-04,Active
INV01533,CUST00837,INV005,HDFC Balanced SIP,SIP,HDFC Mutual Fund,SIP,Monthly,3888,3888,93312,111657.57,2025-11-25,Active
INV01534,CUST00837,INV008,HDFC 3-in-1 Investment Account,Demat,HDFC Securities,Demat Account,One-Time,0,0,0,0,2025-11-25,Active
INV01535,CUST00837,INV009,Equity Trading Account,Stock / Equity,HDFC Securities,Direct Equity,Lumpsum,0,53266,53266,61885.09,2025-11-25,Active
INV01536,CUST00838,INV007,NPS Tier I,NPS,HDFC Pension,NPS,Monthly,2364,2364,33096,36465.65,2026-07-16,Active
INV01537,CUST00839,INV005,HDFC Balanced SIP,SIP,HDFC Mutual Fund,SIP,Monthly,5289,5289,148092,154878.46,2023-03-22,Active
INV01538,CUST00841,INV001,HDFC Equity Mutual Fund,Mutual Fund,HDFC Mutual Fund,Lumpsum,Lumpsum,0,121112,121112,162943.15,2026-04-03,Active
INV01539,CUST00841,INV007,NPS Tier I,NPS,HDFC Pension,NPS,Monthly,1962,1962,68670,75786.42,2026-04-03,Active
INV01540,CUST00842,INV004,HDFC Equity SIP,SIP,HDFC Mutual Fund,SIP,Monthly,34030,34030,918810,1139854.67,2025-03-04,Active
INV01541,CUST00842,INV001,HDFC Equity Mutual Fund,Mutual Fund,HDFC Mutual Fund,Lumpsum,Lumpsum,0,417961,417961,494135.82,2025-03-04,Active
INV01542,CUST00842,INV008,HDFC 3-in-1 Investment Account,Demat,HDFC Securities,Demat Account,One-Time,0,0,0,0,2025-03-04,Active
INV01543,CUST00842,INV009,Equity Trading Account,Stock / Equity,HDFC Securities,Direct Equity,Lumpsum,0,193155,193155,253244.68,2025-03-04,Active
INV01544,CUST00843,INV004,HDFC Equity SIP,SIP,HDFC Mutual Fund,SIP,Monthly,15000,15000,465000,517783.44,2025-11-04,Active
INV01545,CUST00843,INV002,HDFC Balanced Advantage Fund,Mutual Fund,HDFC Mutual Fund,Lumpsum,Lumpsum,0,39547,39547,57058.6,2025-11-04,Active
INV01546,CUST00843,INV008,HDFC 3-in-1 Investment Account,Demat,HDFC Securities,Demat Account,One-Time,0,0,0,0,2025-11-04,Active
INV01547,CUST00843,INV009,Equity Trading Account,Stock / Equity,HDFC Securities,Direct Equity,Lumpsum,0,116385,116385,172327.47,2025-11-04,Active
INV01548,CUST00843,INV011,ETF - Nifty 50,ETF,HDFC Securities,ETF,Lumpsum,0,7210,7210,7722.17,2025-11-04,Active
INV01549,CUST00846,INV004,HDFC Equity SIP,SIP,HDFC Mutual Fund,SIP,Monthly,500,500,5000,5659.08,2020-10-09,Active
INV01550,CUST00847,INV005,HDFC Balanced SIP,SIP,HDFC Mutual Fund,SIP,Monthly,14128,14128,494480,563860.62,2025-11-17,Active
INV01551,CUST00847,INV002,HDFC Balanced Advantage Fund,Mutual Fund,HDFC Mutual Fund,Lumpsum,Lumpsum,0,78760,78760,87794.78,2025-11-17,Active
INV01552,CUST00847,INV008,HDFC 3-in-1 Investment Account,Demat,HDFC Securities,Demat Account,One-Time,0,0,0,0,2025-11-17,Active
INV01553,CUST00847,INV009,Equity Trading Account,Stock / Equity,HDFC Securities,Direct Equity,Lumpsum,0,322105,322105,390670.31,2025-11-17,Active
INV01554,CUST00848,INV005,HDFC Balanced SIP,SIP,HDFC Mutual Fund,SIP,Monthly,500,500,14500,15637.3,2026-05-11,Active
INV01555,CUST00848,INV003,HDFC Liquid Fund,Mutual Fund,HDFC Mutual Fund,Lumpsum,Lumpsum,0,30850,30850,32792.01,2026-05-11,Active
INV01556,CUST00850,INV004,HDFC Equity SIP,SIP,HDFC Mutual Fund,SIP,Monthly,13296,13296,319104,328596.64,2024-10-10,Active
INV01557,CUST00850,INV007,NPS Tier I,NPS,HDFC Pension,NPS,Monthly,538,538,9684,10300.04,2024-10-10,Active
INV01558,CUST00851,INV005,HDFC Balanced SIP,SIP,HDFC Mutual Fund,SIP,Monthly,28878,28878,981852,1225557.54,2026-04-21,Active
INV01559,CUST00851,INV001,HDFC Equity Mutual Fund,Mutual Fund,HDFC Mutual Fund,Lumpsum,Lumpsum,0,134848,134848,181942.85,2026-04-21,Active
INV01560,CUST00851,INV007,NPS Tier I,NPS,HDFC Pension,NPS,Monthly,5768,5768,46144,47336.5,2026-04-21,Active
INV01561,CUST00852,INV004,HDFC Equity SIP,SIP,HDFC Mutual Fund,SIP,Monthly,18882,18882,283230,338615.37,2025-11-22,Active
INV01562,CUST00852,INV001,HDFC Equity Mutual Fund,Mutual Fund,HDFC Mutual Fund,Lumpsum,Lumpsum,0,40663,40663,48035.44,2025-11-22,Active
INV01563,CUST00854,INV007,NPS Tier I,NPS,HDFC Pension,NPS,Monthly,905,905,11765,12468.45,2020-05-31,Active
INV01564,CUST00854,INV008,HDFC 3-in-1 Investment Account,Demat,HDFC Securities,Demat Account,One-Time,0,0,0,0,2020-05-31,Active
INV01565,CUST00854,INV009,Equity Trading Account,Stock / Equity,HDFC Securities,Direct Equity,Lumpsum,0,24392,24392,21583.75,2020-05-31,Active
INV01566,CUST00855,INV004,HDFC Equity SIP,SIP,HDFC Mutual Fund,SIP,Monthly,38919,38919,505947,607063.26,2024-07-04,Active
INV01567,CUST00856,INV005,HDFC Balanced SIP,SIP,HDFC Mutual Fund,SIP,Monthly,2847,2847,93951,97259.68,2026-06-06,Active
INV01568,CUST00857,INV001,HDFC Equity Mutual Fund,Mutual Fund,HDFC Mutual Fund,Lumpsum,Lumpsum,0,77018,77018,91786.85,2024-07-29,Active
INV01569,CUST00857,INV008,HDFC 3-in-1 Investment Account,Demat,HDFC Securities,Demat Account,One-Time,0,0,0,0,2024-07-29,Active
INV01570,CUST00857,INV009,Equity Trading Account,Stock / Equity,HDFC Securities,Direct Equity,Lumpsum,0,172420,172420,162490.55,2024-07-29,Active
INV01571,CUST00858,INV005,HDFC Balanced SIP,SIP,HDFC Mutual Fund,SIP,Monthly,6553,6553,111401,149118.73,2020-03-19,Active
INV01572,CUST00858,INV001,HDFC Equity Mutual Fund,Mutual Fund,HDFC Mutual Fund,Lumpsum,Lumpsum,0,33077,33077,45594.83,2020-03-19,Active
INV01573,CUST00859,INV005,HDFC Balanced SIP,SIP,HDFC Mutual Fund,SIP,Monthly,14301,14301,243117,238320.64,2025-08-09,Active
INV01574,CUST00859,INV003,HDFC Liquid Fund,Mutual Fund,HDFC Mutual Fund,Lumpsum,Lumpsum,0,168179,168179,241333.69,2025-08-09,Active
INV01575,CUST00861,INV005,HDFC Balanced SIP,SIP,HDFC Mutual Fund,SIP,Monthly,3125,3125,9375,12056.72,2019-03-18,Active
INV01576,CUST00861,INV003,HDFC Liquid Fund,Mutual Fund,HDFC Mutual Fund,Lumpsum,Lumpsum,0,165456,165456,227531.58,2019-03-18,Active
INV01577,CUST00864,INV003,HDFC Liquid Fund,Mutual Fund,HDFC Mutual Fund,Lumpsum,Lumpsum,0,37453,37453,52847.89,2025-10-03,Active
INV01578,CUST00864,INV007,NPS Tier I,NPS,HDFC Pension,NPS,Monthly,5829,5829,58290,64170.71,2025-10-03,Active
INV01579,CUST00865,INV002,HDFC Balanced Advantage Fund,Mutual Fund,HDFC Mutual Fund,Lumpsum,Lumpsum,0,19159,19159,24046.69,2026-02-18,Active
INV01580,CUST00865,INV007,NPS Tier I,NPS,HDFC Pension,NPS,Monthly,1008,1008,21168,21823.57,2026-02-18,Active
INV01581,CUST00867,INV004,HDFC Equity SIP,SIP,HDFC Mutual Fund,SIP,Monthly,44670,44670,1608120,1621970.63,2019-10-17,Active
INV01582,CUST00867,INV003,HDFC Liquid Fund,Mutual Fund,HDFC Mutual Fund,Lumpsum,Lumpsum,0,143395,143395,145060.83,2019-10-17,Active
INV01583,CUST00868,INV004,HDFC Equity SIP,SIP,HDFC Mutual Fund,SIP,Monthly,2164,2164,58428,61580.39,2025-12-05,Active
INV01584,CUST00869,INV007,NPS Tier I,NPS,HDFC Pension,NPS,Monthly,500,500,7000,7766.31,2026-07-09,Active
INV01585,CUST00870,INV001,HDFC Equity Mutual Fund,Mutual Fund,HDFC Mutual Fund,Lumpsum,Lumpsum,0,238663,238663,250748.43,2023-06-05,Active
INV01586,CUST00870,INV007,NPS Tier I,NPS,HDFC Pension,NPS,Monthly,6981,6981,132639,145806.83,2023-06-05,Active
INV01587,CUST00870,INV008,HDFC 3-in-1 Investment Account,Demat,HDFC Securities,Demat Account,One-Time,0,0,0,0,2023-06-05,Active
INV01588,CUST00870,INV009,Equity Trading Account,Stock / Equity,HDFC Securities,Direct Equity,Lumpsum,0,33742,33742,39741.5,2023-06-05,Active
INV01589,CUST00871,INV004,HDFC Equity SIP,SIP,HDFC Mutual Fund,SIP,Monthly,500,500,1500,1793.06,2015-08-23,Active
INV01590,CUST00871,INV002,HDFC Balanced Advantage Fund,Mutual Fund,HDFC Mutual Fund,Lumpsum,Lumpsum,0,45977,45977,64491.89,2015-08-23,Active
INV01591,CUST00871,INV008,HDFC 3-in-1 Investment Account,Demat,HDFC Securities,Demat Account,One-Time,0,0,0,0,2015-08-23,Active
INV01592,CUST00871,INV009,Equity Trading Account,Stock / Equity,HDFC Securities,Direct Equity,Lumpsum,0,61816,61816,60163.01,2015-08-23,Active
INV01593,CUST00872,INV004,HDFC Equity SIP,SIP,HDFC Mutual Fund,SIP,Monthly,7440,7440,29760,36533.62,2022-04-01,Active
INV01594,CUST00873,INV004,HDFC Equity SIP,SIP,HDFC Mutual Fund,SIP,Monthly,6065,6065,188015,227420.98,2023-10-27,Active
INV01595,CUST00874,INV002,HDFC Balanced Advantage Fund,Mutual Fund,HDFC Mutual Fund,Lumpsum,Lumpsum,0,15225,15225,20613.0,2025-07-21,Active
INV01596,CUST00875,INV007,NPS Tier I,NPS,HDFC Pension,NPS,Monthly,1984,1984,65472,73193.25,2023-09-19,Active
INV01597,CUST00876,INV004,HDFC Equity SIP,SIP,HDFC Mutual Fund,SIP,Monthly,500,500,10500,12511.85,2026-02-28,Active
INV01598,CUST00876,INV003,HDFC Liquid Fund,Mutual Fund,HDFC Mutual Fund,Lumpsum,Lumpsum,0,64134,64134,73094.53,2026-02-28,Active
INV01599,CUST00877,INV005,HDFC Balanced SIP,SIP,HDFC Mutual Fund,SIP,Monthly,28397,28397,738322,965054.33,2025-04-13,Active
INV01600,CUST00877,INV001,HDFC Equity Mutual Fund,Mutual Fund,HDFC Mutual Fund,Lumpsum,Lumpsum,0,31306,31306,42042.83,2025-04-13,Active
INV01601,CUST00878,INV005,HDFC Balanced SIP,SIP,HDFC Mutual Fund,SIP,Monthly,500,500,5000,6025.59,2024-11-21,Active
INV01602,CUST00878,INV007,NPS Tier I,NPS,HDFC Pension,NPS,Monthly,1852,1852,44448,44676.44,2024-11-21,Active
INV01603,CUST00878,INV008,HDFC 3-in-1 Investment Account,Demat,HDFC Securities,Demat Account,One-Time,0,0,0,0,2024-11-21,Active
INV01604,CUST00878,INV009,Equity Trading Account,Stock / Equity,HDFC Securities,Direct Equity,Lumpsum,0,70206,70206,91341.32,2024-11-21,Active
INV01605,CUST00879,INV005,HDFC Balanced SIP,SIP,HDFC Mutual Fund,SIP,Monthly,5779,5779,104022,114478.16,2023-10-10,Active
INV01606,CUST00879,INV002,HDFC Balanced Advantage Fund,Mutual Fund,HDFC Mutual Fund,Lumpsum,Lumpsum,0,76675,76675,108271.94,2023-10-10,Active
INV01607,CUST00882,INV005,HDFC Balanced SIP,SIP,HDFC Mutual Fund,SIP,Monthly,3674,3674,36740,36087.98,2023-05-06,Active
INV01608,CUST00883,INV005,HDFC Balanced SIP,SIP,HDFC Mutual Fund,SIP,Monthly,500,500,10500,10980.37,2024-01-06,Active
INV01609,CUST00883,INV001,HDFC Equity Mutual Fund,Mutual Fund,HDFC Mutual Fund,Lumpsum,Lumpsum,0,44458,44458,49519.44,2024-01-06,Active
INV01610,CUST00884,INV008,HDFC 3-in-1 Investment Account,Demat,HDFC Securities,Demat Account,One-Time,0,0,0,0,2021-03-22,Active
INV01611,CUST00884,INV009,Equity Trading Account,Stock / Equity,HDFC Securities,Direct Equity,Lumpsum,0,24249,24249,30678.18,2021-03-22,Active
INV01612,CUST00885,INV004,HDFC Equity SIP,SIP,HDFC Mutual Fund,SIP,Monthly,50000,50000,1600000,1901293.7,2022-06-02,Active
INV01613,CUST00885,INV007,NPS Tier I,NPS,HDFC Pension,NPS,Monthly,3921,3921,121551,122747.93,2022-06-02,Active
INV01614,CUST00885,INV008,HDFC 3-in-1 Investment Account,Demat,HDFC Securities,Demat Account,One-Time,0,0,0,0,2022-06-02,Active
INV01615,CUST00885,INV009,Equity Trading Account,Stock / Equity,HDFC Securities,Direct Equity,Lumpsum,0,130064,130064,232787.41,2022-06-02,Active
INV01616,CUST00886,INV005,HDFC Balanced SIP,SIP,HDFC Mutual Fund,SIP,Monthly,500,500,8000,10301.4,2025-06-28,Active
INV01617,CUST00887,INV004,HDFC Equity SIP,SIP,HDFC Mutual Fund,SIP,Monthly,28666,28666,200662,240515.56,2025-06-15,Active
INV01618,CUST00887,INV008,HDFC 3-in-1 Investment Account,Demat,HDFC Securities,Demat Account,One-Time,0,0,0,0,2025-06-15,Active
INV01619,CUST00887,INV009,Equity Trading Account,Stock / Equity,HDFC Securities,Direct Equity,Lumpsum,0,230500,230500,391078.35,2025-06-15,Active
INV01620,CUST00889,INV004,HDFC Equity SIP,SIP,HDFC Mutual Fund,SIP,Monthly,1747,1747,33193,42302.59,2023-06-13,Active
INV01621,CUST00889,INV003,HDFC Liquid Fund,Mutual Fund,HDFC Mutual Fund,Lumpsum,Lumpsum,0,9700,9700,9224.99,2023-06-13,Active
INV01622,CUST00890,INV001,HDFC Equity Mutual Fund,Mutual Fund,HDFC Mutual Fund,Lumpsum,Lumpsum,0,35871,35871,45136.19,2017-11-25,Active
INV01623,CUST00890,INV007,NPS Tier I,NPS,HDFC Pension,NPS,Monthly,1172,1172,21096,21870.01,2017-11-25,Active
INV01624,CUST00891,INV005,HDFC Balanced SIP,SIP,HDFC Mutual Fund,SIP,Monthly,22281,22281,445620,554737.71,2020-11-05,Active
INV01625,CUST00891,INV002,HDFC Balanced Advantage Fund,Mutual Fund,HDFC Mutual Fund,Lumpsum,Lumpsum,0,210045,210045,237833.3,2020-11-05,Active
INV01626,CUST00891,INV007,NPS Tier I,NPS,HDFC Pension,NPS,Monthly,11094,11094,88752,95044.28,2020-11-05,Active
INV01627,CUST00891,INV008,HDFC 3-in-1 Investment Account,Demat,HDFC Securities,Demat Account,One-Time,0,0,0,0,2020-11-05,Active
INV01628,CUST00891,INV009,Equity Trading Account,Stock / Equity,HDFC Securities,Direct Equity,Lumpsum,0,233477,233477,176353.77,2020-11-05,Active
INV01629,CUST00892,INV005,HDFC Balanced SIP,SIP,HDFC Mutual Fund,SIP,Monthly,31885,31885,637700,857702.65,2024-06-23,Active
INV01630,CUST00892,INV001,HDFC Equity Mutual Fund,Mutual Fund,HDFC Mutual Fund,Lumpsum,Lumpsum,0,379404,379404,451262.18,2024-06-23,Active
INV01631,CUST00892,INV008,HDFC 3-in-1 Investment Account,Demat,HDFC Securities,Demat Account,One-Time,0,0,0,0,2024-06-23,Active
INV01632,CUST00892,INV009,Equity Trading Account,Stock / Equity,HDFC Securities,Direct Equity,Lumpsum,0,75707,75707,75232.05,2024-06-23,Active
INV01633,CUST00894,INV005,HDFC Balanced SIP,SIP,HDFC Mutual Fund,SIP,Monthly,1605,1605,19260,24445.07,2025-02-20,Active
INV01634,CUST00895,INV004,HDFC Equity SIP,SIP,HDFC Mutual Fund,SIP,Monthly,27879,27879,195153,213124.4,2021-12-07,Active
INV01635,CUST00895,INV002,HDFC Balanced Advantage Fund,Mutual Fund,HDFC Mutual Fund,Lumpsum,Lumpsum,0,125048,125048,142569.89,2021-12-07,Active
INV01636,CUST00895,INV008,HDFC 3-in-1 Investment Account,Demat,HDFC Securities,Demat Account,One-Time,0,0,0,0,2021-12-07,Active
INV01637,CUST00895,INV009,Equity Trading Account,Stock / Equity,HDFC Securities,Direct Equity,Lumpsum,0,176527,176527,194945.34,2021-12-07,Active
INV01638,CUST00896,INV004,HDFC Equity SIP,SIP,HDFC Mutual Fund,SIP,Monthly,500,500,17000,19595.98,2025-10-10,Active
INV01639,CUST00896,INV002,HDFC Balanced Advantage Fund,Mutual Fund,HDFC Mutual Fund,Lumpsum,Lumpsum,0,102769,102769,114254.76,2025-10-10,Active
INV01640,CUST00896,INV008,HDFC 3-in-1 Investment Account,Demat,HDFC Securities,Demat Account,One-Time,0,0,0,0,2025-10-10,Active
INV01641,CUST00896,INV009,Equity Trading Account,Stock / Equity,HDFC Securities,Direct Equity,Lumpsum,0,82484,82484,147986.71,2025-10-10,Active
INV01642,CUST00896,INV011,ETF - Nifty 50,ETF,HDFC Securities,ETF,Lumpsum,0,184249,184249,197215.79,2025-10-10,Active
INV01643,CUST00897,INV005,HDFC Balanced SIP,SIP,HDFC Mutual Fund,SIP,Monthly,14226,14226,412554,488820.28,2024-09-28,Active
INV01644,CUST00898,INV005,HDFC Balanced SIP,SIP,HDFC Mutual Fund,SIP,Monthly,500,500,9000,10903.97,2025-09-23,Active
INV01645,CUST00898,INV002,HDFC Balanced Advantage Fund,Mutual Fund,HDFC Mutual Fund,Lumpsum,Lumpsum,0,35874,35874,41172.57,2025-09-23,Active
INV01646,CUST00899,INV005,HDFC Balanced SIP,SIP,HDFC Mutual Fund,SIP,Monthly,31544,31544,315440,352040.33,2026-06-27,Active
INV01647,CUST00900,INV002,HDFC Balanced Advantage Fund,Mutual Fund,HDFC Mutual Fund,Lumpsum,Lumpsum,0,59629,59629,70921.58,2024-12-25,Active
INV01648,CUST00900,INV007,NPS Tier I,NPS,HDFC Pension,NPS,Monthly,4060,4060,24360,27147.32,2024-12-25,Active
INV01649,CUST00900,INV008,HDFC 3-in-1 Investment Account,Demat,HDFC Securities,Demat Account,One-Time,0,0,0,0,2024-12-25,Active
INV01650,CUST00900,INV009,Equity Trading Account,Stock / Equity,HDFC Securities,Direct Equity,Lumpsum,0,26679,26679,41444.89,2024-12-25,Active
INV01651,CUST00901,INV007,NPS Tier I,NPS,HDFC Pension,NPS,Monthly,5247,5247,120681,129144.41,2025-11-24,Active
INV01652,CUST00901,INV008,HDFC 3-in-1 Investment Account,Demat,HDFC Securities,Demat Account,One-Time,0,0,0,0,2025-11-24,Active
INV01653,CUST00901,INV009,Equity Trading Account,Stock / Equity,HDFC Securities,Direct Equity,Lumpsum,0,65437,65437,84819.59,2025-11-24,Active
INV01654,CUST00902,INV005,HDFC Balanced SIP,SIP,HDFC Mutual Fund,SIP,Monthly,5401,5401,75614,80302.99,2025-05-14,Active
INV01655,CUST00903,INV005,HDFC Balanced SIP,SIP,HDFC Mutual Fund,SIP,Monthly,12132,12132,303300,357996.9,2020-07-22,Active
INV01656,CUST00903,INV003,HDFC Liquid Fund,Mutual Fund,HDFC Mutual Fund,Lumpsum,Lumpsum,0,30738,30738,40238.83,2020-07-22,Active
INV01657,CUST00904,INV001,HDFC Equity Mutual Fund,Mutual Fund,HDFC Mutual Fund,Lumpsum,Lumpsum,0,57378,57378,72231.04,2025-09-17,Active
INV01658,CUST00904,INV007,NPS Tier I,NPS,HDFC Pension,NPS,Monthly,8975,8975,233350,256174.13,2025-09-17,Active
INV01659,CUST00904,INV008,HDFC 3-in-1 Investment Account,Demat,HDFC Securities,Demat Account,One-Time,0,0,0,0,2025-09-17,Active
INV01660,CUST00904,INV009,Equity Trading Account,Stock / Equity,HDFC Securities,Direct Equity,Lumpsum,0,34699,34699,29765.84,2025-09-17,Active
INV01661,CUST00905,INV005,HDFC Balanced SIP,SIP,HDFC Mutual Fund,SIP,Monthly,13905,13905,403245,444528.27,2023-08-24,Active
INV01662,CUST00905,INV007,NPS Tier I,NPS,HDFC Pension,NPS,Monthly,1355,1355,33875,34883.64,2023-08-24,Active
INV01663,CUST00906,INV005,HDFC Balanced SIP,SIP,HDFC Mutual Fund,SIP,Monthly,29837,29837,208859,242930.51,2025-09-20,Active
INV01664,CUST00907,INV005,HDFC Balanced SIP,SIP,HDFC Mutual Fund,SIP,Monthly,5472,5472,147744,152484.38,2025-02-21,Active
INV01665,CUST00907,INV001,HDFC Equity Mutual Fund,Mutual Fund,HDFC Mutual Fund,Lumpsum,Lumpsum,0,108926,108926,118248.9,2025-02-21,Active
INV01666,CUST00907,INV007,NPS Tier I,NPS,HDFC Pension,NPS,Monthly,2706,2706,89298,94373.81,2025-02-21,Active
INV01667,CUST00908,INV004,HDFC Equity SIP,SIP,HDFC Mutual Fund,SIP,Monthly,500,500,7000,8838.99,2025-02-06,Active
INV01668,CUST00909,INV005,HDFC Balanced SIP,SIP,HDFC Mutual Fund,SIP,Monthly,9097,9097,272910,314448.99,2017-10-25,Active
INV01669,CUST00909,INV003,HDFC Liquid Fund,Mutual Fund,HDFC Mutual Fund,Lumpsum,Lumpsum,0,55408,55408,51637.85,2017-10-25,Active
INV01670,CUST00910,INV005,HDFC Balanced SIP,SIP,HDFC Mutual Fund,SIP,Monthly,17289,17289,605115,622230.9,2026-06-09,Active
INV01671,CUST00910,INV007,NPS Tier I,NPS,HDFC Pension,NPS,Monthly,1687,1687,35427,35573.15,2026-06-09,Active
INV01672,CUST00912,INV008,HDFC 3-in-1 Investment Account,Demat,HDFC Securities,Demat Account,One-Time,0,0,0,0,2020-08-09,Active
INV01673,CUST00912,INV009,Equity Trading Account,Stock / Equity,HDFC Securities,Direct Equity,Lumpsum,0,103453,103453,142077.21,2020-08-09,Active
INV01674,CUST00913,INV003,HDFC Liquid Fund,Mutual Fund,HDFC Mutual Fund,Lumpsum,Lumpsum,0,27355,27355,36008.05,2021-07-16,Active
INV01675,CUST00914,INV005,HDFC Balanced SIP,SIP,HDFC Mutual Fund,SIP,Monthly,896,896,19712,25256.74,2024-01-16,Active
INV01676,CUST00914,INV002,HDFC Balanced Advantage Fund,Mutual Fund,HDFC Mutual Fund,Lumpsum,Lumpsum,0,6280,6280,7856.55,2024-01-16,Active
INV01677,CUST00914,INV007,NPS Tier I,NPS,HDFC Pension,NPS,Monthly,4690,4690,126630,133786.45,2024-01-16,Active
INV01678,CUST00915,INV005,HDFC Balanced SIP,SIP,HDFC Mutual Fund,SIP,Monthly,50000,50000,1550000,1812201.53,2022-12-28,Active
INV01679,CUST00915,INV003,HDFC Liquid Fund,Mutual Fund,HDFC Mutual Fund,Lumpsum,Lumpsum,0,415248,415248,424808.17,2022-12-28,Active
INV01680,CUST00915,INV008,HDFC 3-in-1 Investment Account,Demat,HDFC Securities,Demat Account,One-Time,0,0,0,0,2022-12-28,Active
INV01681,CUST00915,INV009,Equity Trading Account,Stock / Equity,HDFC Securities,Direct Equity,Lumpsum,0,122794,122794,179899.31,2022-12-28,Active
INV01682,CUST00916,INV004,HDFC Equity SIP,SIP,HDFC Mutual Fund,SIP,Monthly,28724,28724,373412,368636.15,2025-07-29,Active
INV01683,CUST00916,INV001,HDFC Equity Mutual Fund,Mutual Fund,HDFC Mutual Fund,Lumpsum,Lumpsum,0,70967,70967,66040.75,2025-07-29,Active
INV01684,CUST00917,INV001,HDFC Equity Mutual Fund,Mutual Fund,HDFC Mutual Fund,Lumpsum,Lumpsum,0,330284,330284,471933.4,2018-02-20,Active
INV01685,CUST00918,INV005,HDFC Balanced SIP,SIP,HDFC Mutual Fund,SIP,Monthly,18753,18753,600096,794861.24,2023-01-13,Active
INV01686,CUST00919,INV002,HDFC Balanced Advantage Fund,Mutual Fund,HDFC Mutual Fund,Lumpsum,Lumpsum,0,322716,322716,419656.43,2023-11-23,Active
INV01687,CUST00919,INV007,NPS Tier I,NPS,HDFC Pension,NPS,Monthly,3385,3385,50775,51793.89,2023-11-23,Active
INV01688,CUST00920,INV004,HDFC Equity SIP,SIP,HDFC Mutual Fund,SIP,Monthly,12562,12562,452232,520812.97,2025-08-14,Active
INV01689,CUST00920,INV003,HDFC Liquid Fund,Mutual Fund,HDFC Mutual Fund,Lumpsum,Lumpsum,0,101382,101382,144918.83,2025-08-14,Active
INV01690,CUST00920,INV007,NPS Tier I,NPS,HDFC Pension,NPS,Monthly,1313,1313,40703,41259.52,2025-08-14,Active
INV01691,CUST00922,INV002,HDFC Balanced Advantage Fund,Mutual Fund,HDFC Mutual Fund,Lumpsum,Lumpsum,0,229898,229898,235340.01,2026-02-12,Active
INV01692,CUST00922,INV008,HDFC 3-in-1 Investment Account,Demat,HDFC Securities,Demat Account,One-Time,0,0,0,0,2026-02-12,Active
INV01693,CUST00922,INV009,Equity Trading Account,Stock / Equity,HDFC Securities,Direct Equity,Lumpsum,0,325844,325844,433211.28,2026-02-12,Active
INV01694,CUST00922,INV011,ETF - Nifty 50,ETF,HDFC Securities,ETF,Lumpsum,0,9964,9964,14526.23,2026-02-12,Active
INV01695,CUST00923,INV005,HDFC Balanced SIP,SIP,HDFC Mutual Fund,SIP,Monthly,6314,6314,183106,217209.48,2025-12-26,Active
INV01696,CUST00926,INV005,HDFC Balanced SIP,SIP,HDFC Mutual Fund,SIP,Monthly,40476,40476,1214280,1347693.38,2020-11-14,Active
INV01697,CUST00926,INV007,NPS Tier I,NPS,HDFC Pension,NPS,Monthly,31523,31523,189138,193211.99,2020-11-14,Active
INV01698,CUST00926,INV013,Wealth Management Service,Wealth Management,HDFC Bank,Portfolio Management,Managed,0,30131488,30131488,33541724.18,2020-11-14,Active
INV01699,CUST00926,INV014,Private Banking,Private Banking,HDFC Bank,Private Banking,Managed,0,60918827,60918827,64206405.5,2020-11-14,Active
INV01700,CUST00927,INV005,HDFC Balanced SIP,SIP,HDFC Mutual Fund,SIP,Monthly,22883,22883,823788,872555.59,2021-12-06,Active
INV01701,CUST00927,INV001,HDFC Equity Mutual Fund,Mutual Fund,HDFC Mutual Fund,Lumpsum,Lumpsum,0,173801,173801,224557.56,2021-12-06,Active
INV01702,CUST00929,INV002,HDFC Balanced Advantage Fund,Mutual Fund,HDFC Mutual Fund,Lumpsum,Lumpsum,0,26305,26305,25141.59,2024-11-18,Active
INV01703,CUST00930,INV001,HDFC Equity Mutual Fund,Mutual Fund,HDFC Mutual Fund,Lumpsum,Lumpsum,0,189536,189536,191550.01,2025-05-27,Active
INV01704,CUST00931,INV005,HDFC Balanced SIP,SIP,HDFC Mutual Fund,SIP,Monthly,8264,8264,264448,292156.87,2025-11-26,Active
INV01705,CUST00931,INV007,NPS Tier I,NPS,HDFC Pension,NPS,Monthly,2109,2109,25308,27326.33,2025-11-26,Active
INV01706,CUST00932,INV002,HDFC Balanced Advantage Fund,Mutual Fund,HDFC Mutual Fund,Lumpsum,Lumpsum,0,10119,10119,14077.8,2025-11-16,Active
INV01707,CUST00932,INV007,NPS Tier I,NPS,HDFC Pension,NPS,Monthly,2316,2316,81060,81389.43,2025-11-16,Active
INV01708,CUST00933,INV002,HDFC Balanced Advantage Fund,Mutual Fund,HDFC Mutual Fund,Lumpsum,Lumpsum,0,7994,7994,11086.26,2021-12-24,Active
INV01709,CUST00934,INV005,HDFC Balanced SIP,SIP,HDFC Mutual Fund,SIP,Monthly,5153,5153,133978,142288.81,2023-01-20,Active
INV01710,CUST00934,INV002,HDFC Balanced Advantage Fund,Mutual Fund,HDFC Mutual Fund,Lumpsum,Lumpsum,0,33013,33013,40537.48,2023-01-20,Active
INV01711,CUST00935,INV005,HDFC Balanced SIP,SIP,HDFC Mutual Fund,SIP,Monthly,500,500,5000,4943.13,2023-03-20,Active
INV01712,CUST00935,INV003,HDFC Liquid Fund,Mutual Fund,HDFC Mutual Fund,Lumpsum,Lumpsum,0,28285,28285,32142.34,2023-03-20,Active
INV01713,CUST00935,INV007,NPS Tier I,NPS,HDFC Pension,NPS,Monthly,1727,1727,18997,19971.32,2023-03-20,Active
INV01714,CUST00935,INV008,HDFC 3-in-1 Investment Account,Demat,HDFC Securities,Demat Account,One-Time,0,0,0,0,2023-03-20,Active
INV01715,CUST00935,INV009,Equity Trading Account,Stock / Equity,HDFC Securities,Direct Equity,Lumpsum,0,150007,150007,138283.66,2023-03-20,Active
INV01716,CUST00935,INV011,ETF - Nifty 50,ETF,HDFC Securities,ETF,Lumpsum,0,221074,221074,289282.84,2023-03-20,Active
INV01717,CUST00936,INV004,HDFC Equity SIP,SIP,HDFC Mutual Fund,SIP,Monthly,25347,25347,709716,733276.52,2020-03-11,Active
INV01718,CUST00936,INV001,HDFC Equity Mutual Fund,Mutual Fund,HDFC Mutual Fund,Lumpsum,Lumpsum,0,409789,409789,530588.79,2020-03-11,Active
INV01719,CUST00936,INV007,NPS Tier I,NPS,HDFC Pension,NPS,Monthly,8193,8193,286755,307697.06,2020-03-11,Active
INV01720,CUST00937,INV001,HDFC Equity Mutual Fund,Mutual Fund,HDFC Mutual Fund,Lumpsum,Lumpsum,0,20151,20151,22108.54,2025-11-13,Active
INV01721,CUST00939,INV007,NPS Tier I,NPS,HDFC Pension,NPS,Monthly,771,771,23901,26034.73,2026-05-17,Active
INV01722,CUST00939,INV008,HDFC 3-in-1 Investment Account,Demat,HDFC Securities,Demat Account,One-Time,0,0,0,0,2026-05-17,Active
INV01723,CUST00939,INV009,Equity Trading Account,Stock / Equity,HDFC Securities,Direct Equity,Lumpsum,0,46817,46817,56401.43,2026-05-17,Active
INV01724,CUST00940,INV005,HDFC Balanced SIP,SIP,HDFC Mutual Fund,SIP,Monthly,6935,6935,249660,300652.4,2026-05-13,Active
INV01725,CUST00940,INV002,HDFC Balanced Advantage Fund,Mutual Fund,HDFC Mutual Fund,Lumpsum,Lumpsum,0,21519,21519,27772.76,2026-05-13,Active
INV01726,CUST00940,INV007,NPS Tier I,NPS,HDFC Pension,NPS,Monthly,1920,1920,15360,16218.7,2026-05-13,Active
INV01727,CUST00941,INV005,HDFC Balanced SIP,SIP,HDFC Mutual Fund,SIP,Monthly,9312,9312,335232,331480.48,2023-07-20,Active
INV01728,CUST00941,INV001,HDFC Equity Mutual Fund,Mutual Fund,HDFC Mutual Fund,Lumpsum,Lumpsum,0,29328,29328,34841.7,2023-07-20,Active
INV01729,CUST00941,INV008,HDFC 3-in-1 Investment Account,Demat,HDFC Securities,Demat Account,One-Time,0,0,0,0,2023-07-20,Active
INV01730,CUST00941,INV009,Equity Trading Account,Stock / Equity,HDFC Securities,Direct Equity,Lumpsum,0,59171,59171,101497.43,2023-07-20,Active
INV01731,CUST00942,INV003,HDFC Liquid Fund,Mutual Fund,HDFC Mutual Fund,Lumpsum,Lumpsum,0,92951,92951,128451.93,2018-02-28,Active
INV01732,CUST00942,INV008,HDFC 3-in-1 Investment Account,Demat,HDFC Securities,Demat Account,One-Time,0,0,0,0,2018-02-28,Active
INV01733,CUST00942,INV009,Equity Trading Account,Stock / Equity,HDFC Securities,Direct Equity,Lumpsum,0,195368,195368,252528.95,2018-02-28,Active
INV01734,CUST00943,INV005,HDFC Balanced SIP,SIP,HDFC Mutual Fund,SIP,Monthly,500,500,5500,5914.58,2022-12-13,Active
INV01735,CUST00943,INV003,HDFC Liquid Fund,Mutual Fund,HDFC Mutual Fund,Lumpsum,Lumpsum,0,895621,895621,1288094.58,2022-12-13,Active
INV01736,CUST00945,INV004,HDFC Equity SIP,SIP,HDFC Mutual Fund,SIP,Monthly,4544,4544,27264,34433.36,2021-06-02,Active
INV01737,CUST00946,INV007,NPS Tier I,NPS,HDFC Pension,NPS,Monthly,2321,2321,27852,30609.92,2025-02-11,Active
INV01738,CUST00947,INV004,HDFC Equity SIP,SIP,HDFC Mutual Fund,SIP,Monthly,3687,3687,103236,105696.18,2023-10-03,Active
INV01739,CUST00950,INV007,NPS Tier I,NPS,HDFC Pension,NPS,Monthly,5605,5605,100890,101718.27,2025-03-10,Active
INV01740,CUST00950,INV008,HDFC 3-in-1 Investment Account,Demat,HDFC Securities,Demat Account,One-Time,0,0,0,0,2025-03-10,Active
INV01741,CUST00950,INV009,Equity Trading Account,Stock / Equity,HDFC Securities,Direct Equity,Lumpsum,0,176160,176160,181811.2,2025-03-10,Active
INV01742,CUST00951,INV005,HDFC Balanced SIP,SIP,HDFC Mutual Fund,SIP,Monthly,500,500,3000,3651.29,2026-02-08,Active
INV01743,CUST00951,INV001,HDFC Equity Mutual Fund,Mutual Fund,HDFC Mutual Fund,Lumpsum,Lumpsum,0,1846344,1846344,1749017.52,2026-02-08,Active
INV01744,CUST00951,INV013,Wealth Management Service,Wealth Management,HDFC Bank,Portfolio Management,Managed,0,14876328,14876328,16361326.52,2026-02-08,Active
INV01745,CUST00952,INV003,HDFC Liquid Fund,Mutual Fund,HDFC Mutual Fund,Lumpsum,Lumpsum,0,180077,180077,237445.22,2025-11-15,Active
INV01746,CUST00954,INV004,HDFC Equity SIP,SIP,HDFC Mutual Fund,SIP,Monthly,30274,30274,968768,1242544.97,2025-06-27,Active
INV01747,CUST00954,INV003,HDFC Liquid Fund,Mutual Fund,HDFC Mutual Fund,Lumpsum,Lumpsum,0,300171,300171,292561.23,2025-06-27,Active
INV01748,CUST00956,INV004,HDFC Equity SIP,SIP,HDFC Mutual Fund,SIP,Monthly,500,500,16000,21054.2,2024-06-27,Active
INV01749,CUST00956,INV002,HDFC Balanced Advantage Fund,Mutual Fund,HDFC Mutual Fund,Lumpsum,Lumpsum,0,102570,102570,118283.01,2024-06-27,Active
INV01750,CUST00956,INV008,HDFC 3-in-1 Investment Account,Demat,HDFC Securities,Demat Account,One-Time,0,0,0,0,2024-06-27,Active
INV01751,CUST00956,INV009,Equity Trading Account,Stock / Equity,HDFC Securities,Direct Equity,Lumpsum,0,565681,565681,845609.36,2024-06-27,Active
INV01752,CUST00957,INV004,HDFC Equity SIP,SIP,HDFC Mutual Fund,SIP,Monthly,12299,12299,258279,286072.95,2020-01-23,Active
INV01753,CUST00959,INV004,HDFC Equity SIP,SIP,HDFC Mutual Fund,SIP,Monthly,500,500,12500,16013.51,2024-10-22,Active
INV01754,CUST00959,INV007,NPS Tier I,NPS,HDFC Pension,NPS,Monthly,1024,1024,29696,31785.65,2024-10-22,Active
INV01755,CUST00960,INV004,HDFC Equity SIP,SIP,HDFC Mutual Fund,SIP,Monthly,12578,12578,289294,351035.17,2025-05-29,Active
INV01756,CUST00960,INV001,HDFC Equity Mutual Fund,Mutual Fund,HDFC Mutual Fund,Lumpsum,Lumpsum,0,354799,354799,458411.33,2025-05-29,Active
INV01757,CUST00960,INV008,HDFC 3-in-1 Investment Account,Demat,HDFC Securities,Demat Account,One-Time,0,0,0,0,2025-05-29,Active
INV01758,CUST00960,INV009,Equity Trading Account,Stock / Equity,HDFC Securities,Direct Equity,Lumpsum,0,225369,225369,175072.12,2025-05-29,Active
INV01759,CUST00961,INV005,HDFC Balanced SIP,SIP,HDFC Mutual Fund,SIP,Monthly,500,500,11500,12379.82,2017-09-17,Active
INV01760,CUST00961,INV003,HDFC Liquid Fund,Mutual Fund,HDFC Mutual Fund,Lumpsum,Lumpsum,0,277936,277936,398679.89,2017-09-17,Active
INV01761,CUST00961,INV007,NPS Tier I,NPS,HDFC Pension,NPS,Monthly,1791,1791,16119,16989.89,2017-09-17,Active
INV01762,CUST00963,INV005,HDFC Balanced SIP,SIP,HDFC Mutual Fund,SIP,Monthly,11513,11513,138156,143619.23,2023-12-26,Active
INV01763,CUST00963,INV003,HDFC Liquid Fund,Mutual Fund,HDFC Mutual Fund,Lumpsum,Lumpsum,0,6169,6169,7024.93,2023-12-26,Active
INV01764,CUST00964,INV005,HDFC Balanced SIP,SIP,HDFC Mutual Fund,SIP,Monthly,16500,16500,99000,125709.27,2026-04-11,Active
INV01765,CUST00965,INV003,HDFC Liquid Fund,Mutual Fund,HDFC Mutual Fund,Lumpsum,Lumpsum,0,95747,95747,112494.62,2021-04-14,Active
INV01766,CUST00966,INV007,NPS Tier I,NPS,HDFC Pension,NPS,Monthly,500,500,10000,10321.27,2024-11-27,Active
INV01767,CUST00967,INV004,HDFC Equity SIP,SIP,HDFC Mutual Fund,SIP,Monthly,42334,42334,423340,550719.54,2024-02-22,Active
INV01768,CUST00967,INV003,HDFC Liquid Fund,Mutual Fund,HDFC Mutual Fund,Lumpsum,Lumpsum,0,482912,482912,677052.61,2024-02-22,Active
INV01769,CUST00967,INV007,NPS Tier I,NPS,HDFC Pension,NPS,Monthly,2232,2232,49104,53855.61,2024-02-22,Active
INV01770,CUST00967,INV008,HDFC 3-in-1 Investment Account,Demat,HDFC Securities,Demat Account,One-Time,0,0,0,0,2024-02-22,Active
INV01771,CUST00967,INV009,Equity Trading Account,Stock / Equity,HDFC Securities,Direct Equity,Lumpsum,0,35958,35958,33233.43,2024-02-22,Active
INV01772,CUST00968,INV004,HDFC Equity SIP,SIP,HDFC Mutual Fund,SIP,Monthly,500,500,2000,2136.01,2021-06-17,Active
INV01773,CUST00968,INV003,HDFC Liquid Fund,Mutual Fund,HDFC Mutual Fund,Lumpsum,Lumpsum,0,31979,31979,43005.55,2021-06-17,Active
INV01774,CUST00968,INV008,HDFC 3-in-1 Investment Account,Demat,HDFC Securities,Demat Account,One-Time,0,0,0,0,2021-06-17,Active
INV01775,CUST00968,INV009,Equity Trading Account,Stock / Equity,HDFC Securities,Direct Equity,Lumpsum,0,23434,23434,27127.21,2021-06-17,Active
INV01776,CUST00969,INV007,NPS Tier I,NPS,HDFC Pension,NPS,Monthly,1522,1522,41094,43694.35,2020-11-29,Active
INV01777,CUST00971,INV004,HDFC Equity SIP,SIP,HDFC Mutual Fund,SIP,Monthly,500,500,2000,2581.4,2023-10-15,Active
INV01778,CUST00971,INV003,HDFC Liquid Fund,Mutual Fund,HDFC Mutual Fund,Lumpsum,Lumpsum,0,588297,588297,545391.52,2023-10-15,Active
INV01779,CUST00972,INV002,HDFC Balanced Advantage Fund,Mutual Fund,HDFC Mutual Fund,Lumpsum,Lumpsum,0,168887,168887,240857.96,2021-09-16,Active
INV01780,CUST00973,INV007,NPS Tier I,NPS,HDFC Pension,NPS,Monthly,1297,1297,40207,42982.87,2025-03-05,Active
INV01781,CUST00975,INV004,HDFC Equity SIP,SIP,HDFC Mutual Fund,SIP,Monthly,4852,4852,87336,102612.11,2018-12-10,Active
INV01782,CUST00975,INV001,HDFC Equity Mutual Fund,Mutual Fund,HDFC Mutual Fund,Lumpsum,Lumpsum,0,69676,69676,95541.92,2018-12-10,Active
INV01783,CUST00975,INV007,NPS Tier I,NPS,HDFC Pension,NPS,Monthly,966,966,16422,17635.63,2018-12-10,Active
INV01784,CUST00977,INV004,HDFC Equity SIP,SIP,HDFC Mutual Fund,SIP,Monthly,1300,1300,27300,33235.33,2021-05-05,Active
INV01785,CUST00978,INV005,HDFC Balanced SIP,SIP,HDFC Mutual Fund,SIP,Monthly,18581,18581,130067,138413.79,2025-03-26,Active
INV01786,CUST00978,INV007,NPS Tier I,NPS,HDFC Pension,NPS,Monthly,3415,3415,61470,67817.78,2025-03-26,Active
INV01787,CUST00978,INV008,HDFC 3-in-1 Investment Account,Demat,HDFC Securities,Demat Account,One-Time,0,0,0,0,2025-03-26,Active
INV01788,CUST00978,INV009,Equity Trading Account,Stock / Equity,HDFC Securities,Direct Equity,Lumpsum,0,99788,99788,101370.65,2025-03-26,Active
INV01789,CUST00979,INV004,HDFC Equity SIP,SIP,HDFC Mutual Fund,SIP,Monthly,10781,10781,291087,288485.71,2022-12-14,Active
INV01790,CUST00979,INV002,HDFC Balanced Advantage Fund,Mutual Fund,HDFC Mutual Fund,Lumpsum,Lumpsum,0,172168,172168,163377.23,2022-12-14,Active
INV01791,CUST00980,INV005,HDFC Balanced SIP,SIP,HDFC Mutual Fund,SIP,Monthly,500,500,8500,9744.91,2026-05-21,Active
INV01792,CUST00980,INV003,HDFC Liquid Fund,Mutual Fund,HDFC Mutual Fund,Lumpsum,Lumpsum,0,178060,178060,213775.24,2026-05-21,Active
INV01793,CUST00980,INV007,NPS Tier I,NPS,HDFC Pension,NPS,Monthly,4142,4142,144970,146881.28,2026-05-21,Active
INV01794,CUST00981,INV005,HDFC Balanced SIP,SIP,HDFC Mutual Fund,SIP,Monthly,24304,24304,486080,492383.24,2022-12-19,Active
INV01795,CUST00981,INV001,HDFC Equity Mutual Fund,Mutual Fund,HDFC Mutual Fund,Lumpsum,Lumpsum,0,298286,298286,328736.2,2022-12-19,Active
INV01796,CUST00981,INV008,HDFC 3-in-1 Investment Account,Demat,HDFC Securities,Demat Account,One-Time,0,0,0,0,2022-12-19,Active
INV01797,CUST00981,INV009,Equity Trading Account,Stock / Equity,HDFC Securities,Direct Equity,Lumpsum,0,77632,77632,74849.0,2022-12-19,Active
INV01798,CUST00982,INV004,HDFC Equity SIP,SIP,HDFC Mutual Fund,SIP,Monthly,12052,12052,132572,151627.01,2026-01-17,Active
INV01799,CUST00982,INV002,HDFC Balanced Advantage Fund,Mutual Fund,HDFC Mutual Fund,Lumpsum,Lumpsum,0,131454,131454,166015.79,2026-01-17,Active
INV01800,CUST00983,INV004,HDFC Equity SIP,SIP,HDFC Mutual Fund,SIP,Monthly,500,500,5000,5773.61,2023-06-26,Active
INV01801,CUST00983,INV002,HDFC Balanced Advantage Fund,Mutual Fund,HDFC Mutual Fund,Lumpsum,Lumpsum,0,194036,194036,197338.75,2023-06-26,Active
INV01802,CUST00984,INV001,HDFC Equity Mutual Fund,Mutual Fund,HDFC Mutual Fund,Lumpsum,Lumpsum,0,603915,603915,794235.9,2025-10-22,Active
INV01803,CUST00984,INV008,HDFC 3-in-1 Investment Account,Demat,HDFC Securities,Demat Account,One-Time,0,0,0,0,2025-10-22,Active
INV01804,CUST00984,INV009,Equity Trading Account,Stock / Equity,HDFC Securities,Direct Equity,Lumpsum,0,313362,313362,382705.25,2025-10-22,Active
INV01805,CUST00985,INV007,NPS Tier I,NPS,HDFC Pension,NPS,Monthly,5814,5814,63954,69470.11,2024-01-09,Active
INV01806,CUST00986,INV002,HDFC Balanced Advantage Fund,Mutual Fund,HDFC Mutual Fund,Lumpsum,Lumpsum,0,41357,41357,45698.87,2026-07-16,Active
INV01807,CUST00986,INV007,NPS Tier I,NPS,HDFC Pension,NPS,Monthly,1547,1547,49504,53081.01,2026-07-16,Active
INV01808,CUST00987,INV007,NPS Tier I,NPS,HDFC Pension,NPS,Monthly,770,770,23100,24868.01,2023-04-16,Active
INV01809,CUST00988,INV004,HDFC Equity SIP,SIP,HDFC Mutual Fund,SIP,Monthly,50000,50000,1600000,2074112.84,2026-02-07,Active
INV01810,CUST00988,INV002,HDFC Balanced Advantage Fund,Mutual Fund,HDFC Mutual Fund,Lumpsum,Lumpsum,0,73803,73803,90088.44,2026-02-07,Active
INV01811,CUST00988,INV008,HDFC 3-in-1 Investment Account,Demat,HDFC Securities,Demat Account,One-Time,0,0,0,0,2026-02-07,Active
INV01812,CUST00988,INV009,Equity Trading Account,Stock / Equity,HDFC Securities,Direct Equity,Lumpsum,0,197710,197710,140184.92,2026-02-07,Active
INV01813,CUST00988,INV011,ETF - Nifty 50,ETF,HDFC Securities,ETF,Lumpsum,0,25147,25147,34881.15,2026-02-07,Active
INV01814,CUST00989,INV005,HDFC Balanced SIP,SIP,HDFC Mutual Fund,SIP,Monthly,500,500,9500,11679.93,2025-05-04,Active
INV01815,CUST00989,INV003,HDFC Liquid Fund,Mutual Fund,HDFC Mutual Fund,Lumpsum,Lumpsum,0,29922,29922,39528.98,2025-05-04,Active
INV01816,CUST00990,INV005,HDFC Balanced SIP,SIP,HDFC Mutual Fund,SIP,Monthly,5165,5165,87805,114465.75,2022-03-05,Active
INV01817,CUST00991,INV007,NPS Tier I,NPS,HDFC Pension,NPS,Monthly,2493,2493,49860,55703.85,2025-08-26,Active
INV01818,CUST00993,INV005,HDFC Balanced SIP,SIP,HDFC Mutual Fund,SIP,Monthly,2553,2553,43401,45712.35,2026-04-07,Active
INV01819,CUST00993,INV003,HDFC Liquid Fund,Mutual Fund,HDFC Mutual Fund,Lumpsum,Lumpsum,0,104748,104748,115969.62,2026-04-07,Active
INV01820,CUST00993,INV008,HDFC 3-in-1 Investment Account,Demat,HDFC Securities,Demat Account,One-Time,0,0,0,0,2026-04-07,Active
INV01821,CUST00993,INV009,Equity Trading Account,Stock / Equity,HDFC Securities,Direct Equity,Lumpsum,0,44241,44241,65522.54,2026-04-07,Active
INV01822,CUST00994,INV007,NPS Tier I,NPS,HDFC Pension,NPS,Monthly,680,680,5440,6051.8,2022-09-27,Active
INV01823,CUST00995,INV003,HDFC Liquid Fund,Mutual Fund,HDFC Mutual Fund,Lumpsum,Lumpsum,0,63843,63843,85487.19,2022-03-31,Active
INV01824,CUST00995,INV007,NPS Tier I,NPS,HDFC Pension,NPS,Monthly,819,819,22113,22885.55,2022-03-31,Active
INV01825,CUST00996,INV005,HDFC Balanced SIP,SIP,HDFC Mutual Fund,SIP,Monthly,500,500,6000,5909.63,2023-04-11,Active
INV01826,CUST00996,INV003,HDFC Liquid Fund,Mutual Fund,HDFC Mutual Fund,Lumpsum,Lumpsum,0,153144,153144,168228.52,2023-04-11,Active
INV01827,CUST00996,INV007,NPS Tier I,NPS,HDFC Pension,NPS,Monthly,2326,2326,27912,28750.25,2023-04-11,Active
INV01828,CUST00996,INV008,HDFC 3-in-1 Investment Account,Demat,HDFC Securities,Demat Account,One-Time,0,0,0,0,2023-04-11,Active
INV01829,CUST00996,INV009,Equity Trading Account,Stock / Equity,HDFC Securities,Direct Equity,Lumpsum,0,176091,176091,282692.31,2023-04-11,Active
INV01830,CUST00997,INV007,NPS Tier I,NPS,HDFC Pension,NPS,Monthly,5930,5930,142320,154779.94,2022-04-20,Active
INV01831,CUST00997,INV008,HDFC 3-in-1 Investment Account,Demat,HDFC Securities,Demat Account,One-Time,0,0,0,0,2022-04-20,Active
INV01832,CUST00997,INV009,Equity Trading Account,Stock / Equity,HDFC Securities,Direct Equity,Lumpsum,0,79261,79261,129114.15,2022-04-20,Active
INV01833,CUST00997,INV011,ETF - Nifty 50,ETF,HDFC Securities,ETF,Lumpsum,0,47229,47229,51038.07,2022-04-20,Active
INV01834,CUST00998,INV004,HDFC Equity SIP,SIP,HDFC Mutual Fund,SIP,Monthly,500,500,7500,8369.66,2025-08-16,Active
INV01835,CUST00998,INV007,NPS Tier I,NPS,HDFC Pension,NPS,Monthly,1551,1551,44979,46491.67,2025-08-16,Active
INV01836,CUST00999,INV004,HDFC Equity SIP,SIP,HDFC Mutual Fund,SIP,Monthly,20290,20290,466670,489561.09,2023-11-20,Active
INV01837,CUST00999,INV001,HDFC Equity Mutual Fund,Mutual Fund,HDFC Mutual Fund,Lumpsum,Lumpsum,0,39354,39354,52093.0,2023-11-20,Active
INV01838,CUST00999,INV007,NPS Tier I,NPS,HDFC Pension,NPS,Monthly,2860,2860,28600,30788.45,2023-11-20,Active
INV01839,CUST00999,INV008,HDFC 3-in-1 Investment Account,Demat,HDFC Securities,Demat Account,One-Time,0,0,0,0,2023-11-20,Active
INV01840,CUST00999,INV009,Equity Trading Account,Stock / Equity,HDFC Securities,Direct Equity,Lumpsum,0,36366,36366,44956.89,2023-11-20,Active
INV01841,CUST01000,INV003,HDFC Liquid Fund,Mutual Fund,HDFC Mutual Fund,Lumpsum,Lumpsum,0,19102,19102,22875.94,2025-01-05,Active
