customer_id,customer_number,first_name,middle_name,last_name,date_of_birth,age,gender,marital_status,nationality,residential_status,occupation_type,occupation,employer_name,employment_type,annual_income,income_range,education_level,address_line_1,address_line_2,city,state,country,pincode,mobile_number,email,customer_since,customer_segment_type,customer_status,kyc_status,kyc_last_updated,risk_profile,credit_score,relationship_manager_id,preferred_language,preferred_channel,marketing_consent
CUST00001,CIF00000001,Abhinav,,Malhotra,1993-09-07,33,Male,Single,Indian,Resident,Self-employed,Chartered Accountant,Central Government,Self-employed,1670528,10-20L,Doctorate,430 Station Road,Apartment 230,Ranchi,Jharkhand,India,834001,9000000001,abhinav.malhotra1@example.com,2018-01-19,Premium,Active,Verified,2024-01-07,Low,735,RM049,Marathi,NetBanking,Yes
CUST00002,CIF00000002,Ishita,,Sarkar,1968-05-21,58,Female,Married,Indian,Resident,Salaried,Mechanical Engineer,Accenture,Salaried,2264441,20-50L,Doctorate,225 Main Street,Apartment 432,Warangal,Telangana,India,506002,9000000002,ishita.sarkar2@example.com,2018-12-02,Retail,Active,Verified,2026-04-21,Low,823,RM003,Telugu,NetBanking,Yes
CUST00003,CIF00000003,Kunal,,Deshmukh,1968-01-04,58,Male,Married,Indian,Resident,Salaried,Professor,EY India,Salaried,5158584,50L+,Graduate,900 Main Street,Apartment 123,Bengaluru,Karnataka,India,560001,9000000003,kunal.deshmukh3@example.com,2025-09-25,Premium,Active,Verified,2024-03-21,Low,847,RM006,Bengali,Mobile App,Yes
CUST00004,CIF00000004,Suhani,,Deshmukh,1993-02-02,33,Female,Married,Indian,Resident,Salaried,Finance Manager,Reliance Industries,Salaried,898896,5-10L,Doctorate,857 MG Road,Apartment 497,New Delhi,Delhi,India,110011,9000000004,suhani.deshmukh4@example.com,2017-11-05,Retail,Active,Verified,2024-08-30,Moderate,793,RM011,Kannada,SMS,Yes
CUST00005,CIF00000005,Roshni,,Upadhyay,1972-02-01,54,Female,Married,Indian,Resident,Salaried,Government Employee,Bajaj Finserv,Salaried,3553902,20-50L,Postgraduate,637 Market Road,Apartment 52,Warangal,Telangana,India,506002,9000000005,roshni.upadhyay5@example.com,2021-06-10,Premium,Active,Verified,2024-09-28,Moderate,815,RM009,Telugu,NetBanking,Yes
CUST00006,CIF00000006,Priya,,Suresh,1999-07-20,27,Female,Married,Indian,Resident,Business,Retail Business Owner,Family Business,Business,2938181,20-50L,Diploma,948 Station Road,Apartment 443,Lucknow,Uttar Pradesh,India,226001,9000000006,priya.suresh6@example.com,2019-05-11,Premium,Active,Verified,2024-06-30,Low,815,RM027,English,Email,Yes
CUST00007,CIF00000007,Aadhya,,Soman,1957-11-14,69,Female,Widowed,Indian,Resident,Salaried,Defence Personnel,ICICI Bank,Salaried,2552850,20-50L,Graduate,413 Main Street,Apartment 284,Aurangabad,Maharashtra,India,431001,9000000007,aadhya.soman7@example.com,2024-06-10,Premium,Active,Verified,2025-01-23,High,822,RM044,Marathi,NetBanking,Yes
CUST00008,CIF00000008,Trisha,,Suresh,1980-02-23,46,Female,Married,Indian,Resident,Salaried,Marketing Manager,Google India,Salaried,3919116,20-50L,Graduate,241 Main Street,Apartment 172,Indore,Madhya Pradesh,India,452001,9000000008,trisha.suresh8@example.com,2020-02-10,Retail,Active,Verified,2024-05-21,Moderate,792,RM010,Gujarati,Mobile App,Yes
CUST00009,CIF00000009,Kartik,,Bansal,1961-03-16,65,Male,Married,Indian,NRI,Salaried,Defence Personnel,Wipro,Salaried,4435680,20-50L,Higher Secondary,578 Station Road,Apartment 239,Chennai,Tamil Nadu,India,600001,9000000009,kartik.bansal9@example.com,2019-10-10,Retail,Active,Verified,2024-06-20,Low,837,RM039,Punjabi,Mobile App,No
CUST00010,CIF00000010,Rashmi,,Srivastava,1959-10-20,67,Female,Married,Indian,Resident,Self-employed,Freelancer,Google India,Self-employed,4399643,20-50L,Postgraduate,345 MG Road,Apartment 254,Ahmedabad,Gujarat,India,380001,9000000010,rashmi.srivastava10@example.com,2017-12-21,Retail,Active,Verified,2024-08-05,Moderate,842,RM023,Tamil,Email,Yes
CUST00011,CIF00000011,Chetan,,Kapoor,1985-08-04,41,Male,Married,Indian,Resident,Salaried,HR Manager,Wipro,Salaried,2067802,20-50L,Higher Secondary,588 Main Street,Apartment 241,Ranchi,Jharkhand,India,834001,9000000011,chetan.kapoor11@example.com,2023-03-17,Retail,Active,Verified,2024-02-22,High,819,RM017,Bengali,NetBanking,Yes
CUST00012,CIF00000012,Anika,,Varma,2006-01-25,20,Female,Single,Indian,Resident,Business,Retail Business Owner,Self Employed,Business,6207658,50L+,Diploma,482 Market Road,Apartment 334,Pune,Maharashtra,India,411001,9000000012,anika.varma12@example.com,2023-06-15,Premium,Active,Verified,2025-08-22,Moderate,827,RM028,Odia,Mobile App,Yes
CUST00013,CIF00000013,Daksh,,Suresh,2008-12-09,18,Male,Single,Indian,Resident,Salaried,Bank Employee,Capgemini,Salaried,513904,5-10L,Postgraduate,855 Park Road,Apartment 242,Delhi,Delhi,India,110001,9000000013,daksh.suresh13@example.com,2018-09-23,Retail,Active,Verified,2025-01-27,High,807,RM013,Punjabi,Mobile App,Yes
CUST00014,CIF00000014,Vineeta,,Iyer,1964-03-16,62,Female,Married,Indian,Resident,Salaried,Doctor,Family Business,Salaried,5696586,50L+,Higher Secondary,130 Market Road,Apartment 495,Ghaziabad,Uttar Pradesh,India,201001,9000000014,vineeta.iyer14@example.com,2021-04-11,Premium,Active,Verified,2026-06-14,Moderate,814,RM029,Hindi,Email,Yes
CUST00015,CIF00000015,Reema,,Karnik,1977-06-19,49,Female,Married,Indian,Resident,Student,Student,College / University,Student,37517,0-3L,Graduate,655 Park Road,Apartment 354,Madurai,Tamil Nadu,India,625001,9000000015,reema.karnik15@example.com,2022-03-21,Retail,Active,Verified,2024-07-22,Low,719,RM025,Bengali,Mobile App,Yes
CUST00016,CIF00000016,Vicky,,Verma,1961-11-27,65,Male,Married,Indian,Resident,Self-employed,Content Creator,Axis Bank,Self-employed,2900770,20-50L,Diploma,644 MG Road,Apartment 463,Chennai,Tamil Nadu,India,600001,9000000016,vicky.verma16@example.com,2019-02-18,Premium,Active,Verified,2026-03-18,Moderate,816,RM029,English,Email,Yes
CUST00017,CIF00000017,Parth,,Tiwari,1988-05-16,38,Male,Widowed,Indian,Resident,Retired,Retired Professional,Retired,Retired,764240,5-10L,Higher Secondary,100 Station Road,Apartment 455,Bhubaneswar,Odisha,India,751001,9000000017,parth.tiwari17@example.com,2021-07-31,Retail,Active,Verified,2025-01-14,Low,709,RM043,Malayalam,Branch,Yes
CUST00018,CIF00000018,Nikhil,,Joshi,1956-01-05,70,Male,Married,Indian,Resident,Self-employed,Chartered Accountant,Deloitte,Self-employed,3256157,20-50L,Higher Secondary,367 Station Road,Apartment 302,Mumbai,Maharashtra,India,400001,9000000018,nikhil.joshi18@example.com,2023-01-22,Business,Active,Verified,2024-02-23,Low,832,RM009,Kannada,Email,Yes
CUST00019,CIF00000019,Madhuri,,Rathod,1962-02-24,64,Female,Married,Indian,Resident,Salaried,Business Analyst,Deloitte,Salaried,3521845,20-50L,Graduate,832 Station Road,Apartment 285,Madurai,Tamil Nadu,India,625001,9000000019,madhuri.rathod19@example.com,2022-04-27,Premium,Active,Verified,2025-07-29,Moderate,741,RM022,Odia,Mobile App,Yes
CUST00020,CIF00000020,Namrata,,Verma,1980-07-20,46,Female,Married,Indian,Resident,Business,Business Owner,Restaurant Business,Business,5382979,50L+,Higher Secondary,8 Station Road,Apartment 155,Thiruvananthapuram,Kerala,India,695001,9000000020,namrata.verma20@example.com,2024-08-09,Business,Active,Verified,2026-02-21,Moderate,797,RM017,Tamil,Mobile App,Yes
CUST00021,CIF00000021,Vishal,,Singh,1979-11-10,47,Male,Married,Indian,Resident,Salaried,Insurance Officer,Bajaj Finserv,Salaried,3987155,20-50L,Graduate,606 MG Road,Apartment 181,Dehradun,Uttarakhand,India,248001,9000000021,vishal.singh21@example.com,2024-01-14,Retail,Active,Verified,2025-04-07,Moderate,749,RM003,English,NetBanking,Yes
CUST00022,CIF00000022,Aradhana,,Varma,1963-04-11,63,Female,Married,Indian,Resident,Salaried,Project Manager,IBM India,Salaried,3496961,20-50L,Postgraduate,197 Station Road,Apartment 71,Kolkata,West Bengal,India,700001,9000000022,aradhana.varma22@example.com,2021-10-01,Premium,Active,Verified,2026-03-18,Low,776,RM007,Malayalam,Mobile App,Yes
CUST00023,CIF00000023,Vishal,,Kale,1956-02-27,70,Male,Married,Indian,Resident,Business,Restaurant Owner,Startup,Business,6665064,50L+,Graduate,811 Station Road,Apartment 71,Ghaziabad,Uttar Pradesh,India,201001,9000000023,vishal.kale23@example.com,2021-05-01,Business,Active,Verified,2025-04-28,Low,777,RM045,Marathi,Mobile App,Yes
CUST00024,CIF00000024,Pratik,,Pillai,1985-06-27,41,Male,Married,Indian,Resident,Self-employed,Dentist,Cognizant,Self-employed,636249,5-10L,Diploma,851 Park Road,Apartment 357,Aurangabad,Maharashtra,India,431001,9000000024,pratik.pillai24@example.com,2025-03-31,Retail,Active,Verified,2024-05-18,Low,765,RM005,Bengali,Mobile App,Yes
CUST00025,CIF00000025,Suhani,,Chopra,1962-03-23,64,Female,Married,Indian,Resident,Business,Retail Business Owner,Retail Business,Business,2124175,20-50L,Postgraduate,360 Park Road,Apartment 22,Mangaluru,Karnataka,India,575001,9000000025,suhani.chopra25@example.com,2020-09-05,Business,Active,Verified,2025-09-21,Moderate,769,RM028,Tamil,Email,Yes
CUST00026,CIF00000026,Sakshi,,Narayan,1963-04-26,63,Female,Divorced,Indian,Resident,Salaried,Product Manager,KPMG India,Salaried,5513710,50L+,Postgraduate,27 Main Street,Apartment 284,Vadodara,Gujarat,India,390001,9000000026,sakshi.narayan26@example.com,2022-09-15,Retail,Active,Verified,2025-07-18,High,745,RM009,Punjabi,Email,Yes
CUST00027,CIF00000027,Riya,,Jain,1959-05-15,67,Female,Married,Indian,Resident,Salaried,Insurance Officer,Tata Motors,Salaried,4394583,20-50L,Higher Secondary,706 MG Road,Apartment 81,Pune,Maharashtra,India,411001,9000000027,riya.jain27@example.com,2020-05-22,Premium,Active,Verified,2024-07-27,Moderate,761,RM022,Punjabi,Email,Yes
CUST00028,CIF00000028,Girish,,Sinha,1980-03-07,46,Male,Married,Indian,Resident,Salaried,Bank Employee,Cognizant,Salaried,1973233,10-20L,Doctorate,522 Park Road,Apartment 257,Delhi,Delhi,India,110001,9000000028,girish.sinha28@example.com,2025-11-30,Retail,Active,Verified,2025-12-31,Moderate,766,RM022,Bengali,Mobile App,Yes
CUST00029,CIF00000029,Mahi,,Ghosh,1982-09-13,44,Female,Divorced,Indian,Resident,Salaried,Accountant,HCLTech,Salaried,2521247,20-50L,Graduate,980 Station Road,Apartment 236,Chandigarh,Chandigarh,India,160001,9000000029,mahi.ghosh29@example.com,2022-10-26,Premium,Active,Verified,2024-12-28,Moderate,801,RM044,Odia,Email,Yes
CUST00030,CIF00000030,Tanisha,,Narayan,1959-09-23,67,Female,Married,Indian,Resident,Salaried,UI/UX Designer,Self Employed,Salaried,3336493,20-50L,Graduate,141 MG Road,Apartment 316,Thane,Maharashtra,India,400601,9000000030,tanisha.narayan30@example.com,2025-05-20,Premium,Active,Verified,2024-02-21,Low,757,RM043,Malayalam,NetBanking,Yes
CUST00031,CIF00000031,Bhumika,,Sarkar,1967-07-22,59,Female,Married,Indian,Resident,Self-employed,Dentist,PwC India,Self-employed,2061951,20-50L,Higher Secondary,190 Station Road,Apartment 245,Kolkata,West Bengal,India,700001,9000000031,bhumika.sarkar31@example.com,2024-03-01,Premium,Active,Verified,2024-09-24,Moderate,835,RM025,Gujarati,Mobile App,Yes
CUST00032,CIF00000032,Shalini,,Bansal,1983-08-02,43,Female,Married,Indian,Resident,Self-employed,Dentist,Axis Bank,Self-employed,525295,5-10L,Graduate,419 Station Road,Apartment 394,Aurangabad,Maharashtra,India,431001,9000000032,shalini.bansal32@example.com,2023-01-26,Retail,Active,Verified,2026-01-16,High,695,RM042,Kannada,Mobile App,Yes
CUST00033,CIF00000033,Jayesh,,Narayan,1999-01-15,27,Male,Single,Indian,Resident,Salaried,Pharmacist,State Government,Salaried,895272,5-10L,Doctorate,689 MG Road,Apartment 126,Delhi,Delhi,India,110001,9000000033,jayesh.narayan33@example.com,2017-03-06,Retail,Active,Verified,2024-08-27,Low,741,RM035,Gujarati,Mobile App,Yes
CUST00034,CIF00000034,Krisha,,Gupta,1960-04-09,66,Female,Married,Indian,Resident,Salaried,Defence Personnel,Deloitte,Salaried,4872163,20-50L,Diploma,339 MG Road,Apartment 473,Chennai,Tamil Nadu,India,600001,9000000034,krisha.gupta34@example.com,2017-08-25,Retail,Active,Verified,2025-07-02,Moderate,783,RM047,Gujarati,Mobile App,Yes
CUST00035,CIF00000035,Shalini,,Shinde,1979-11-02,47,Female,Married,Indian,Resident,Salaried,Marketing Manager,Startup,Salaried,3873469,20-50L,Higher Secondary,423 Station Road,Apartment 432,Mysuru,Karnataka,India,570001,9000000035,shalini.shinde35@example.com,2023-01-30,Premium,Active,Verified,2024-06-03,Low,797,RM001,Gujarati,SMS,Yes
CUST00036,CIF00000036,Vikas,,Chavan,1965-02-10,61,Male,Married,Indian,Resident,Salaried,Pharmacist,Bajaj Finserv,Salaried,5455271,50L+,Diploma,578 Station Road,Apartment 291,Nagpur,Maharashtra,India,440001,9000000036,vikas.chavan36@example.com,2019-04-29,Premium,Active,Verified,2026-07-07,Moderate,826,RM035,Telugu,SMS,Yes
CUST00037,CIF00000037,Chetan,,Rane,1984-02-06,42,Male,Married,Indian,Resident,Salaried,Project Manager,EY India,Salaried,3840215,20-50L,Postgraduate,283 Park Road,Apartment 154,Coimbatore,Tamil Nadu,India,641001,9000000037,chetan.rane37@example.com,2018-11-26,Premium,Active,Verified,2024-09-14,Moderate,764,RM016,Odia,NetBanking,Yes
CUST00038,CIF00000038,Vishal,,Shah,1963-07-26,63,Male,Married,Indian,Resident,Salaried,Accountant,State Government,Salaried,4578026,20-50L,Postgraduate,76 Park Road,Apartment 307,Aurangabad,Maharashtra,India,431001,9000000038,vishal.shah38@example.com,2018-07-25,Premium,Active,Verified,2025-06-02,Low,760,RM045,Kannada,Mobile App,Yes
CUST00039,CIF00000039,Jai,,Salunke,1988-03-18,38,Male,Married,Indian,Resident,Salaried,Product Manager,ICICI Bank,Salaried,2059398,20-50L,Diploma,339 Market Road,Apartment 219,Delhi,Delhi,India,110001,9000000039,jai.salunke39@example.com,2024-08-05,Retail,Dormant,Verified,2025-02-18,High,849,RM041,Marathi,Mobile App,Yes
CUST00040,CIF00000040,Rhea,,Srivastava,1964-03-07,62,Female,Married,Indian,Resident,Salaried,HR Manager,Bajaj Finserv,Salaried,5554944,50L+,Postgraduate,987 Market Road,Apartment 259,Surat,Gujarat,India,395001,9000000040,rhea.srivastava40@example.com,2023-12-13,Retail,Active,Verified,2025-05-18,Moderate,840,RM027,Bengali,Mobile App,Yes
CUST00041,CIF00000041,Naman,,Narayan,1974-07-02,52,Male,Widowed,Indian,Resident,Salaried,Pharmacist,Tata Motors,Salaried,5906805,50L+,Graduate,888 Station Road,Apartment 360,Rajkot,Gujarat,India,360001,9000000041,naman.narayan41@example.com,2020-01-01,Premium,Active,Verified,2025-12-29,Moderate,845,RM021,Gujarati,Mobile App,Yes
CUST00042,CIF00000042,Pooja,,Tripathi,2000-07-07,26,Female,Single,Indian,Resident,Salaried,Insurance Officer,Independent Consultant,Salaried,1517827,10-20L,Diploma,904 Main Street,Apartment 82,Nashik,Maharashtra,India,422001,9000000042,pooja.tripathi42@example.com,2018-10-10,Premium,Active,Verified,2024-04-05,Moderate,792,RM042,Telugu,Branch,Yes
CUST00043,CIF00000043,Vidhi,,Joshi,2003-09-20,23,Female,Single,Indian,Resident,Salaried,Business Analyst,Central Government,Salaried,373407,3-5L,Doctorate,739 Market Road,Apartment 146,Kanpur,Uttar Pradesh,India,208001,9000000043,vidhi.joshi43@example.com,2018-07-27,Retail,Active,Verified,2026-05-18,Moderate,681,RM043,Tamil,Mobile App,Yes
CUST00044,CIF00000044,Nikhil,,Chaudhary,2008-02-21,18,Male,Married,Indian,Resident,Self-employed,Dentist,Aditya Birla Group,Self-employed,2309782,20-50L,Doctorate,551 Market Road,Apartment 79,Nashik,Maharashtra,India,422001,9000000044,nikhil.chaudhary44@example.com,2024-01-19,Retail,Active,Verified,2025-06-07,Moderate,828,RM014,Marathi,Email,Yes
CUST00045,CIF00000045,Shanaya,,Dixit,1959-08-28,67,Female,Married,Indian,Resident,Salaried,Senior Software Engineer,Flipkart,Salaried,3710276,20-50L,Doctorate,171 Main Street,Apartment 81,Ahmedabad,Gujarat,India,380001,9000000045,shanaya.dixit45@example.com,2023-06-20,Premium,Active,Verified,2025-08-10,Moderate,793,RM044,Hindi,Mobile App,Yes
CUST00046,CIF00000046,Anirudh,,Agarwal,1982-04-14,44,Male,Widowed,Indian,Resident,Salaried,Senior Software Engineer,TCS,Salaried,1777263,10-20L,Postgraduate,985 MG Road,Apartment 498,Mumbai,Maharashtra,India,400001,9000000046,anirudh.agarwal46@example.com,2021-03-22,Retail,Dormant,Verified,2024-04-05,Low,758,RM003,Gujarati,NetBanking,Yes
CUST00047,CIF00000047,Jay,,Mishra,1979-06-13,47,Male,Divorced,Indian,Resident,Self-employed,Dentist,Wipro,Self-employed,1505907,10-20L,Doctorate,51 Main Street,Apartment 134,Vadodara,Gujarat,India,390001,9000000047,jay.mishra47@example.com,2020-09-04,Premium,Active,Verified,2025-02-18,Low,717,RM029,Malayalam,Mobile App,Yes
CUST00048,CIF00000048,Lakshmi,,Gandhi,1982-10-17,44,Female,Married,Indian,Resident,Salaried,Finance Manager,Infosys,Salaried,3495480,20-50L,Graduate,398 Main Street,Apartment 93,Patna,Bihar,India,800001,9000000048,lakshmi.gandhi48@example.com,2025-10-08,Business,Active,Verified,2024-01-31,Moderate,791,RM050,Tamil,NetBanking,Yes
CUST00049,CIF00000049,Abhay,,Sonawane,1978-03-25,48,Male,Married,Indian,Resident,Salaried,Software Engineer,ICICI Bank,Salaried,2191393,20-50L,Higher Secondary,867 Market Road,Apartment 441,Hyderabad,Telangana,India,500001,9000000049,abhay.sonawane49@example.com,2025-12-31,Retail,Active,Verified,2025-12-22,Low,737,RM043,Kannada,NetBanking,Yes
CUST00050,CIF00000050,Rohan,,Chaudhary,1986-07-04,40,Male,Married,Indian,Resident,Self-employed,Dentist,State Government,Self-employed,1406259,10-20L,Postgraduate,808 Market Road,Apartment 334,Nashik,Maharashtra,India,422001,9000000050,rohan.chaudhary50@example.com,2021-08-23,Retail,Active,Verified,2025-04-07,High,806,RM005,English,Mobile App,Yes
CUST00051,CIF00000051,Roshni,,Mane,1989-11-21,37,Female,Married,Indian,Resident,Salaried,Doctor,Startup,Salaried,1202300,10-20L,Doctorate,492 Station Road,Apartment 50,Dehradun,Uttarakhand,India,248001,9000000051,roshni.mane51@example.com,2021-01-17,Premium,Active,Verified,2024-10-25,Moderate,680,RM006,Bengali,Mobile App,Yes
CUST00052,CIF00000052,Adarsh,,Roy,2003-06-28,23,Male,Single,Indian,NRI,Business,Retail Business Owner,Retail Business,Business,6761554,50L+,Graduate,533 Park Road,Apartment 470,Bengaluru,Karnataka,India,560001,9000000052,adarsh.roy52@example.com,2025-02-26,Business,Active,Verified,2025-09-30,Moderate,741,RM038,Malayalam,Mobile App,Yes
CUST00053,CIF00000053,Isha,,Rathod,1970-03-25,56,Female,Married,Indian,Resident,Salaried,Project Manager,HDFC Bank,Salaried,2476518,20-50L,Doctorate,901 Market Road,Apartment 15,Ghaziabad,Uttar Pradesh,India,201001,9000000053,isha.rathod53@example.com,2022-10-12,Retail,Active,Verified,2024-07-24,Moderate,738,RM004,Gujarati,NetBanking,Yes
CUST00054,CIF00000054,Sarika,,Malhotra,1981-09-21,45,Female,Married,Indian,Resident,Salaried,Electrical Engineer,Aditya Birla Group,Salaried,2262592,20-50L,Doctorate,624 Main Street,Apartment 153,Warangal,Telangana,India,506002,9000000054,sarika.malhotra54@example.com,2017-01-31,Retail,Active,Verified,2024-12-10,High,814,RM018,Odia,SMS,Yes
CUST00055,CIF00000055,Kartik,,Iyer,1976-08-05,50,Male,Married,Indian,Resident,Salaried,DevOps Engineer,Deloitte,Salaried,4101673,20-50L,Graduate,884 Station Road,Apartment 399,Ghaziabad,Uttar Pradesh,India,201001,9000000055,kartik.iyer55@example.com,2019-04-01,Premium,Active,Verified,2024-06-30,High,782,RM021,Odia,SMS,Yes
CUST00056,CIF00000056,Anmol,,Rao,2007-07-21,19,Male,Single,Indian,Resident,Self-employed,Chartered Accountant,Infosys,Self-employed,2381743,20-50L,Graduate,790 Market Road,Apartment 320,New Delhi,Delhi,India,110011,9000000056,anmol.rao56@example.com,2018-11-24,Retail,Active,Pending,2025-11-08,Moderate,776,RM007,Odia,Email,Yes
CUST00057,CIF00000057,Dinesh,,Rane,1990-10-22,36,Male,Married,Indian,Resident,Salaried,Marketing Manager,Family Business,Salaried,965279,5-10L,Postgraduate,153 MG Road,Apartment 400,Warangal,Telangana,India,506002,9000000057,dinesh.rane57@example.com,2017-01-12,Retail,Active,Verified,2024-04-13,Moderate,683,RM017,Odia,Branch,Yes
CUST00058,CIF00000058,Anand,,Chakraborty,1998-12-05,28,Male,Married,Indian,Resident,Salaried,Business Analyst,Self Employed,Salaried,1372473,10-20L,Postgraduate,943 Park Road,Apartment 58,Chandigarh,Chandigarh,India,160001,9000000058,anand.chakraborty58@example.com,2021-04-05,Premium,Active,Verified,2024-03-05,Moderate,771,RM017,Odia,SMS,Yes
CUST00059,CIF00000059,Kalpana,,Dixit,1977-11-22,49,Female,Married,Indian,Resident,Salaried,Senior Software Engineer,TCS,Salaried,1230517,10-20L,Postgraduate,974 Main Street,Apartment 187,Nagpur,Maharashtra,India,440001,9000000059,kalpana.dixit59@example.com,2025-11-18,Retail,Active,Verified,2026-05-14,High,757,RM030,Telugu,NetBanking,Yes
CUST00060,CIF00000060,Mohit,,Saha,1971-06-17,55,Male,Married,Indian,Resident,Self-employed,Freelancer,KPMG India,Self-employed,4764205,20-50L,Postgraduate,429 Market Road,Apartment 469,Mangaluru,Karnataka,India,575001,9000000060,mohit.saha60@example.com,2018-06-10,Premium,Active,Verified,2025-02-11,Moderate,779,RM022,Tamil,NetBanking,Yes
CUST00061,CIF00000061,Aditya,,Chakraborty,1996-08-04,30,Male,Single,Indian,Resident,Salaried,Pharmacist,HCLTech,Salaried,837505,5-10L,Doctorate,889 Market Road,Apartment 443,Madurai,Tamil Nadu,India,625001,9000000061,aditya.chakraborty61@example.com,2020-04-23,Retail,Active,Verified,2025-02-02,Moderate,732,RM016,Malayalam,Mobile App,Yes
CUST00062,CIF00000062,Manya,,Ghosh,2006-09-03,20,Female,Single,Indian,Resident,Salaried,UI/UX Designer,Axis Bank,Salaried,469151,3-5L,Doctorate,164 Park Road,Apartment 279,Vadodara,Gujarat,India,390001,9000000062,manya.ghosh62@example.com,2024-12-08,Retail,Active,Verified,2024-08-14,Moderate,690,RM014,Odia,Branch,Yes
CUST00063,CIF00000063,Krisha,,Dhawan,1984-04-11,42,Female,Widowed,Indian,Resident,Self-employed,Dentist,HDFC Bank,Self-employed,5031839,50L+,Doctorate,85 MG Road,Apartment 86,Pune,Maharashtra,India,411001,9000000063,krisha.dhawan63@example.com,2022-09-15,Premium,Dormant,Verified,2025-06-30,Low,792,RM001,Odia,SMS,Yes
CUST00064,CIF00000064,Amit,,Bhosale,2008-09-05,18,Male,Married,Indian,Resident,Salaried,Insurance Officer,Mahindra & Mahindra,Salaried,612818,5-10L,Diploma,189 Station Road,Apartment 316,Guwahati,Assam,India,781001,9000000064,amit.bhosale64@example.com,2025-04-25,Retail,Active,Verified,2024-07-04,Low,768,RM043,Punjabi,Branch,Yes
CUST00065,CIF00000065,Manisha,,Gokhale,2008-05-16,18,Female,Single,Indian,Resident,Self-employed,Lawyer,HDFC Bank,Self-employed,2565066,20-50L,Doctorate,112 Station Road,Apartment 331,Bhopal,Madhya Pradesh,India,462001,9000000065,manisha.gokhale65@example.com,2025-03-22,Premium,Active,Verified,2026-05-29,Moderate,842,RM009,Malayalam,Mobile App,Yes
CUST00066,CIF00000066,Sarthak,,Solanki,2000-02-09,26,Male,Married,Indian,Resident,Business,Restaurant Owner,Independent Business,Business,3471308,20-50L,Graduate,240 MG Road,Apartment 343,Dehradun,Uttarakhand,India,248001,9000000066,sarthak.solanki66@example.com,2022-06-04,Premium,Active,Verified,2025-01-04,Low,735,RM025,Bengali,NetBanking,Yes
CUST00067,CIF00000067,Aniket,,Solanki,2006-11-27,20,Male,Married,Indian,Resident,Salaried,Insurance Officer,Aditya Birla Group,Salaried,376999,3-5L,Graduate,970 MG Road,Apartment 111,Madurai,Tamil Nadu,India,625001,9000000067,aniket.solanki67@example.com,2023-04-28,Retail,Active,Pending,2026-06-07,Low,731,RM031,Marathi,Email,Yes
CUST00068,CIF00000068,Akshay,,Shetty,1966-08-26,60,Male,Divorced,Indian,Resident,Salaried,Cloud Engineer,Central Government,Salaried,5962312,50L+,Postgraduate,359 Market Road,Apartment 412,Mumbai,Maharashtra,India,400001,9000000068,akshay.shetty68@example.com,2021-02-26,Premium,Active,Verified,2025-12-14,Moderate,819,RM037,Hindi,Mobile App,Yes
CUST00069,CIF00000069,Sonia,,Goel,2002-08-20,24,Female,Single,Indian,Resident,Salaried,Accountant,HCLTech,Salaried,566518,5-10L,Postgraduate,91 MG Road,Apartment 135,Kolkata,West Bengal,India,700001,9000000069,sonia.goel69@example.com,2024-02-18,Retail,Active,Verified,2024-02-08,Moderate,681,RM047,Kannada,SMS,No
CUST00070,CIF00000070,Kavya,,Malhotra,1994-06-04,32,Female,Married,Indian,Resident,Salaried,Researcher,Flipkart,Salaried,907948,5-10L,Doctorate,980 Main Street,Apartment 449,Noida,Uttar Pradesh,India,201301,9000000070,kavya.malhotra70@example.com,2022-09-05,Retail,Active,Verified,2024-09-13,Moderate,707,RM045,Bengali,NetBanking,No
CUST00071,CIF00000071,Amit,,Chopra,1965-05-16,61,Male,Widowed,Indian,Resident,Self-employed,Content Creator,Family Business,Self-employed,5649153,50L+,Diploma,783 Market Road,Apartment 144,Ranchi,Jharkhand,India,834001,9000000071,amit.chopra71@example.com,2020-07-15,Premium,Active,Verified,2024-05-11,High,844,RM004,Malayalam,SMS,Yes
CUST00072,CIF00000072,Neha,,Gandhi,1968-11-04,58,Female,Married,Indian,Resident,Salaried,Government Employee,HCLTech,Salaried,5379370,50L+,Postgraduate,763 Main Street,Apartment 134,Kochi,Kerala,India,682001,9000000072,neha.gandhi72@example.com,2024-09-29,Premium,Active,Verified,2026-08-12,Low,737,RM017,Telugu,Mobile App,Yes
CUST00073,CIF00000073,Harish,,Deshmukh,2002-07-10,24,Male,Single,Indian,Resident,Salaried,Product Manager,IBM India,Salaried,548085,5-10L,Diploma,254 Main Street,Apartment 227,Pune,Maharashtra,India,411001,9000000073,harish.deshmukh73@example.com,2023-12-07,Retail,Active,Verified,2026-05-08,Low,719,RM011,English,Branch,Yes
CUST00074,CIF00000074,Naina,,Subramanian,1994-01-23,32,Female,Single,Indian,Resident,Salaried,Project Manager,Mahindra & Mahindra,Salaried,1426648,10-20L,Postgraduate,970 Park Road,Apartment 154,Ghaziabad,Uttar Pradesh,India,201001,9000000074,naina.subramanian74@example.com,2022-11-14,Premium,Active,Verified,2024-10-26,Moderate,714,RM039,Gujarati,NetBanking,Yes
CUST00075,CIF00000075,Tanish,,Garg,2005-12-08,21,Male,Single,Indian,Resident,Salaried,Pharmacist,PwC India,Salaried,706665,5-10L,Postgraduate,790 Park Road,Apartment 127,Ranchi,Jharkhand,India,834001,9000000075,tanish.garg75@example.com,2019-10-22,Retail,Active,Verified,2025-04-16,Moderate,777,RM048,Hindi,Mobile App,Yes
CUST00076,CIF00000076,Advaith,,Nayak,1967-01-23,59,Male,Married,Indian,Resident,Salaried,UI/UX Designer,Bajaj Finserv,Salaried,5399257,50L+,Postgraduate,367 Station Road,Apartment 129,New Delhi,Delhi,India,110011,9000000076,advaith.nayak76@example.com,2025-11-04,Business,Active,Verified,2025-03-24,High,833,RM036,Tamil,Email,Yes
CUST00077,CIF00000077,Nitin,,Chavan,2008-01-27,18,Male,Single,Indian,Resident,Salaried,Accountant,HCLTech,Salaried,643801,5-10L,Doctorate,273 Market Road,Apartment 21,Thane,Maharashtra,India,400601,9000000077,nitin.chavan77@example.com,2025-05-04,Retail,Active,Verified,2024-03-20,Moderate,786,RM014,Malayalam,Email,Yes
CUST00078,CIF00000078,Khushi,,Modi,1973-12-09,53,Female,Divorced,Indian,Resident,Self-employed,Lawyer,Bajaj Finserv,Self-employed,3618209,20-50L,Graduate,985 Park Road,Apartment 230,Bhopal,Madhya Pradesh,India,462001,9000000078,khushi.modi78@example.com,2023-04-26,Premium,Dormant,Verified,2024-02-05,Moderate,757,RM019,Punjabi,NetBanking,Yes
CUST00079,CIF00000079,Aryan,,Saha,1990-12-05,36,Male,Married,Indian,Resident,Self-employed,Consultant,HCLTech,Self-employed,1741618,10-20L,Diploma,493 Market Road,Apartment 102,Thane,Maharashtra,India,400601,9000000079,aryan.saha79@example.com,2019-12-12,Retail,Active,Verified,2024-07-19,Moderate,701,RM036,Punjabi,Mobile App,No
CUST00080,CIF00000080,Charita,,Chakraborty,1990-02-01,36,Female,Married,Indian,Resident,Salaried,Finance Manager,TCS,Salaried,3721444,20-50L,Graduate,889 Park Road,Apartment 119,Nashik,Maharashtra,India,422001,9000000080,charita.chakraborty80@example.com,2024-05-28,Premium,Dormant,Verified,2025-12-27,High,814,RM007,Telugu,Email,Yes
CUST00081,CIF00000081,Hrithik,,Mishra,1970-03-21,56,Male,Married,Indian,Resident,Self-employed,Architect,PwC India,Self-employed,4267904,20-50L,Doctorate,940 Station Road,Apartment 163,Warangal,Telangana,India,506002,9000000081,hrithik.mishra81@example.com,2020-06-19,Retail,Active,Verified,2026-01-06,Low,846,RM008,Marathi,Branch,Yes
CUST00082,CIF00000082,Nitin,,Pawar,1962-04-17,64,Male,Married,Indian,Resident,Self-employed,Lawyer,Wipro,Self-employed,3806375,20-50L,Doctorate,406 MG Road,Apartment 286,Dehradun,Uttarakhand,India,248001,9000000082,nitin.pawar82@example.com,2022-01-24,Premium,Active,Verified,2024-02-20,High,835,RM013,Tamil,SMS,Yes
CUST00083,CIF00000083,Kajal,,Mishra,1962-09-26,64,Female,Divorced,Indian,Resident,Business,Restaurant Owner,Independent Business,Business,5644933,50L+,Higher Secondary,623 Park Road,Apartment 122,Delhi,Delhi,India,110001,9000000083,kajal.mishra83@example.com,2025-08-02,Business,Active,Verified,2025-04-09,Moderate,731,RM027,Bengali,SMS,Yes
CUST00084,CIF00000084,Rohit,,Jain,1969-05-17,57,Male,Widowed,Indian,Resident,Salaried,Data Scientist,Family Business,Salaried,1816893,10-20L,Doctorate,639 Main Street,Apartment 475,Patna,Bihar,India,800001,9000000084,rohit.jain84@example.com,2023-10-14,Retail,Active,Verified,2025-06-16,Moderate,753,RM047,Odia,SMS,Yes
CUST00085,CIF00000085,Shreya,,Chakraborty,1975-02-05,51,Female,Married,Indian,Resident,Salaried,Professor,Infosys,Salaried,5639082,50L+,Graduate,861 MG Road,Apartment 174,Rajkot,Gujarat,India,360001,9000000085,shreya.chakraborty85@example.com,2024-09-08,Premium,Dormant,Verified,2026-05-12,High,832,RM011,Punjabi,Email,Yes
CUST00086,CIF00000086,Sneha,,Saini,1966-12-26,60,Female,Married,Indian,Resident,Salaried,DevOps Engineer,Private Company,Salaried,3187189,20-50L,Graduate,588 Station Road,Apartment 88,Ahmedabad,Gujarat,India,380001,9000000086,sneha.saini86@example.com,2023-02-01,Premium,Active,Verified,2024-12-12,Moderate,800,RM035,Bengali,Mobile App,Yes
CUST00087,CIF00000087,Anvi,,Narayan,1978-05-18,48,Female,Married,Indian,Resident,Self-employed,Trader,Tech Mahindra,Self-employed,1932787,10-20L,Postgraduate,411 Market Road,Apartment 212,Jaipur,Rajasthan,India,302001,9000000087,anvi.narayan87@example.com,2021-07-20,Retail,Active,Verified,2024-06-11,Moderate,707,RM031,Kannada,NetBanking,Yes
CUST00088,CIF00000088,Meera,,Narayan,2003-01-23,23,Female,Single,Indian,Resident,Student,Student,College / University,Student,2128,0-3L,Doctorate,841 Main Street,Apartment 57,Thiruvananthapuram,Kerala,India,695001,9000000088,meera.narayan88@example.com,2020-04-19,Retail,Active,Verified,2024-08-28,High,697,RM028,Punjabi,Branch,Yes
CUST00089,CIF00000089,Avani,,Chopra,2000-10-01,26,Female,Married,Indian,Resident,Business,Business Owner,Restaurant Business,Business,8450891,50L+,Doctorate,511 Station Road,Apartment 365,Bhopal,Madhya Pradesh,India,462001,9000000089,avani.chopra89@example.com,2023-03-12,Business,Active,Verified,2025-07-13,Moderate,779,RM037,Telugu,Mobile App,Yes
CUST00090,CIF00000090,Shanaya,,Trivedi,1992-09-03,34,Female,Married,Indian,Resident,Salaried,Data Scientist,Tata Motors,Salaried,1819737,10-20L,Graduate,259 Station Road,Apartment 316,Mysuru,Karnataka,India,570001,9000000090,shanaya.trivedi90@example.com,2024-01-02,Retail,Active,Verified,2024-01-15,Moderate,686,RM048,Hindi,Mobile App,Yes
CUST00091,CIF00000091,Gaurav,,Pillai,1978-09-21,48,Male,Married,Indian,Resident,Self-employed,Dentist,Self Employed,Self-employed,1717605,10-20L,Graduate,980 Park Road,Apartment 313,Bhopal,Madhya Pradesh,India,462001,9000000091,gaurav.pillai91@example.com,2020-07-17,Retail,Active,Verified,2024-12-09,Moderate,815,RM018,Tamil,Mobile App,Yes
CUST00092,CIF00000092,Bhavesh,,Chakraborty,1984-09-25,42,Male,Married,Indian,NRI,Salaried,Electrical Engineer,Accenture,Salaried,3666262,20-50L,Postgraduate,224 Market Road,Apartment 330,Madurai,Tamil Nadu,India,625001,9000000092,bhavesh.chakraborty92@example.com,2019-04-02,Premium,Active,Verified,2024-09-22,Moderate,752,RM007,English,Mobile App,Yes
CUST00093,CIF00000093,Varun,,Saini,1961-08-01,65,Male,Married,Indian,Resident,Salaried,Finance Manager,Google India,Salaried,2073926,20-50L,Higher Secondary,348 MG Road,Apartment 173,Pune,Maharashtra,India,411001,9000000093,varun.saini93@example.com,2017-09-16,Retail,Active,Verified,2024-05-01,Moderate,812,RM014,Odia,NetBanking,Yes
CUST00094,CIF00000094,Aarav,,Agarwal,1997-07-08,29,Male,Married,Indian,Resident,Salaried,Project Manager,Family Business,Salaried,1982143,10-20L,Diploma,626 MG Road,Apartment 306,Surat,Gujarat,India,395001,9000000094,aarav.agarwal94@example.com,2019-04-25,Retail,Active,Verified,2024-03-31,Moderate,716,RM041,Tamil,NetBanking,Yes
CUST00095,CIF00000095,Mahi,,Jadhav,1961-08-02,65,Female,Married,Indian,Resident,Self-employed,Lawyer,Google India,Self-employed,2429910,20-50L,Postgraduate,149 Station Road,Apartment 476,Rajkot,Gujarat,India,360001,9000000095,mahi.jadhav95@example.com,2019-03-31,Retail,Active,Verified,2025-01-17,Low,844,RM009,Bengali,NetBanking,Yes
CUST00096,CIF00000096,Nishita,,Pradhan,1978-02-01,48,Female,Married,Indian,Resident,Salaried,Business Analyst,TCS,Salaried,2697676,20-50L,Postgraduate,686 Main Street,Apartment 83,Thane,Maharashtra,India,400601,9000000096,nishita.pradhan96@example.com,2021-07-24,Premium,Active,Verified,2026-02-04,Moderate,746,RM038,English,Mobile App,No
CUST00097,CIF00000097,Sharanya,,Upadhyay,1964-02-16,62,Female,Married,Indian,Resident,Salaried,Accountant,Central Government,Salaried,2791104,20-50L,Doctorate,695 Market Road,Apartment 461,Ahmedabad,Gujarat,India,380001,9000000097,sharanya.upadhyay97@example.com,2017-09-17,Premium,Active,Verified,2026-03-30,Moderate,774,RM044,Hindi,NetBanking,Yes
CUST00098,CIF00000098,Jahnavi,,Sarkar,1998-06-19,28,Female,Single,Indian,Resident,Retired,Retired Professional,Retired,Retired,637200,5-10L,Diploma,452 Main Street,Apartment 190,Surat,Gujarat,India,395001,9000000098,jahnavi.sarkar98@example.com,2024-12-10,Retail,Active,Verified,2024-02-05,Low,719,RM043,Telugu,Mobile App,No
CUST00099,CIF00000099,Sandhya,,Dhawan,1962-10-21,64,Female,Married,Indian,Resident,Self-employed,Freelancer,Infosys,Self-employed,836223,5-10L,Diploma,598 Market Road,Apartment 114,Guwahati,Assam,India,781001,9000000099,sandhya.dhawan99@example.com,2019-06-22,Retail,Active,Verified,2024-07-19,Moderate,794,RM002,Hindi,Mobile App,Yes
CUST00100,CIF00000100,Vineeta,,Sonawane,1987-04-06,39,Female,Married,Indian,Resident,Salaried,Product Manager,Reliance Industries,Salaried,3277486,20-50L,Postgraduate,297 Market Road,Apartment 252,Thane,Maharashtra,India,400601,9000000100,vineeta.sonawane100@example.com,2023-03-27,Premium,Active,Verified,2026-05-04,Moderate,820,RM038,Tamil,Branch,Yes
CUST00101,CIF00000101,Nirav,,Gokhale,1974-05-12,52,Male,Married,Indian,Resident,Self-employed,Lawyer,HDFC Bank,Self-employed,3152565,20-50L,Postgraduate,422 Main Street,Apartment 472,Vadodara,Gujarat,India,390001,9000000101,nirav.gokhale101@example.com,2023-07-04,Premium,Active,Verified,2024-06-07,Low,835,RM033,Gujarati,Mobile App,Yes
CUST00102,CIF00000102,Khushi,,Goel,1976-05-06,50,Female,Married,Indian,Resident,Retired,Retired Professional,Retired,Retired,807138,5-10L,Doctorate,5 MG Road,Apartment 474,Aurangabad,Maharashtra,India,431001,9000000102,khushi.goel102@example.com,2017-02-27,Retail,Active,Verified,2025-12-25,Low,815,RM031,Telugu,Mobile App,Yes
CUST00103,CIF00000103,Garima,,Suresh,1982-02-13,44,Female,Divorced,Indian,Resident,Salaried,Teacher,Family Business,Salaried,2595001,20-50L,Postgraduate,536 MG Road,Apartment 62,Aurangabad,Maharashtra,India,431001,9000000103,garima.suresh103@example.com,2021-02-14,Retail,Active,Verified,2025-08-27,High,731,RM007,Marathi,NetBanking,Yes
CUST00104,CIF00000104,Mihika,,Modi,1984-08-25,42,Female,Married,Indian,Resident,Business,Restaurant Owner,Retail Business,Business,8511752,50L+,Higher Secondary,583 Park Road,Apartment 338,Mangaluru,Karnataka,India,575001,9000000104,mihika.modi104@example.com,2018-11-04,Premium,Active,Verified,2025-04-26,Low,785,RM031,Malayalam,Email,Yes
CUST00105,CIF00000105,Devaansh,,Singh,1976-05-09,50,Male,Widowed,Indian,Resident,Self-employed,Architect,PwC India,Self-employed,1897770,10-20L,Higher Secondary,305 Market Road,Apartment 206,Lucknow,Uttar Pradesh,India,226001,9000000105,devaansh.singh105@example.com,2025-10-30,Retail,Active,Verified,2024-04-04,Moderate,699,RM046,Punjabi,NetBanking,Yes
CUST00106,CIF00000106,Amar,,Ghosh,1996-05-26,30,Male,Married,Indian,Resident,Salaried,Senior Software Engineer,Central Government,Salaried,1015032,10-20L,Graduate,675 Market Road,Apartment 91,Vadodara,Gujarat,India,390001,9000000106,amar.ghosh106@example.com,2017-06-01,Retail,Active,Verified,2026-01-09,Low,731,RM032,English,Mobile App,Yes
CUST00107,CIF00000107,Vidhi,,Vaidya,2005-08-23,21,Female,Single,Indian,Resident,Self-employed,Content Creator,Central Government,Self-employed,4975070,20-50L,Graduate,842 Main Street,Apartment 11,Delhi,Delhi,India,110001,9000000107,vidhi.vaidya107@example.com,2019-10-07,Premium,Active,Verified,2024-02-05,Moderate,842,RM048,Odia,Mobile App,Yes
CUST00108,CIF00000108,Muskan,,Rane,1987-01-21,39,Female,Married,Indian,Resident,Business,Retail Business Owner,Retail Business,Business,2484358,20-50L,Diploma,646 Park Road,Apartment 406,Madurai,Tamil Nadu,India,625001,9000000108,muskan.rane108@example.com,2025-03-06,Business,Active,Verified,2024-07-23,Moderate,824,RM041,Tamil,Email,Yes
CUST00109,CIF00000109,Tanya,,Singh,2001-12-22,25,Female,Single,Indian,Resident,Self-employed,Chartered Accountant,Startup,Self-employed,2204106,20-50L,Diploma,429 Station Road,Apartment 210,Ahmedabad,Gujarat,India,380001,9000000109,tanya.singh109@example.com,2021-11-02,Retail,Active,Verified,2024-09-25,Low,806,RM016,Punjabi,SMS,Yes
CUST00110,CIF00000110,Shreya,,Patel,1981-11-21,45,Female,Married,Indian,Resident,Salaried,Teacher,Central Government,Salaried,1904009,10-20L,Postgraduate,55 Station Road,Apartment 77,Madurai,Tamil Nadu,India,625001,9000000110,shreya.patel110@example.com,2020-07-16,Retail,Active,Verified,2025-04-26,Moderate,805,RM017,Marathi,Mobile App,Yes
CUST00111,CIF00000111,Dev,,Bhosale,1967-02-18,59,Male,Married,Indian,Resident,Retired,Retired Professional,Retired,Retired,1250223,10-20L,Doctorate,391 MG Road,Apartment 205,Dehradun,Uttarakhand,India,248001,9000000111,dev.bhosale111@example.com,2025-12-28,Retail,Active,Verified,2026-02-28,Moderate,752,RM026,Hindi,Mobile App,Yes
CUST00112,CIF00000112,Anjali,,Roy,1957-08-17,69,Female,Married,Indian,Resident,Salaried,Mechanical Engineer,Private Company,Salaried,2463266,20-50L,Doctorate,86 Main Street,Apartment 240,Bhopal,Madhya Pradesh,India,462001,9000000112,anjali.roy112@example.com,2022-03-14,Premium,Active,Verified,2025-05-04,Moderate,812,RM020,Marathi,Mobile App,No
CUST00113,CIF00000113,Harish,,Dhawan,2008-11-13,18,Male,Single,Indian,Resident,Salaried,Marketing Manager,Startup,Salaried,643828,5-10L,Graduate,90 Station Road,Apartment 70,Noida,Uttar Pradesh,India,201301,9000000113,harish.dhawan113@example.com,2023-12-02,Retail,Active,Verified,2024-01-17,Moderate,772,RM045,Gujarati,Branch,Yes
CUST00114,CIF00000114,Aakanksha,,Deshmukh,1968-08-08,58,Female,Widowed,Indian,Resident,Business,Retail Business Owner,Family Business,Business,7774052,50L+,Higher Secondary,541 MG Road,Apartment 217,Guwahati,Assam,India,781001,9000000114,aakanksha.deshmukh114@example.com,2022-06-15,Business,Active,Verified,2024-10-01,Moderate,805,RM042,Kannada,Branch,Yes
CUST00115,CIF00000115,Abhay,,Nayak,1992-05-11,34,Male,Single,Indian,Resident,Salaried,Civil Engineer,Accenture,Salaried,1919620,10-20L,Graduate,788 MG Road,Apartment 395,Thiruvananthapuram,Kerala,India,695001,9000000115,abhay.nayak115@example.com,2018-04-12,Premium,Active,Verified,2024-06-03,Low,738,RM045,Malayalam,Mobile App,Yes
CUST00116,CIF00000116,Aniket,,Roy,1982-02-03,44,Male,Married,Indian,Resident,Business,Business Owner,Retail Business,Business,8496599,50L+,Graduate,323 Park Road,Apartment 396,Patna,Bihar,India,800001,9000000116,aniket.roy116@example.com,2021-12-18,Premium,Active,Verified,2026-02-16,Low,828,RM003,Odia,SMS,No
CUST00117,CIF00000117,Ira,,Sinha,1986-05-10,40,Female,Married,Indian,Resident,Salaried,DevOps Engineer,TCS,Salaried,1000206,10-20L,Doctorate,689 Station Road,Apartment 366,Delhi,Delhi,India,110001,9000000117,ira.sinha117@example.com,2019-08-26,Retail,Active,Verified,2024-04-17,Moderate,816,RM021,Malayalam,Mobile App,Yes
CUST00118,CIF00000118,Rohan,,Joshi,1979-01-17,47,Male,Married,Indian,Resident,Self-employed,Freelancer,Capgemini,Self-employed,773530,5-10L,Diploma,121 Main Street,Apartment 157,Guwahati,Assam,India,781001,9000000118,rohan.joshi118@example.com,2021-08-01,Retail,Dormant,Verified,2025-05-12,Low,708,RM002,Marathi,NetBanking,Yes
CUST00119,CIF00000119,Riddhi,,Das,1998-01-19,28,Female,Married,Indian,Resident,Salaried,Senior Software Engineer,Capgemini,Salaried,1699560,10-20L,Doctorate,194 Park Road,Apartment 258,Vadodara,Gujarat,India,390001,9000000119,riddhi.das119@example.com,2017-12-15,Retail,Active,Verified,2026-08-16,High,729,RM035,Marathi,NetBanking,No
CUST00120,CIF00000120,Tanya,,Dixit,2005-07-03,21,Female,Single,Indian,Resident,Salaried,Finance Manager,Private Company,Salaried,425631,3-5L,Postgraduate,30 Park Road,Apartment 325,Coimbatore,Tamil Nadu,India,641001,9000000120,tanya.dixit120@example.com,2018-04-17,Retail,Active,Verified,2024-10-02,Low,684,RM036,Punjabi,NetBanking,Yes
CUST00121,CIF00000121,Kavya,,Joshi,1971-05-14,55,Female,Married,Indian,Resident,Business,Entrepreneur,Retail Business,Business,5519620,50L+,Diploma,626 Market Road,Apartment 491,Ranchi,Jharkhand,India,834001,9000000121,kavya.joshi121@example.com,2024-10-31,Business,Active,Verified,2024-12-16,Low,836,RM041,Tamil,NetBanking,No
CUST00122,CIF00000122,Agastya,,Vaidya,2000-09-20,26,Male,Married,Indian,Resident,Salaried,Product Manager,Reliance Industries,Salaried,767241,5-10L,Graduate,698 Market Road,Apartment 453,Dehradun,Uttarakhand,India,248001,9000000122,agastya.vaidya122@example.com,2024-08-09,Retail,Active,Verified,2025-10-18,High,685,RM044,Odia,Email,Yes
CUST00123,CIF00000123,Abhinav,,Shetty,1981-04-03,45,Male,Divorced,Indian,Resident,Salaried,Senior Software Engineer,Google India,Salaried,3285254,20-50L,Doctorate,635 Park Road,Apartment 392,Kolkata,West Bengal,India,700001,9000000123,abhinav.shetty123@example.com,2019-09-04,Premium,Active,Verified,2024-05-07,Low,836,RM006,English,Mobile App,Yes
CUST00124,CIF00000124,Nikita,,Nayak,1989-11-22,37,Female,Married,Indian,Resident,Student,Student,College / University,Student,232055,0-3L,Diploma,59 Station Road,Apartment 260,Bengaluru,Karnataka,India,560001,9000000124,nikita.nayak124@example.com,2020-11-05,Retail,Active,Verified,2024-02-25,High,697,RM028,Telugu,Mobile App,Yes
CUST00125,CIF00000125,Pratik,,Kale,1964-06-01,62,Male,Married,Indian,Resident,Self-employed,Chartered Accountant,ICICI Bank,Self-employed,4413593,20-50L,Higher Secondary,367 MG Road,Apartment 285,Coimbatore,Tamil Nadu,India,641001,9000000125,pratik.kale125@example.com,2021-03-20,Retail,Active,Verified,2024-07-18,Low,781,RM041,Punjabi,Branch,Yes
CUST00126,CIF00000126,Aditya,,Malhotra,2000-11-25,26,Male,Married,Indian,Resident,Business,Entrepreneur,Restaurant Business,Business,10599273,50L+,Doctorate,384 Park Road,Apartment 266,Warangal,Telangana,India,506002,9000000126,aditya.malhotra126@example.com,2023-11-24,Premium,Active,Verified,2025-01-17,Moderate,751,RM034,Bengali,Email,Yes
CUST00127,CIF00000127,Rajiv,,Naik,1992-05-10,34,Male,Married,Indian,Resident,Salaried,Professor,Tech Mahindra,Salaried,1933485,10-20L,Graduate,802 Park Road,Apartment 485,Hyderabad,Telangana,India,500001,9000000127,rajiv.naik127@example.com,2025-06-09,Retail,Active,Verified,2025-11-02,High,819,RM001,Bengali,Mobile App,Yes
CUST00128,CIF00000128,Yuvraj,,Naik,1972-10-15,54,Male,Widowed,Indian,Resident,Salaried,Researcher,Amazon India,Salaried,5998908,50L+,Graduate,96 Station Road,Apartment 54,Noida,Uttar Pradesh,India,201301,9000000128,yuvraj.naik128@example.com,2017-09-18,Retail,Active,Verified,2026-04-26,Low,779,RM045,Punjabi,Mobile App,Yes
CUST00129,CIF00000129,Ansh,,Yadav,1962-11-18,64,Male,Married,Indian,Resident,Business,Retail Business Owner,Family Business,Business,8481081,50L+,Graduate,683 MG Road,Apartment 358,Mangaluru,Karnataka,India,575001,9000000129,ansh.yadav129@example.com,2017-06-28,Business,Active,Verified,2026-07-19,High,843,RM032,Kannada,Mobile App,No
CUST00130,CIF00000130,Rajiv,,Mahajan,1999-11-23,27,Male,Married,Indian,Resident,Business,Restaurant Owner,Startup,Business,6807702,50L+,Higher Secondary,400 Main Street,Apartment 228,Nagpur,Maharashtra,India,440001,9000000130,rajiv.mahajan130@example.com,2024-10-24,Business,Active,Verified,2026-03-01,Moderate,837,RM025,Gujarati,NetBanking,No
CUST00131,CIF00000131,Sagar,,Srivastava,1958-12-11,68,Male,Married,Indian,Resident,Salaried,Insurance Officer,Larsen & Toubro,Salaried,2338303,20-50L,Postgraduate,70 Main Street,Apartment 10,Navi Mumbai,Maharashtra,India,400703,9000000131,sagar.srivastava131@example.com,2025-08-26,Retail,Active,Verified,2025-01-26,Low,772,RM033,Odia,Email,Yes
CUST00132,CIF00000132,Utkarsh,,Shinde,2004-04-17,22,Male,Married,Indian,Resident,Salaried,Finance Manager,Tech Mahindra,Salaried,327319,3-5L,Higher Secondary,437 Park Road,Apartment 160,Bengaluru,Karnataka,India,560001,9000000132,utkarsh.shinde132@example.com,2023-08-25,Retail,Active,Verified,2025-03-10,Moderate,720,RM012,Punjabi,Branch,Yes
CUST00133,CIF00000133,Shashank,,Pawar,1981-07-18,45,Male,Married,Indian,Resident,Salaried,Project Manager,Deloitte,Salaried,3982882,20-50L,Doctorate,493 MG Road,Apartment 171,Vadodara,Gujarat,India,390001,9000000133,shashank.pawar133@example.com,2018-12-21,Premium,Active,Verified,2024-06-07,Moderate,778,RM013,English,NetBanking,Yes
CUST00134,CIF00000134,Avinash,,Kaur,1970-02-17,56,Male,Married,Indian,Resident,Student,Student,College / University,Student,249502,0-3L,Diploma,898 Park Road,Apartment 85,Mysuru,Karnataka,India,570001,9000000134,avinash.kaur134@example.com,2024-03-24,Retail,Active,Verified,2024-11-05,Moderate,699,RM033,Malayalam,Mobile App,Yes
CUST00135,CIF00000135,Aadhya,,Desai,2004-02-15,22,Female,Single,Indian,Resident,Business,Business Owner,Independent Business,Business,9607400,50L+,Doctorate,834 Station Road,Apartment 96,Surat,Gujarat,India,395001,9000000135,aadhya.desai135@example.com,2019-02-03,Business,Active,Verified,2026-04-08,Moderate,755,RM049,Gujarati,NetBanking,Yes
CUST00136,CIF00000136,Aarav,,Sarkar,1964-11-28,62,Male,Divorced,Indian,Resident,Self-employed,Consultant,Reliance Industries,Self-employed,1664867,10-20L,Postgraduate,528 Park Road,Apartment 339,Delhi,Delhi,India,110001,9000000136,aarav.sarkar136@example.com,2025-06-05,Retail,Active,Pending,2026-04-12,Moderate,743,RM021,English,NetBanking,Yes
CUST00137,CIF00000137,Anand,,Singh,1958-04-06,68,Male,Widowed,Indian,Resident,Salaried,Project Manager,Independent Consultant,Salaried,3427892,20-50L,Higher Secondary,109 Park Road,Apartment 367,Guwahati,Assam,India,781001,9000000137,anand.singh137@example.com,2022-01-02,Premium,Active,Verified,2024-11-30,Moderate,791,RM025,Tamil,Mobile App,Yes
CUST00138,CIF00000138,Kalpana,,Garg,1956-12-04,70,Female,Married,Indian,Resident,Salaried,Teacher,Tata Motors,Salaried,2736301,20-50L,Graduate,869 Market Road,Apartment 245,Bhubaneswar,Odisha,India,751001,9000000138,kalpana.garg138@example.com,2024-06-18,Premium,Active,Verified,2024-10-25,Moderate,806,RM046,Kannada,NetBanking,Yes
CUST00139,CIF00000139,Divyansh,,Tripathi,2002-01-04,24,Male,Single,Indian,Resident,Salaried,UI/UX Designer,EY India,Salaried,497423,3-5L,Doctorate,666 Main Street,Apartment 304,Bhopal,Madhya Pradesh,India,462001,9000000139,divyansh.tripathi139@example.com,2018-01-29,Premium,Active,Verified,2026-01-09,High,695,RM026,Gujarati,Mobile App,Yes
CUST00140,CIF00000140,Ishita,,Desai,1958-01-13,68,Female,Married,Indian,Resident,Student,Student,College / University,Student,47473,0-3L,Doctorate,838 Market Road,Apartment 402,Bhopal,Madhya Pradesh,India,462001,9000000140,ishita.desai140@example.com,2020-08-25,Retail,Active,Verified,2025-06-15,Low,718,RM038,Malayalam,Email,Yes
CUST00141,CIF00000141,Roshni,,Agarwal,1993-09-12,33,Female,Married,Indian,Resident,Salaried,Professor,Tata Motors,Salaried,596817,5-10L,Doctorate,552 Market Road,Apartment 108,Patna,Bihar,India,800001,9000000141,roshni.agarwal141@example.com,2021-12-28,Retail,Active,Verified,2024-02-15,Moderate,715,RM016,English,Email,Yes
CUST00142,CIF00000142,Darshan,,Saha,1984-06-25,42,Male,Married,Indian,Resident,Salaried,Senior Software Engineer,Capgemini,Salaried,3331712,20-50L,Graduate,150 Station Road,Apartment 141,Ahmedabad,Gujarat,India,380001,9000000142,darshan.saha142@example.com,2021-07-25,Premium,Active,Verified,2024-08-15,Moderate,772,RM025,Hindi,Mobile App,Yes
CUST00143,CIF00000143,Sameer,,Karnik,2003-03-16,23,Male,Single,Indian,Resident,Salaried,Marketing Manager,Startup,Salaried,601631,5-10L,Postgraduate,528 Market Road,Apartment 358,Surat,Gujarat,India,395001,9000000143,sameer.karnik143@example.com,2017-02-13,Retail,Active,Verified,2024-07-13,Moderate,788,RM048,English,Branch,Yes
CUST00144,CIF00000144,Esha,,Mishra,1967-12-06,59,Female,Married,Indian,Resident,Business,Entrepreneur,Family Business,Business,1394402,10-20L,Postgraduate,364 MG Road,Apartment 52,Kochi,Kerala,India,682001,9000000144,esha.mishra144@example.com,2020-09-07,Business,Active,Verified,2025-06-25,Moderate,756,RM033,Marathi,Mobile App,Yes
CUST00145,CIF00000145,Ishaan,,Shetty,1990-12-08,36,Male,Married,Indian,Resident,Salaried,Teacher,Deloitte,Salaried,2838134,20-50L,Postgraduate,204 Park Road,Apartment 362,Bhopal,Madhya Pradesh,India,462001,9000000145,ishaan.shetty145@example.com,2019-02-05,Premium,Active,Verified,2026-01-17,Moderate,765,RM033,Punjabi,SMS,Yes
CUST00146,CIF00000146,Diya,,Upadhyay,1984-06-10,42,Female,Married,Indian,Resident,Salaried,Project Manager,PwC India,Salaried,1246129,10-20L,Postgraduate,780 Station Road,Apartment 274,Delhi,Delhi,India,110001,9000000146,diya.upadhyay146@example.com,2021-12-31,Premium,Active,Verified,2024-07-15,Low,705,RM027,Malayalam,NetBanking,Yes
CUST00147,CIF00000147,Mayank,,Karnik,1990-11-12,36,Male,Widowed,Indian,Resident,Salaried,Data Analyst,Reliance Industries,Salaried,3482741,20-50L,Doctorate,996 Main Street,Apartment 167,Ahmedabad,Gujarat,India,380001,9000000147,mayank.karnik147@example.com,2017-07-31,Retail,Active,Verified,2025-07-16,Low,835,RM017,Marathi,Mobile App,Yes
CUST00148,CIF00000148,Shivam,,Chopra,1991-08-27,35,Male,Widowed,Indian,Resident,Salaried,UI/UX Designer,Cognizant,Salaried,3431440,20-50L,Diploma,315 Main Street,Apartment 246,Mumbai,Maharashtra,India,400001,9000000148,shivam.chopra148@example.com,2020-10-18,Premium,Active,Verified,2025-12-09,Low,755,RM018,Odia,Email,Yes
CUST00149,CIF00000149,Darshan,,Garg,1984-06-16,42,Male,Married,Indian,Resident,Business,Restaurant Owner,Self Employed,Business,8826757,50L+,Postgraduate,493 Park Road,Apartment 309,Delhi,Delhi,India,110001,9000000149,darshan.garg149@example.com,2018-01-06,Business,Active,Verified,2026-04-01,Low,746,RM042,Gujarati,Mobile App,Yes
CUST00150,CIF00000150,Kartik,,Gandhi,1961-03-17,65,Male,Married,Indian,Resident,Salaried,Government Employee,TCS,Salaried,3412452,20-50L,Diploma,12 Park Road,Apartment 427,Kolkata,West Bengal,India,700001,9000000150,kartik.gandhi150@example.com,2018-10-01,Premium,Active,Verified,2025-04-10,Moderate,842,RM036,Tamil,NetBanking,Yes
CUST00151,CIF00000151,Naman,,Shetty,2006-12-12,20,Male,Single,Indian,Resident,Salaried,Data Scientist,Axis Bank,Salaried,464930,3-5L,Diploma,720 MG Road,Apartment 170,Vadodara,Gujarat,India,390001,9000000151,naman.shetty151@example.com,2021-06-19,Retail,Active,Verified,2024-04-13,Low,714,RM033,Marathi,Email,Yes
CUST00152,CIF00000152,Reema,,Saha,2006-02-16,20,Female,Married,Indian,Resident,Salaried,Electrical Engineer,Startup,Salaried,425362,3-5L,Higher Secondary,466 Main Street,Apartment 87,Aurangabad,Maharashtra,India,431001,9000000152,reema.saha152@example.com,2017-03-03,Retail,Active,Verified,2024-10-13,Moderate,668,RM037,Telugu,Mobile App,Yes
CUST00153,CIF00000153,Nidhi,,Salunke,1992-07-06,34,Female,Married,Indian,Resident,Salaried,Data Analyst,Google India,Salaried,1801521,10-20L,Doctorate,409 MG Road,Apartment 115,Nashik,Maharashtra,India,422001,9000000153,nidhi.salunke153@example.com,2023-04-17,Retail,Active,Verified,2024-04-05,Low,682,RM023,Bengali,Mobile App,Yes
CUST00154,CIF00000154,Deepa,,Bhatt,2003-12-14,23,Female,Single,Indian,Resident,Business,Retail Business Owner,Retail Business,Business,6538129,50L+,Graduate,935 Market Road,Apartment 200,Vadodara,Gujarat,India,390001,9000000154,deepa.bhatt154@example.com,2022-05-27,Premium,Active,Verified,2026-07-04,Moderate,798,RM039,Gujarati,Mobile App,Yes
CUST00155,CIF00000155,Rohit,,Singh,1967-06-06,59,Male,Divorced,Indian,Resident,Self-employed,Trader,Central Government,Self-employed,3973334,20-50L,Doctorate,610 Station Road,Apartment 278,Jaipur,Rajasthan,India,302001,9000000155,rohit.singh155@example.com,2025-07-31,Premium,Active,Verified,2025-11-06,High,744,RM045,Odia,NetBanking,Yes
CUST00156,CIF00000156,Kareena,,Gokhale,1972-12-06,54,Female,Married,Indian,Resident,Business,Retail Business Owner,Self Employed,Business,4857252,20-50L,Postgraduate,926 Main Street,Apartment 265,Noida,Uttar Pradesh,India,201301,9000000156,kareena.gokhale156@example.com,2017-07-31,Business,Active,Verified,2025-12-28,High,746,RM009,Malayalam,Mobile App,Yes
CUST00157,CIF00000157,Aman,,Garg,1990-02-07,36,Male,Divorced,Indian,Resident,Self-employed,Dentist,Amazon India,Self-employed,2015214,20-50L,Postgraduate,385 Main Street,Apartment 325,Kochi,Kerala,India,682001,9000000157,aman.garg157@example.com,2022-07-05,Retail,Active,Verified,2024-07-03,Low,782,RM020,English,Branch,Yes
CUST00158,CIF00000158,Manisha,,Jadhav,1972-09-12,54,Female,Married,Indian,Resident,Salaried,Civil Engineer,Wipro,Salaried,4037007,20-50L,Postgraduate,31 MG Road,Apartment 93,Aurangabad,Maharashtra,India,431001,9000000158,manisha.jadhav158@example.com,2019-11-03,Business,Active,Verified,2024-07-09,Moderate,767,RM023,Gujarati,SMS,Yes
CUST00159,CIF00000159,Devaansh,,Bansal,2004-08-20,22,Male,Single,Indian,Resident,Self-employed,Freelancer,Reliance Industries,Self-employed,1297922,10-20L,Higher Secondary,403 Main Street,Apartment 357,Ghaziabad,Uttar Pradesh,India,201001,9000000159,devaansh.bansal159@example.com,2020-11-17,Premium,Dormant,Verified,2025-10-18,Low,782,RM008,Telugu,Email,No
CUST00160,CIF00000160,Sarika,,Chopra,1986-07-07,40,Female,Married,Indian,Resident,Salaried,Bank Employee,Accenture,Salaried,1816599,10-20L,Postgraduate,108 Main Street,Apartment 107,Warangal,Telangana,India,506002,9000000160,sarika.chopra160@example.com,2017-09-04,Retail,Active,Verified,2025-06-10,Low,734,RM021,Tamil,Mobile App,Yes
CUST00161,CIF00000161,Anushka,,Bhatt,1967-12-23,59,Female,Divorced,Indian,Resident,Salaried,Doctor,Reliance Industries,Salaried,1831830,10-20L,Postgraduate,402 Park Road,Apartment 52,Nashik,Maharashtra,India,422001,9000000161,anushka.bhatt161@example.com,2022-12-20,Premium,Active,Verified,2025-12-09,Low,705,RM018,Bengali,SMS,Yes
CUST00162,CIF00000162,Manish,,Sinha,1998-06-10,28,Male,Married,Indian,Resident,Salaried,UI/UX Designer,Axis Bank,Salaried,696943,5-10L,Graduate,913 Market Road,Apartment 397,Kolkata,West Bengal,India,700001,9000000162,manish.sinha162@example.com,2019-11-21,Premium,Active,Verified,2026-05-13,Low,804,RM039,Bengali,NetBanking,Yes
CUST00163,CIF00000163,Sana,,Garg,1979-10-04,47,Female,Married,Indian,Resident,Salaried,UI/UX Designer,Mahindra & Mahindra,Salaried,2994401,20-50L,Higher Secondary,501 Main Street,Apartment 3,Guwahati,Assam,India,781001,9000000163,sana.garg163@example.com,2017-09-22,Premium,Active,Verified,2024-01-01,Moderate,731,RM004,Tamil,Mobile App,Yes
CUST00164,CIF00000164,Anjali,,Gandhi,1969-09-15,57,Female,Married,Indian,Resident,Salaried,Professor,Tata Motors,Salaried,2935459,20-50L,Higher Secondary,87 MG Road,Apartment 139,Lucknow,Uttar Pradesh,India,226001,9000000164,anjali.gandhi164@example.com,2021-05-28,Premium,Active,Verified,2024-12-07,Moderate,781,RM039,Hindi,NetBanking,Yes
CUST00165,CIF00000165,Anshul,,Garg,1956-07-13,70,Male,Married,Indian,Resident,Salaried,Doctor,Family Business,Salaried,2332568,20-50L,Higher Secondary,476 Park Road,Apartment 417,Ranchi,Jharkhand,India,834001,9000000165,anshul.garg165@example.com,2024-06-27,Premium,Active,Verified,2025-04-13,Moderate,805,RM008,Punjabi,Email,Yes
CUST00166,CIF00000166,Saloni,,Sharma,1988-12-03,38,Female,Married,Indian,Resident,Self-employed,Chartered Accountant,Larsen & Toubro,Self-employed,2484888,20-50L,Postgraduate,782 Main Street,Apartment 311,Mangaluru,Karnataka,India,575001,9000000166,saloni.sharma166@example.com,2021-09-17,Retail,Active,Verified,2024-06-27,Moderate,737,RM021,Hindi,Mobile App,Yes
CUST00167,CIF00000167,Ankita,,Dixit,1977-03-10,49,Female,Married,Indian,Resident,Self-employed,Chartered Accountant,Tata Motors,Self-employed,931837,5-10L,Higher Secondary,548 Market Road,Apartment 124,Kolkata,West Bengal,India,700001,9000000167,ankita.dixit167@example.com,2019-10-27,Premium,Active,Verified,2025-05-27,Moderate,779,RM020,Kannada,Mobile App,Yes
CUST00168,CIF00000168,Aradhana,,Mahajan,1962-04-18,64,Female,Married,Indian,Resident,Salaried,Data Analyst,Axis Bank,Salaried,1772928,10-20L,Doctorate,881 Park Road,Apartment 350,Thiruvananthapuram,Kerala,India,695001,9000000168,aradhana.mahajan168@example.com,2020-05-27,Retail,Active,Verified,2025-05-08,Low,738,RM004,Kannada,Mobile App,Yes
CUST00169,CIF00000169,Vineeta,,Kaur,1975-09-08,51,Female,Married,Indian,Resident,Salaried,Pharmacist,Axis Bank,Salaried,3574782,20-50L,Graduate,760 Market Road,Apartment 108,Thiruvananthapuram,Kerala,India,695001,9000000169,vineeta.kaur169@example.com,2024-11-29,Retail,Active,Verified,2026-03-17,Low,765,RM010,English,Branch,No
CUST00170,CIF00000170,Kavita,,Tripathi,1983-08-01,43,Female,Married,Indian,Resident,Salaried,Data Analyst,TCS,Salaried,3381792,20-50L,Postgraduate,10 Park Road,Apartment 19,Ahmedabad,Gujarat,India,380001,9000000170,kavita.tripathi170@example.com,2023-05-18,Premium,Dormant,Verified,2026-05-14,Low,837,RM036,Gujarati,Mobile App,Yes
CUST00171,CIF00000171,Abhinav,,More,1970-10-01,56,Male,Married,Indian,Resident,Salaried,Mechanical Engineer,Tata Motors,Salaried,3710064,20-50L,Higher Secondary,624 Station Road,Apartment 414,Lucknow,Uttar Pradesh,India,226001,9000000171,abhinav.more171@example.com,2018-10-19,Premium,Active,Verified,2026-01-29,Low,735,RM033,Punjabi,Mobile App,Yes
CUST00172,CIF00000172,Vikas,,Srivastava,1993-08-21,33,Male,Married,Indian,Resident,Business,Business Owner,Retail Business,Business,10610566,50L+,Diploma,922 Station Road,Apartment 449,Madurai,Tamil Nadu,India,625001,9000000172,vikas.srivastava172@example.com,2017-11-30,Business,Active,Verified,2025-03-04,Moderate,783,RM017,Malayalam,Mobile App,Yes
CUST00173,CIF00000173,Ashish,,Menon,1977-01-27,49,Male,Married,Indian,Resident,Self-employed,Architect,Central Government,Self-employed,905068,5-10L,Diploma,441 Market Road,Apartment 143,Patna,Bihar,India,800001,9000000173,ashish.menon173@example.com,2021-04-23,Retail,Active,Verified,2024-04-11,Moderate,761,RM023,Tamil,Branch,Yes
CUST00174,CIF00000174,Shanaya,,Dhawan,1986-06-02,40,Female,Married,Indian,Resident,Salaried,Project Manager,Private Company,Salaried,3921726,20-50L,Postgraduate,103 Market Road,Apartment 163,Aurangabad,Maharashtra,India,431001,9000000174,shanaya.dhawan174@example.com,2022-02-01,Premium,Active,Verified,2026-05-07,Moderate,816,RM041,English,Email,No
CUST00175,CIF00000175,Sapna,,Dubey,1959-11-11,67,Female,Married,Indian,Resident,Self-employed,Freelancer,Reliance Industries,Self-employed,4603492,20-50L,Postgraduate,401 Park Road,Apartment 218,Coimbatore,Tamil Nadu,India,641001,9000000175,sapna.dubey175@example.com,2025-10-12,Premium,Active,Verified,2024-10-01,Moderate,737,RM032,Gujarati,Mobile App,Yes
CUST00176,CIF00000176,Vidhi,,Chopra,2004-05-26,22,Female,Single,Indian,Resident,Salaried,Product Manager,Deloitte,Salaried,564508,5-10L,Graduate,436 Market Road,Apartment 381,Ghaziabad,Uttar Pradesh,India,201001,9000000176,vidhi.chopra176@example.com,2023-08-07,Retail,Active,Verified,2024-07-26,Low,780,RM007,Tamil,NetBanking,No
CUST00177,CIF00000177,Krishna,,Pradhan,1985-05-11,41,Male,Married,Indian,Resident,Salaried,Defence Personnel,Infosys,Salaried,3797160,20-50L,Diploma,830 MG Road,Apartment 49,Chennai,Tamil Nadu,India,600001,9000000177,krishna.pradhan177@example.com,2019-08-09,Premium,Active,Verified,2025-05-16,Moderate,777,RM038,Gujarati,Mobile App,Yes
CUST00178,CIF00000178,Abhishek,,Roy,1977-11-09,49,Male,Married,Indian,Resident,Salaried,Marketing Manager,State Government,Salaried,3426325,20-50L,Doctorate,331 Market Road,Apartment 456,Kochi,Kerala,India,682001,9000000178,abhishek.roy178@example.com,2020-04-30,Premium,Active,Verified,2024-05-24,High,785,RM019,Malayalam,Email,Yes
CUST00179,CIF00000179,Aman,,Joshi,1991-10-22,35,Male,Married,Indian,Resident,Salaried,HR Manager,Larsen & Toubro,Salaried,1902840,10-20L,Postgraduate,215 Station Road,Apartment 2,New Delhi,Delhi,India,110011,9000000179,aman.joshi179@example.com,2025-08-29,Premium,Active,Pending,2024-04-03,High,750,RM040,Marathi,Email,Yes
CUST00180,CIF00000180,Charvi,,Ahire,1996-01-21,30,Female,Married,Indian,Resident,Business,Restaurant Owner,Retail Business,Business,6856430,50L+,Graduate,658 Park Road,Apartment 204,Mumbai,Maharashtra,India,400001,9000000180,charvi.ahire180@example.com,2021-02-19,Business,Active,Verified,2024-09-16,High,794,RM018,Odia,NetBanking,Yes
CUST00181,CIF00000181,Mahi,,Chakraborty,2004-07-06,22,Female,Single,Indian,Resident,Salaried,Finance Manager,IBM India,Salaried,732562,5-10L,Higher Secondary,319 Main Street,Apartment 288,Bengaluru,Karnataka,India,560001,9000000181,mahi.chakraborty181@example.com,2017-07-02,Retail,Active,Verified,2025-08-04,Moderate,750,RM045,Hindi,Email,Yes
CUST00182,CIF00000182,Sneha,,Soman,1980-05-07,46,Female,Married,Indian,Resident,Salaried,Marketing Manager,Amazon India,Salaried,954061,5-10L,Graduate,717 Market Road,Apartment 283,Kanpur,Uttar Pradesh,India,208001,9000000182,sneha.soman182@example.com,2021-11-13,Premium,Active,Verified,2024-04-02,Moderate,768,RM033,Gujarati,Email,Yes
CUST00183,CIF00000183,Radhika,,Bhat,1998-05-26,28,Female,Single,Indian,Resident,Business,Entrepreneur,Startup,Business,3591472,20-50L,Diploma,821 Main Street,Apartment 235,Patna,Bihar,India,800001,9000000183,radhika.bhat183@example.com,2018-06-17,Premium,Active,Verified,2025-11-05,High,830,RM010,Gujarati,Branch,Yes
CUST00184,CIF00000184,Aniket,,Singh,1996-01-09,30,Male,Single,Indian,Resident,Salaried,Data Analyst,KPMG India,Salaried,942986,5-10L,Postgraduate,184 Station Road,Apartment 204,Thane,Maharashtra,India,400601,9000000184,aniket.singh184@example.com,2020-03-13,Retail,Active,Verified,2025-04-21,Moderate,759,RM006,Telugu,SMS,Yes
CUST00185,CIF00000185,Jahnavi,,Bhosale,2001-07-01,25,Female,Single,Indian,Resident,Self-employed,Content Creator,ICICI Bank,Self-employed,4360862,20-50L,Postgraduate,333 Main Street,Apartment 326,Lucknow,Uttar Pradesh,India,226001,9000000185,jahnavi.bhosale185@example.com,2025-08-07,Premium,Active,Verified,2026-01-19,Low,799,RM003,Malayalam,Mobile App,Yes
CUST00186,CIF00000186,Isha,,Agarwal,1982-12-11,44,Female,Married,Indian,Resident,Salaried,Accountant,Independent Consultant,Salaried,878512,5-10L,Diploma,66 Market Road,Apartment 148,New Delhi,Delhi,India,110011,9000000186,isha.agarwal186@example.com,2024-02-14,Retail,Active,Verified,2025-04-16,Low,761,RM038,Kannada,Mobile App,Yes
CUST00187,CIF00000187,Parth,,Nayak,1972-02-04,54,Male,Married,Indian,NRI,Business,Retail Business Owner,Restaurant Business,Business,1696363,10-20L,Postgraduate,224 Station Road,Apartment 57,Surat,Gujarat,India,395001,9000000187,parth.nayak187@example.com,2021-03-18,Retail,Active,Verified,2024-06-11,Low,817,RM050,Kannada,NetBanking,Yes
CUST00188,CIF00000188,Sana,,Das,1985-08-23,41,Female,Married,Indian,Resident,Salaried,Senior Software Engineer,PwC India,Salaried,3916222,20-50L,Diploma,331 Station Road,Apartment 151,Kanpur,Uttar Pradesh,India,208001,9000000188,sana.das188@example.com,2018-10-24,Retail,Active,Verified,2025-08-14,Moderate,777,RM030,Bengali,Mobile App,Yes
CUST00189,CIF00000189,Dev,,Chavan,1979-03-05,47,Male,Married,Indian,Resident,Self-employed,Content Creator,Self Employed,Self-employed,2552930,20-50L,Doctorate,296 MG Road,Apartment 114,Kolkata,West Bengal,India,700001,9000000189,dev.chavan189@example.com,2022-01-19,Premium,Active,Verified,2025-12-31,Low,802,RM019,Tamil,Mobile App,No
CUST00190,CIF00000190,Divyansh,,Bhatia,1983-12-06,43,Male,Married,Indian,Resident,Salaried,Business Analyst,IBM India,Salaried,2182086,20-50L,Diploma,234 Park Road,Apartment 91,Ahmedabad,Gujarat,India,380001,9000000190,divyansh.bhatia190@example.com,2017-08-18,Retail,Active,Verified,2025-07-19,Moderate,802,RM018,Hindi,Mobile App,Yes
CUST00191,CIF00000191,Nikita,,Mane,1967-06-17,59,Female,Married,Indian,Resident,Salaried,Professor,Private Company,Salaried,3116269,20-50L,Postgraduate,508 Station Road,Apartment 92,Coimbatore,Tamil Nadu,India,641001,9000000191,nikita.mane191@example.com,2021-12-08,Premium,Active,Verified,2024-11-07,High,826,RM007,Bengali,NetBanking,Yes
CUST00192,CIF00000192,Sneha,,Malhotra,2007-12-07,19,Female,Single,Indian,Resident,Salaried,Finance Manager,HDFC Bank,Salaried,409371,3-5L,Diploma,633 Market Road,Apartment 226,Madurai,Tamil Nadu,India,625001,9000000192,sneha.malhotra192@example.com,2021-10-18,Retail,Active,Verified,2024-09-05,Moderate,751,RM011,Telugu,NetBanking,Yes
CUST00193,CIF00000193,Anvi,,Sharma,2000-06-19,26,Female,Married,Indian,Resident,Salaried,Product Manager,Deloitte,Salaried,1180621,10-20L,Doctorate,782 Main Street,Apartment 286,Ghaziabad,Uttar Pradesh,India,201001,9000000193,anvi.sharma193@example.com,2023-06-10,Retail,Active,Verified,2024-01-23,Moderate,731,RM009,Hindi,Mobile App,Yes
CUST00194,CIF00000194,Vicky,,Solanki,1985-02-19,41,Male,Widowed,Indian,Resident,Salaried,Senior Software Engineer,Bajaj Finserv,Salaried,3172778,20-50L,Higher Secondary,998 Market Road,Apartment 400,Nagpur,Maharashtra,India,440001,9000000194,vicky.solanki194@example.com,2022-07-09,Retail,Active,Verified,2025-06-09,Moderate,803,RM006,Punjabi,Mobile App,No
CUST00195,CIF00000195,Chirag,,Goel,1981-08-28,45,Male,Married,Indian,Resident,Salaried,Pharmacist,Infosys,Salaried,1777184,10-20L,Diploma,390 MG Road,Apartment 229,Warangal,Telangana,India,506002,9000000195,chirag.goel195@example.com,2021-12-06,Premium,Active,Verified,2026-02-28,Moderate,711,RM025,Punjabi,Mobile App,Yes
CUST00196,CIF00000196,Ishaan,,Menon,1994-03-19,32,Male,Married,Indian,Resident,Salaried,Project Manager,Infosys,Salaried,1864056,10-20L,Higher Secondary,132 Market Road,Apartment 80,Kanpur,Uttar Pradesh,India,208001,9000000196,ishaan.menon196@example.com,2020-01-31,Retail,Active,Verified,2024-02-09,Low,762,RM004,Punjabi,SMS,Yes
CUST00197,CIF00000197,Muskan,,Kulkarni,2000-02-24,26,Female,Married,Indian,Resident,Self-employed,Lawyer,PwC India,Self-employed,5029731,50L+,Higher Secondary,735 Park Road,Apartment 145,Navi Mumbai,Maharashtra,India,400703,9000000197,muskan.kulkarni197@example.com,2022-10-10,Premium,Active,Verified,2024-08-19,High,833,RM017,Marathi,Mobile App,Yes
CUST00198,CIF00000198,Manisha,,Bhat,1974-07-18,52,Female,Divorced,Indian,Resident,Salaried,Cloud Engineer,Capgemini,Salaried,1693424,10-20L,Higher Secondary,990 Market Road,Apartment 94,Bhubaneswar,Odisha,India,751001,9000000198,manisha.bhat198@example.com,2020-04-26,Retail,Active,Verified,2025-06-07,High,712,RM013,Marathi,Mobile App,Yes
CUST00199,CIF00000199,Diya,,Wagh,1970-07-19,56,Female,Married,Indian,Resident,Salaried,Product Manager,EY India,Salaried,1396792,10-20L,Diploma,255 Main Street,Apartment 37,New Delhi,Delhi,India,110011,9000000199,diya.wagh199@example.com,2019-09-21,Retail,Active,Verified,2024-05-23,Moderate,780,RM026,Hindi,NetBanking,Yes
CUST00200,CIF00000200,Akshay,,Verma,1970-12-09,56,Male,Divorced,Indian,Resident,Salaried,Mechanical Engineer,Central Government,Salaried,2924108,20-50L,Graduate,656 Market Road,Apartment 169,Kochi,Kerala,India,682001,9000000200,akshay.verma200@example.com,2024-02-27,Premium,Active,Verified,2024-12-31,Moderate,840,RM006,English,SMS,Yes
CUST00201,CIF00000201,Khushi,,Kaur,1991-06-25,35,Female,Married,Indian,Resident,Business,Restaurant Owner,Independent Business,Business,1601936,10-20L,Diploma,865 Park Road,Apartment 439,Madurai,Tamil Nadu,India,625001,9000000201,khushi.kaur201@example.com,2025-08-24,Business,Active,Verified,2025-07-05,Moderate,820,RM048,Gujarati,Email,Yes
CUST00202,CIF00000202,Shruti,,Tiwari,1974-09-12,52,Female,Married,Indian,Resident,Salaried,HR Manager,IBM India,Salaried,4238424,20-50L,Postgraduate,137 Park Road,Apartment 54,Aurangabad,Maharashtra,India,431001,9000000202,shruti.tiwari202@example.com,2024-06-09,Premium,Active,Verified,2026-06-16,Low,839,RM019,Punjabi,Email,Yes
CUST00203,CIF00000203,Palak,,Modi,2002-08-19,24,Female,Single,Indian,Resident,Salaried,Researcher,Microsoft India,Salaried,419445,3-5L,Postgraduate,67 Station Road,Apartment 12,Guwahati,Assam,India,781001,9000000203,palak.modi203@example.com,2023-06-11,Retail,Active,Verified,2024-02-28,Low,757,RM023,Bengali,NetBanking,Yes
CUST00204,CIF00000204,Esha,,Salunke,1989-10-02,37,Female,Married,Indian,Resident,Salaried,Defence Personnel,Private Company,Salaried,3724293,20-50L,Graduate,602 MG Road,Apartment 397,Kolkata,West Bengal,India,700001,9000000204,esha.salunke204@example.com,2018-08-14,Retail,Dormant,Verified,2025-06-26,Moderate,817,RM027,Marathi,SMS,Yes
CUST00205,CIF00000205,Arjun,,Yadav,1977-03-17,49,Male,Married,Indian,Resident,Salaried,HR Manager,Deloitte,Salaried,3044850,20-50L,Diploma,834 Park Road,Apartment 16,Jaipur,Rajasthan,India,302001,9000000205,arjun.yadav205@example.com,2023-06-10,Premium,Active,Verified,2026-06-28,Moderate,844,RM008,Tamil,SMS,No
CUST00206,CIF00000206,Aaradhya,,Shinde,2002-02-10,24,Female,Single,Indian,Resident,Self-employed,Lawyer,Tata Motors,Self-employed,5208131,50L+,Doctorate,766 Market Road,Apartment 278,Kanpur,Uttar Pradesh,India,208001,9000000206,aaradhya.shinde206@example.com,2024-11-02,Retail,Active,Verified,2024-02-19,Moderate,797,RM035,English,Mobile App,Yes
CUST00207,CIF00000207,Himanshu,,Rane,1984-11-23,42,Male,Married,Indian,Resident,Salaried,Pharmacist,TCS,Salaried,1594805,10-20L,Diploma,73 MG Road,Apartment 60,Kochi,Kerala,India,682001,9000000207,himanshu.rane207@example.com,2021-06-08,Retail,Active,Verified,2024-03-09,Moderate,690,RM012,Malayalam,Mobile App,Yes
CUST00208,CIF00000208,Manya,,Jadhav,1967-08-03,59,Female,Married,Indian,Resident,Salaried,Data Scientist,Microsoft India,Salaried,4182561,20-50L,Diploma,617 Market Road,Apartment 148,Surat,Gujarat,India,395001,9000000208,manya.jadhav208@example.com,2019-03-08,Premium,Active,Verified,2024-11-21,Moderate,814,RM004,Hindi,Mobile App,Yes
CUST00209,CIF00000209,Sharanya,,Bansal,1981-07-15,45,Female,Married,Indian,Resident,Salaried,Professor,Microsoft India,Salaried,1403911,10-20L,Postgraduate,455 Park Road,Apartment 238,Ghaziabad,Uttar Pradesh,India,201001,9000000209,sharanya.bansal209@example.com,2018-05-28,Retail,Active,Verified,2025-02-12,Low,770,RM009,Malayalam,Mobile App,Yes
CUST00210,CIF00000210,Bharat,,Trivedi,1959-10-17,67,Male,Married,Indian,Resident,Salaried,UI/UX Designer,Bajaj Finserv,Salaried,4271184,20-50L,Higher Secondary,693 MG Road,Apartment 403,Hyderabad,Telangana,India,500001,9000000210,bharat.trivedi210@example.com,2025-04-13,Premium,Active,Verified,2026-07-31,High,827,RM004,Telugu,Mobile App,Yes
CUST00211,CIF00000211,Ansh,,Gandhi,1969-06-20,57,Male,Widowed,Indian,Resident,Salaried,Professor,PwC India,Salaried,4201888,20-50L,Postgraduate,17 Market Road,Apartment 457,Delhi,Delhi,India,110001,9000000211,ansh.gandhi211@example.com,2020-08-06,Business,Active,Pending,2025-01-08,Moderate,821,RM017,Gujarati,Email,Yes
CUST00212,CIF00000212,Isha,,Chopra,1980-03-19,46,Female,Divorced,Indian,Resident,Salaried,Project Manager,Infosys,Salaried,3594340,20-50L,Diploma,798 MG Road,Apartment 443,Thiruvananthapuram,Kerala,India,695001,9000000212,isha.chopra212@example.com,2025-07-19,Retail,Active,Verified,2026-01-24,Low,761,RM022,Punjabi,Mobile App,Yes
CUST00213,CIF00000213,Harish,,Vaidya,1990-11-09,36,Male,Married,Indian,Resident,Salaried,Researcher,Flipkart,Salaried,2529235,20-50L,Graduate,773 Station Road,Apartment 34,Surat,Gujarat,India,395001,9000000213,harish.vaidya213@example.com,2025-04-01,Retail,Active,Verified,2026-07-13,Low,797,RM047,English,SMS,Yes
CUST00214,CIF00000214,Harsh,,Patel,2008-01-16,18,Male,Single,Indian,Resident,Business,Retail Business Owner,Independent Business,Business,11902692,50L+,Postgraduate,163 Main Street,Apartment 425,Bengaluru,Karnataka,India,560001,9000000214,harsh.patel214@example.com,2017-03-09,Business,Dormant,Verified,2024-08-21,Low,790,RM013,Bengali,Mobile App,Yes
CUST00215,CIF00000215,Sonia,,Malhotra,1973-04-16,53,Female,Widowed,Indian,Resident,Self-employed,Architect,Bajaj Finserv,Self-employed,5342070,50L+,Doctorate,482 MG Road,Apartment 161,Hyderabad,Telangana,India,500001,9000000215,sonia.malhotra215@example.com,2023-06-03,Retail,Active,Verified,2026-02-07,Moderate,820,RM010,Punjabi,Mobile App,Yes
CUST00216,CIF00000216,Jay,,Pawar,1973-01-04,53,Male,Married,Indian,Resident,Salaried,Marketing Manager,Reliance Industries,Salaried,5881533,50L+,Higher Secondary,889 Main Street,Apartment 283,Rajkot,Gujarat,India,360001,9000000216,jay.pawar216@example.com,2019-03-22,Premium,Active,Verified,2026-05-01,Low,766,RM047,Kannada,Mobile App,Yes
CUST00217,CIF00000217,Kanchan,,Pillai,1960-10-16,66,Female,Married,Indian,Resident,Self-employed,Consultant,State Government,Self-employed,661528,5-10L,Higher Secondary,358 MG Road,Apartment 298,Surat,Gujarat,India,395001,9000000217,kanchan.pillai217@example.com,2017-06-14,Retail,Active,Verified,2026-04-28,Moderate,731,RM011,Kannada,Mobile App,Yes
CUST00218,CIF00000218,Kirti,,Shah,2005-12-13,21,Female,Single,Indian,Resident,Self-employed,Chartered Accountant,Infosys,Self-employed,5255053,50L+,Graduate,469 Park Road,Apartment 309,Madurai,Tamil Nadu,India,625001,9000000218,kirti.shah218@example.com,2019-06-06,Premium,Active,Verified,2025-05-06,Moderate,840,RM036,Punjabi,NetBanking,Yes
CUST00219,CIF00000219,Trisha,,Shah,1982-11-09,44,Female,Married,Indian,Resident,Salaried,HR Manager,Reliance Industries,Salaried,855654,5-10L,Diploma,241 Park Road,Apartment 415,Nagpur,Maharashtra,India,440001,9000000219,trisha.shah219@example.com,2025-01-23,Retail,Active,Verified,2026-06-13,Low,802,RM037,Kannada,Mobile App,Yes
CUST00220,CIF00000220,Shruti,,Subramanian,1965-12-13,61,Female,Married,Indian,Resident,Salaried,Marketing Manager,EY India,Salaried,1258661,10-20L,Higher Secondary,844 Park Road,Apartment 451,Bengaluru,Karnataka,India,560001,9000000220,shruti.subramanian220@example.com,2023-06-08,Retail,Active,Verified,2024-02-12,High,715,RM034,Hindi,Email,Yes
CUST00221,CIF00000221,Chirag,,Roy,1969-07-25,57,Male,Married,Indian,Resident,Student,Student,College / University,Student,241056,0-3L,Doctorate,789 MG Road,Apartment 217,Nagpur,Maharashtra,India,440001,9000000221,chirag.roy221@example.com,2022-08-10,Premium,Active,Verified,2024-12-25,Low,694,RM044,Bengali,NetBanking,No
CUST00222,CIF00000222,Vikram,,Sinha,1980-08-06,46,Male,Married,Indian,Resident,Salaried,Product Manager,Larsen & Toubro,Salaried,2905845,20-50L,Postgraduate,301 Station Road,Apartment 21,Ahmedabad,Gujarat,India,380001,9000000222,vikram.sinha222@example.com,2023-01-04,Retail,Active,Verified,2024-04-22,Moderate,762,RM044,Marathi,Email,No
CUST00223,CIF00000223,Prachi,,Kumar,1978-06-02,48,Female,Married,Indian,Resident,Salaried,Product Manager,Wipro,Salaried,3552565,20-50L,Doctorate,808 MG Road,Apartment 58,Ghaziabad,Uttar Pradesh,India,201001,9000000223,prachi.kumar223@example.com,2018-08-27,Premium,Active,Verified,2025-06-27,Moderate,747,RM001,Tamil,Mobile App,Yes
CUST00224,CIF00000224,Ashok,,Varma,1975-07-09,51,Male,Married,Indian,Resident,Salaried,Teacher,State Government,Salaried,5070257,50L+,Postgraduate,666 Main Street,Apartment 156,Bhopal,Madhya Pradesh,India,462001,9000000224,ashok.varma224@example.com,2017-12-14,Premium,Active,Verified,2026-07-30,Moderate,828,RM020,Bengali,Mobile App,Yes
CUST00225,CIF00000225,Avantika,,Kulkarni,1970-09-19,56,Female,Married,Indian,Resident,Salaried,Product Manager,Aditya Birla Group,Salaried,3018422,20-50L,Graduate,524 Market Road,Apartment 216,Kanpur,Uttar Pradesh,India,208001,9000000225,avantika.kulkarni225@example.com,2019-02-13,Premium,Active,Verified,2025-03-13,Moderate,848,RM041,Bengali,Branch,Yes
CUST00226,CIF00000226,Naveen,,Wagh,1991-11-10,35,Male,Married,Indian,Resident,Self-employed,Content Creator,Independent Consultant,Self-employed,1544912,10-20L,Postgraduate,594 Market Road,Apartment 435,Ghaziabad,Uttar Pradesh,India,201001,9000000226,naveen.wagh226@example.com,2018-12-12,Retail,Active,Verified,2024-04-12,Moderate,736,RM006,Kannada,Mobile App,Yes
CUST00227,CIF00000227,Bharat,,Patel,1992-12-06,34,Male,Married,Indian,Resident,Self-employed,Freelancer,PwC India,Self-employed,1826223,10-20L,Higher Secondary,631 Market Road,Apartment 26,Patna,Bihar,India,800001,9000000227,bharat.patel227@example.com,2021-04-12,Retail,Active,Verified,2024-09-18,Low,773,RM029,Marathi,Mobile App,Yes
CUST00228,CIF00000228,Aditya,,Sharma,1999-03-21,27,Male,Married,Indian,Resident,Salaried,Cloud Engineer,Reliance Industries,Salaried,1007354,10-20L,Doctorate,773 MG Road,Apartment 35,Lucknow,Uttar Pradesh,India,226001,9000000228,aditya.sharma228@example.com,2022-02-07,Retail,Dormant,Verified,2024-10-21,Moderate,724,RM030,Malayalam,Email,Yes
CUST00229,CIF00000229,Raj,,Menon,1983-03-14,43,Male,Widowed,Indian,Resident,Salaried,Doctor,Flipkart,Salaried,1396913,10-20L,Higher Secondary,252 Station Road,Apartment 460,Chennai,Tamil Nadu,India,600001,9000000229,raj.menon229@example.com,2022-03-26,Retail,Active,Verified,2025-01-18,Moderate,799,RM004,Telugu,Mobile App,Yes
CUST00230,CIF00000230,Kareena,,Saini,1962-04-14,64,Female,Married,Indian,Resident,Salaried,Pharmacist,Larsen & Toubro,Salaried,2107552,20-50L,Doctorate,199 Park Road,Apartment 410,Hyderabad,Telangana,India,500001,9000000230,kareena.saini230@example.com,2019-06-22,Premium,Active,Verified,2025-07-14,Moderate,735,RM037,Tamil,Branch,No
CUST00231,CIF00000231,Rohit,,Subramanian,1976-01-14,50,Male,Married,Indian,Resident,Salaried,Mechanical Engineer,Mahindra & Mahindra,Salaried,4361517,20-50L,Postgraduate,835 Park Road,Apartment 79,Ghaziabad,Uttar Pradesh,India,201001,9000000231,rohit.subramanian231@example.com,2018-10-28,Premium,Active,Pending,2024-12-07,Moderate,848,RM024,Hindi,Email,Yes
CUST00232,CIF00000232,Krishna,,Verma,1994-07-14,32,Male,Married,Indian,Resident,Salaried,Teacher,Family Business,Salaried,567179,5-10L,Diploma,814 Main Street,Apartment 342,Kolkata,West Bengal,India,700001,9000000232,krishna.verma232@example.com,2021-01-09,Retail,Active,Verified,2024-06-01,Moderate,810,RM046,Marathi,Email,Yes
CUST00233,CIF00000233,Sapna,,Jain,1978-07-26,48,Female,Married,Indian,Resident,Salaried,Data Analyst,HCLTech,Salaried,2327604,20-50L,Graduate,461 Station Road,Apartment 418,Hyderabad,Telangana,India,500001,9000000233,sapna.jain233@example.com,2019-10-30,Premium,Active,Verified,2025-03-08,Moderate,753,RM043,Telugu,NetBanking,No
CUST00234,CIF00000234,Aditi,,Mane,1987-08-09,39,Female,Married,Indian,Resident,Salaried,Senior Software Engineer,State Government,Salaried,2508492,20-50L,Graduate,913 MG Road,Apartment 419,Aurangabad,Maharashtra,India,431001,9000000234,aditi.mane234@example.com,2023-10-30,Retail,Active,Verified,2024-09-17,Moderate,848,RM026,Tamil,NetBanking,Yes
CUST00235,CIF00000235,Pallavi,,Suresh,1968-08-11,58,Female,Divorced,Indian,Resident,Salaried,Product Manager,TCS,Salaried,1539428,10-20L,Higher Secondary,513 Market Road,Apartment 239,Delhi,Delhi,India,110001,9000000235,pallavi.suresh235@example.com,2017-09-28,Retail,Active,Verified,2025-09-21,High,749,RM018,Hindi,Mobile App,Yes
CUST00236,CIF00000236,Yashwant,,Modi,1979-06-04,47,Male,Married,Indian,Resident,Salaried,Project Manager,Capgemini,Salaried,1362370,10-20L,Doctorate,831 MG Road,Apartment 403,Patna,Bihar,India,800001,9000000236,yashwant.modi236@example.com,2022-04-24,Retail,Active,Verified,2024-11-15,Moderate,806,RM035,Kannada,NetBanking,Yes
CUST00237,CIF00000237,Anjali,,Naik,1991-10-18,35,Female,Married,Indian,Resident,Salaried,Data Scientist,Family Business,Salaried,1374165,10-20L,Diploma,84 Main Street,Apartment 87,Mumbai,Maharashtra,India,400001,9000000237,anjali.naik237@example.com,2021-01-19,Premium,Active,Verified,2025-12-18,Moderate,783,RM007,Odia,Mobile App,Yes
CUST00238,CIF00000238,Yash,,Joshi,1991-02-28,35,Male,Married,Indian,Resident,Salaried,DevOps Engineer,TCS,Salaried,3209941,20-50L,Graduate,333 Park Road,Apartment 194,Warangal,Telangana,India,506002,9000000238,yash.joshi238@example.com,2020-10-30,Premium,Active,Verified,2025-03-30,Low,787,RM043,Gujarati,Email,Yes
CUST00239,CIF00000239,Naman,,Deshmukh,1993-12-25,33,Male,Married,Indian,Resident,Salaried,Teacher,KPMG India,Salaried,1028689,10-20L,Doctorate,430 Market Road,Apartment 175,Guwahati,Assam,India,781001,9000000239,naman.deshmukh239@example.com,2022-12-05,Retail,Active,Verified,2024-04-21,Low,680,RM047,Tamil,Mobile App,Yes
CUST00240,CIF00000240,Sanjay,,Joshi,1995-04-20,31,Male,Married,Indian,Resident,Salaried,Mechanical Engineer,State Government,Salaried,703122,5-10L,Higher Secondary,96 Main Street,Apartment 406,Mumbai,Maharashtra,India,400001,9000000240,sanjay.joshi240@example.com,2020-02-23,Retail,Active,Verified,2026-02-18,High,795,RM016,English,Mobile App,Yes
CUST00241,CIF00000241,Trisha,,Saha,1999-04-03,27,Female,Single,Indian,Resident,Salaried,Product Manager,Wipro,Salaried,833591,5-10L,Diploma,426 MG Road,Apartment 223,Mumbai,Maharashtra,India,400001,9000000241,trisha.saha241@example.com,2024-09-04,Retail,Active,Verified,2024-09-29,Low,787,RM046,Malayalam,Email,Yes
CUST00242,CIF00000242,Sourabh,,Dubey,1993-05-11,33,Male,Married,Indian,Resident,Salaried,Data Scientist,Google India,Salaried,1566225,10-20L,Doctorate,140 Station Road,Apartment 23,Ranchi,Jharkhand,India,834001,9000000242,sourabh.dubey242@example.com,2017-12-09,Retail,Active,Verified,2024-07-29,Moderate,766,RM009,Gujarati,Mobile App,Yes
CUST00243,CIF00000243,Shruti,,Mehta,1992-05-17,34,Female,Married,Indian,Resident,Salaried,Marketing Manager,Family Business,Salaried,678342,5-10L,Doctorate,808 MG Road,Apartment 161,Bengaluru,Karnataka,India,560001,9000000243,shruti.mehta243@example.com,2022-11-10,Retail,Active,Verified,2025-03-21,Low,699,RM030,English,SMS,Yes
CUST00244,CIF00000244,Reema,,Nayak,1958-09-24,68,Female,Married,Indian,Resident,Salaried,Senior Software Engineer,HCLTech,Salaried,5310913,50L+,Higher Secondary,268 Main Street,Apartment 493,Aurangabad,Maharashtra,India,431001,9000000244,reema.nayak244@example.com,2021-05-24,Retail,Active,Verified,2025-04-30,Moderate,836,RM032,Gujarati,SMS,Yes
CUST00245,CIF00000245,Harsh,,Kapoor,1962-05-17,64,Male,Married,Indian,Resident,Salaried,Mechanical Engineer,Infosys,Salaried,3751545,20-50L,Doctorate,984 Market Road,Apartment 259,Mangaluru,Karnataka,India,575001,9000000245,harsh.kapoor245@example.com,2022-04-09,Premium,Active,Verified,2024-08-19,Moderate,769,RM047,Hindi,Mobile App,Yes
CUST00246,CIF00000246,Karan,,Sinha,1982-02-18,44,Male,Married,Indian,Resident,Salaried,Bank Employee,KPMG India,Salaried,3821098,20-50L,Diploma,858 Market Road,Apartment 269,Mumbai,Maharashtra,India,400001,9000000246,karan.sinha246@example.com,2017-04-19,Premium,Active,Verified,2025-01-21,Low,805,RM022,Bengali,Email,Yes
CUST00247,CIF00000247,Shreya,,Bhosale,1985-01-02,41,Female,Married,Indian,Resident,Salaried,Senior Software Engineer,Wipro,Salaried,2215543,20-50L,Diploma,896 MG Road,Apartment 267,Noida,Uttar Pradesh,India,201301,9000000247,shreya.bhosale247@example.com,2018-01-29,Retail,Active,Verified,2025-02-11,Low,825,RM039,Hindi,Email,Yes
CUST00248,CIF00000248,Harshad,,Bhosale,1995-10-19,31,Male,Single,Indian,Resident,Self-employed,Chartered Accountant,HDFC Bank,Self-employed,5911789,50L+,Higher Secondary,823 Main Street,Apartment 147,Delhi,Delhi,India,110001,9000000248,harshad.bhosale248@example.com,2024-10-13,Premium,Active,Verified,2026-01-01,Moderate,807,RM029,Tamil,NetBanking,Yes
CUST00249,CIF00000249,Harshad,,Yadav,1964-12-08,62,Male,Married,Indian,Resident,Salaried,Senior Software Engineer,Independent Consultant,Salaried,5580076,50L+,Doctorate,622 Station Road,Apartment 167,Noida,Uttar Pradesh,India,201301,9000000249,harshad.yadav249@example.com,2017-05-06,Retail,Active,Verified,2025-01-05,Moderate,752,RM042,Gujarati,Mobile App,Yes
CUST00250,CIF00000250,Vandana,,Solanki,1991-07-03,35,Female,Married,Indian,Resident,Salaried,Data Analyst,Microsoft India,Salaried,923539,5-10L,Higher Secondary,120 Park Road,Apartment 258,Mysuru,Karnataka,India,570001,9000000250,vandana.solanki250@example.com,2024-06-27,Retail,Active,Verified,2024-07-16,Moderate,811,RM040,Telugu,Mobile App,Yes
CUST00251,CIF00000251,Simran,,Rane,1966-03-19,60,Female,Married,Indian,Resident,Salaried,Cloud Engineer,IBM India,Salaried,5902227,50L+,Doctorate,69 Main Street,Apartment 12,Pune,Maharashtra,India,411001,9000000251,simran.rane251@example.com,2022-07-09,Premium,Active,Verified,2025-06-30,Moderate,848,RM017,Hindi,Mobile App,No
CUST00252,CIF00000252,Trisha,,Deshmukh,1983-02-16,43,Female,Widowed,Indian,Resident,Self-employed,Freelancer,Startup,Self-employed,4981041,20-50L,Doctorate,550 Station Road,Apartment 53,Bengaluru,Karnataka,India,560001,9000000252,trisha.deshmukh252@example.com,2018-11-29,Premium,Active,Verified,2026-08-10,Low,739,RM027,Marathi,Mobile App,Yes
CUST00253,CIF00000253,Sameer,,Chavan,1975-11-09,51,Male,Married,Indian,Resident,Salaried,HR Manager,Aditya Birla Group,Salaried,1510298,10-20L,Diploma,441 Market Road,Apartment 312,New Delhi,Delhi,India,110011,9000000253,sameer.chavan253@example.com,2025-06-20,Retail,Active,Verified,2026-06-07,Moderate,690,RM002,Marathi,NetBanking,Yes
CUST00254,CIF00000254,Sahil,,Shah,1977-03-11,49,Male,Married,Indian,Resident,Retired,Retired Professional,Retired,Retired,1416098,10-20L,Doctorate,591 Station Road,Apartment 253,Ranchi,Jharkhand,India,834001,9000000254,sahil.shah254@example.com,2021-11-23,Retail,Dormant,Verified,2025-10-20,Moderate,809,RM035,Telugu,SMS,Yes
CUST00255,CIF00000255,Devaansh,,Rao,1998-03-19,28,Male,Single,Indian,Resident,Self-employed,Dentist,ICICI Bank,Self-employed,1167791,10-20L,Diploma,414 Market Road,Apartment 114,Rajkot,Gujarat,India,360001,9000000255,devaansh.rao255@example.com,2022-06-03,Retail,Active,Verified,2025-06-26,High,725,RM039,Odia,Mobile App,Yes
CUST00256,CIF00000256,Manav,,Naik,1971-06-07,55,Male,Divorced,Indian,Resident,Salaried,Doctor,Amazon India,Salaried,3157657,20-50L,Higher Secondary,222 Station Road,Apartment 188,Thane,Maharashtra,India,400601,9000000256,manav.naik256@example.com,2017-12-28,Premium,Active,Verified,2025-03-05,Moderate,767,RM031,Malayalam,Mobile App,Yes
CUST00257,CIF00000257,Sharanya,,Malhotra,1974-10-04,52,Female,Married,Indian,Resident,Self-employed,Architect,Bajaj Finserv,Self-employed,5435196,50L+,Higher Secondary,832 Park Road,Apartment 171,Lucknow,Uttar Pradesh,India,226001,9000000257,sharanya.malhotra257@example.com,2023-11-19,Retail,Active,Verified,2024-01-07,Moderate,752,RM003,English,Mobile App,Yes
CUST00258,CIF00000258,Sachin,,Subramanian,1957-07-24,69,Male,Married,Indian,Resident,Salaried,Business Analyst,Deloitte,Salaried,2021773,20-50L,Higher Secondary,907 MG Road,Apartment 267,Aurangabad,Maharashtra,India,431001,9000000258,sachin.subramanian258@example.com,2024-03-27,Retail,Active,Verified,2024-06-12,Moderate,810,RM014,Malayalam,Mobile App,Yes
CUST00259,CIF00000259,Vikas,,Trivedi,1967-03-04,59,Male,Married,Indian,Resident,Student,Student,College / University,Student,48797,0-3L,Postgraduate,819 Main Street,Apartment 337,Pune,Maharashtra,India,411001,9000000259,vikas.trivedi259@example.com,2023-06-20,Retail,Active,Verified,2024-11-06,Low,728,RM016,Malayalam,Mobile App,Yes
CUST00260,CIF00000260,Ved,,Salunke,1970-09-16,56,Male,Married,Indian,Resident,Student,Student,College / University,Student,115027,0-3L,Higher Secondary,220 Park Road,Apartment 363,Dehradun,Uttarakhand,India,248001,9000000260,ved.salunke260@example.com,2017-08-16,Retail,Active,Verified,2025-08-16,Moderate,681,RM036,Malayalam,Mobile App,Yes
CUST00261,CIF00000261,Kavya,,Jain,1964-04-13,62,Female,Married,Indian,Resident,Salaried,Mechanical Engineer,Aditya Birla Group,Salaried,5214550,50L+,Higher Secondary,835 Market Road,Apartment 438,Coimbatore,Tamil Nadu,India,641001,9000000261,kavya.jain261@example.com,2025-12-16,Retail,Active,Verified,2025-04-16,Low,755,RM005,Telugu,Branch,Yes
CUST00262,CIF00000262,Amar,,Pawar,1983-08-08,43,Male,Married,Indian,Resident,Salaried,Business Analyst,Wipro,Salaried,1343172,10-20L,Diploma,948 Market Road,Apartment 383,Nagpur,Maharashtra,India,440001,9000000262,amar.pawar262@example.com,2025-02-09,Retail,Active,Verified,2025-08-08,Moderate,767,RM013,Kannada,Branch,Yes
CUST00263,CIF00000263,Aparna,,Garg,1991-02-24,35,Female,Married,Indian,Resident,Salaried,Finance Manager,HDFC Bank,Salaried,2577806,20-50L,Diploma,27 Station Road,Apartment 247,Guwahati,Assam,India,781001,9000000263,aparna.garg263@example.com,2025-07-21,Premium,Active,Verified,2025-01-05,Moderate,757,RM040,Marathi,Mobile App,Yes
CUST00264,CIF00000264,Radhika,,Narayan,1985-01-25,41,Female,Married,Indian,Resident,Salaried,Teacher,Cognizant,Salaried,2583292,20-50L,Higher Secondary,817 Market Road,Apartment 63,Coimbatore,Tamil Nadu,India,641001,9000000264,radhika.narayan264@example.com,2019-10-26,Premium,Active,Verified,2026-07-22,Low,785,RM048,Kannada,Mobile App,Yes
CUST00265,CIF00000265,Tanya,,Ghosh,2003-05-11,23,Female,Single,Indian,Resident,Salaried,Civil Engineer,Family Business,Salaried,606785,5-10L,Doctorate,26 MG Road,Apartment 408,Coimbatore,Tamil Nadu,India,641001,9000000265,tanya.ghosh265@example.com,2017-08-24,Retail,Active,Verified,2025-05-12,Moderate,748,RM043,Bengali,Mobile App,Yes
CUST00266,CIF00000266,Rahul,,Chaudhary,1996-02-05,30,Male,Married,Indian,Resident,Self-employed,Trader,Larsen & Toubro,Self-employed,5451939,50L+,Diploma,497 Main Street,Apartment 488,Delhi,Delhi,India,110001,9000000266,rahul.chaudhary266@example.com,2025-05-30,Premium,Active,Verified,2024-09-29,Moderate,743,RM016,Gujarati,Mobile App,Yes
CUST00267,CIF00000267,Ashok,,Patil,1965-08-01,61,Male,Divorced,Indian,Resident,Retired,Retired Professional,Retired,Retired,1498653,10-20L,Doctorate,516 Market Road,Apartment 494,Thiruvananthapuram,Kerala,India,695001,9000000267,ashok.patil267@example.com,2022-01-12,Retail,Active,Verified,2024-02-01,High,717,RM005,Malayalam,Mobile App,No
CUST00268,CIF00000268,Prachi,,Sinha,1999-02-26,27,Female,Married,Indian,Resident,Self-employed,Trader,HCLTech,Self-employed,3789211,20-50L,Doctorate,434 MG Road,Apartment 182,Chandigarh,Chandigarh,India,160001,9000000268,prachi.sinha268@example.com,2023-08-09,Premium,Active,Verified,2025-07-19,Moderate,759,RM042,Gujarati,Mobile App,Yes
CUST00269,CIF00000269,Naina,,Ghosh,1960-12-08,66,Female,Married,Indian,Resident,Salaried,Government Employee,Accenture,Salaried,4634392,20-50L,Graduate,678 Market Road,Apartment 328,Aurangabad,Maharashtra,India,431001,9000000269,naina.ghosh269@example.com,2017-10-30,Premium,Active,Pending,2026-06-13,Low,836,RM014,Kannada,SMS,Yes
CUST00270,CIF00000270,Alok,,Mahajan,2003-09-20,23,Male,Single,Indian,Resident,Business,Restaurant Owner,Retail Business,Business,5344445,50L+,Diploma,716 Market Road,Apartment 203,Navi Mumbai,Maharashtra,India,400703,9000000270,alok.mahajan270@example.com,2021-06-04,Business,Active,Verified,2024-11-15,Moderate,763,RM033,Kannada,NetBanking,Yes
CUST00271,CIF00000271,Abhinav,,Varma,1967-12-28,59,Male,Married,Indian,Resident,Salaried,Insurance Officer,Flipkart,Salaried,3426084,20-50L,Doctorate,629 Park Road,Apartment 221,Vadodara,Gujarat,India,390001,9000000271,abhinav.varma271@example.com,2020-04-16,Premium,Active,Verified,2026-03-19,Moderate,778,RM028,Tamil,Mobile App,Yes
CUST00272,CIF00000272,Shashank,,Modi,1969-01-01,57,Male,Married,Indian,Resident,Salaried,Product Manager,Cognizant,Salaried,4172761,20-50L,Doctorate,16 MG Road,Apartment 243,Thane,Maharashtra,India,400601,9000000272,shashank.modi272@example.com,2022-08-24,Premium,Active,Pending,2025-05-07,Moderate,798,RM046,Bengali,NetBanking,No
CUST00273,CIF00000273,Yamini,,Kulkarni,1985-02-04,41,Female,Married,Indian,Resident,Salaried,Pharmacist,HDFC Bank,Salaried,997757,5-10L,Diploma,968 Station Road,Apartment 79,Bhopal,Madhya Pradesh,India,462001,9000000273,yamini.kulkarni273@example.com,2022-03-29,Retail,Active,Pending,2024-10-19,Moderate,766,RM050,Malayalam,SMS,Yes
CUST00274,CIF00000274,Girish,,Verma,1958-01-28,68,Male,Divorced,Indian,Resident,Self-employed,Chartered Accountant,Reliance Industries,Self-employed,3226295,20-50L,Higher Secondary,528 MG Road,Apartment 367,Thiruvananthapuram,Kerala,India,695001,9000000274,girish.verma274@example.com,2019-07-29,Premium,Active,Verified,2025-06-01,Low,838,RM019,Malayalam,Mobile App,Yes
CUST00275,CIF00000275,Daksh,,Modi,1978-02-28,48,Male,Married,Indian,Resident,Student,Student,College / University,Student,184307,0-3L,Doctorate,554 Park Road,Apartment 364,Chandigarh,Chandigarh,India,160001,9000000275,daksh.modi275@example.com,2024-08-21,Retail,Active,Verified,2026-07-15,Moderate,682,RM014,Malayalam,Mobile App,Yes
CUST00276,CIF00000276,Anmol,,Garg,2001-02-02,25,Male,Single,Indian,Resident,Salaried,Data Analyst,TCS,Salaried,745310,5-10L,Higher Secondary,521 Market Road,Apartment 344,Chennai,Tamil Nadu,India,600001,9000000276,anmol.garg276@example.com,2024-10-04,Retail,Active,Verified,2025-11-23,Moderate,813,RM031,Kannada,Mobile App,Yes
CUST00277,CIF00000277,Vidhi,,Vaidya,1988-06-24,38,Female,Married,Indian,Resident,Salaried,Business Analyst,Aditya Birla Group,Salaried,946252,5-10L,Doctorate,389 Park Road,Apartment 428,Pune,Maharashtra,India,411001,9000000277,vidhi.vaidya277@example.com,2017-01-15,Retail,Active,Verified,2025-12-06,Moderate,774,RM003,Kannada,Mobile App,Yes
CUST00278,CIF00000278,Pooja,,Jadhav,1990-09-14,36,Female,Married,Indian,Resident,Salaried,Bank Employee,Aditya Birla Group,Salaried,1390670,10-20L,Doctorate,569 Market Road,Apartment 460,Dehradun,Uttarakhand,India,248001,9000000278,pooja.jadhav278@example.com,2023-10-22,Premium,Active,Verified,2025-06-25,Moderate,797,RM044,Odia,NetBanking,Yes
CUST00279,CIF00000279,Bhavesh,,Das,1970-01-26,56,Male,Married,Indian,Resident,Student,Student,College / University,Student,105594,0-3L,Graduate,739 Main Street,Apartment 137,Bhopal,Madhya Pradesh,India,462001,9000000279,bhavesh.das279@example.com,2023-10-07,Retail,Active,Verified,2025-07-20,Moderate,692,RM023,Odia,Mobile App,Yes
CUST00280,CIF00000280,Vijay,,Tiwari,1969-02-13,57,Male,Married,Indian,Resident,Self-employed,Lawyer,KPMG India,Self-employed,2848798,20-50L,Doctorate,947 Main Street,Apartment 4,Thane,Maharashtra,India,400601,9000000280,vijay.tiwari280@example.com,2019-12-09,Premium,Active,Verified,2024-12-25,Low,760,RM036,Odia,Branch,Yes
CUST00281,CIF00000281,Uday,,Rane,1986-05-26,40,Male,Married,Indian,Resident,Salaried,Cloud Engineer,State Government,Salaried,3296357,20-50L,Doctorate,85 Station Road,Apartment 462,Chandigarh,Chandigarh,India,160001,9000000281,uday.rane281@example.com,2017-12-27,Retail,Active,Verified,2024-02-06,Low,848,RM017,Telugu,NetBanking,Yes
CUST00282,CIF00000282,Madhuri,,Gandhi,1974-06-13,52,Female,Married,Indian,Resident,Salaried,Data Scientist,Reliance Industries,Salaried,3675356,20-50L,Diploma,211 Market Road,Apartment 94,Indore,Madhya Pradesh,India,452001,9000000282,madhuri.gandhi282@example.com,2021-05-31,Premium,Active,Verified,2024-02-04,Moderate,787,RM035,Telugu,Mobile App,Yes
CUST00283,CIF00000283,Darshan,,Dhawan,1987-08-04,39,Male,Widowed,Indian,Resident,Salaried,Accountant,Flipkart,Salaried,3817693,20-50L,Postgraduate,722 Station Road,Apartment 433,Jaipur,Rajasthan,India,302001,9000000283,darshan.dhawan283@example.com,2023-12-05,Premium,Active,Verified,2024-02-20,Moderate,734,RM023,Punjabi,Mobile App,Yes
CUST00284,CIF00000284,Vicky,,Patil,1965-09-02,61,Male,Married,Indian,Resident,Salaried,Insurance Officer,Wipro,Salaried,3756049,20-50L,Higher Secondary,560 Park Road,Apartment 368,Lucknow,Uttar Pradesh,India,226001,9000000284,vicky.patil284@example.com,2022-06-18,Premium,Active,Verified,2026-03-07,Low,812,RM045,Gujarati,NetBanking,No
CUST00285,CIF00000285,Pratik,,Subramanian,1973-01-10,53,Male,Married,Indian,Resident,Business,Business Owner,Family Business,Business,9363707,50L+,Graduate,981 Park Road,Apartment 172,Mumbai,Maharashtra,India,400001,9000000285,pratik.subramanian285@example.com,2021-05-28,Business,Active,Pending,2025-07-23,Moderate,758,RM035,Bengali,NetBanking,Yes
CUST00286,CIF00000286,Manav,,Tripathi,1977-12-19,49,Male,Married,Indian,Resident,Salaried,Software Engineer,Capgemini,Salaried,3678951,20-50L,Graduate,583 Park Road,Apartment 354,Navi Mumbai,Maharashtra,India,400703,9000000286,manav.tripathi286@example.com,2019-05-17,Premium,Dormant,Verified,2025-12-08,Moderate,777,RM007,Kannada,NetBanking,Yes
CUST00287,CIF00000287,Anand,,Saini,1977-01-14,49,Male,Married,Indian,Resident,Salaried,Civil Engineer,PwC India,Salaried,1333482,10-20L,Graduate,406 Station Road,Apartment 2,Navi Mumbai,Maharashtra,India,400703,9000000287,anand.saini287@example.com,2025-09-17,Premium,Active,Verified,2024-12-18,Moderate,713,RM046,Punjabi,Mobile App,Yes
CUST00288,CIF00000288,Vinay,,Dixit,1982-01-13,44,Male,Married,Indian,Resident,Self-employed,Content Creator,HDFC Bank,Self-employed,617374,5-10L,Diploma,718 Park Road,Apartment 477,Lucknow,Uttar Pradesh,India,226001,9000000288,vinay.dixit288@example.com,2021-09-07,Premium,Active,Verified,2026-04-03,Moderate,780,RM026,Telugu,Email,Yes
CUST00289,CIF00000289,Chetan,,Garg,1992-11-02,34,Male,Married,Indian,Resident,Salaried,Accountant,Bajaj Finserv,Salaried,1361794,10-20L,Doctorate,753 Park Road,Apartment 486,Kolkata,West Bengal,India,700001,9000000289,chetan.garg289@example.com,2018-09-12,Premium,Dormant,Verified,2025-09-24,Moderate,705,RM007,Punjabi,SMS,No
CUST00290,CIF00000290,Ayush,,Jadhav,1956-07-23,70,Male,Divorced,Indian,Resident,Salaried,Data Analyst,Startup,Salaried,2920695,20-50L,Doctorate,692 Main Street,Apartment 256,Lucknow,Uttar Pradesh,India,226001,9000000290,ayush.jadhav290@example.com,2021-03-12,Premium,Active,Verified,2025-08-23,High,777,RM046,Tamil,Email,Yes
CUST00291,CIF00000291,Ashok,,Patil,1959-04-26,67,Male,Married,Indian,Resident,Student,Student,College / University,Student,31106,0-3L,Diploma,964 Park Road,Apartment 419,Kanpur,Uttar Pradesh,India,208001,9000000291,ashok.patil291@example.com,2017-08-04,Retail,Active,Verified,2026-06-26,Moderate,683,RM020,Gujarati,Mobile App,Yes
CUST00292,CIF00000292,Tanisha,,Malhotra,1961-03-28,65,Female,Married,Indian,Resident,Salaried,HR Manager,Flipkart,Salaried,4531810,20-50L,Higher Secondary,709 Market Road,Apartment 211,Thiruvananthapuram,Kerala,India,695001,9000000292,tanisha.malhotra292@example.com,2024-08-18,Premium,Active,Verified,2026-04-20,Low,736,RM010,Gujarati,Mobile App,Yes
CUST00293,CIF00000293,Krishna,,Gokhale,2006-11-06,20,Male,Single,Indian,Resident,Salaried,Finance Manager,Deloitte,Salaried,363765,3-5L,Doctorate,744 Park Road,Apartment 402,Jaipur,Rajasthan,India,302001,9000000293,krishna.gokhale293@example.com,2021-05-20,Retail,Active,Verified,2025-01-17,High,672,RM040,Telugu,Mobile App,Yes
CUST00294,CIF00000294,Siddharth,,Nayak,1994-09-06,32,Male,Married,Indian,Resident,Salaried,Cloud Engineer,Wipro,Salaried,975292,5-10L,Postgraduate,622 Park Road,Apartment 404,Thane,Maharashtra,India,400601,9000000294,siddharth.nayak294@example.com,2018-01-11,Retail,Dormant,Verified,2026-04-06,Moderate,692,RM011,Gujarati,NetBanking,Yes
CUST00295,CIF00000295,Anil,,Goel,1963-11-21,63,Male,Married,Indian,Resident,Business,Entrepreneur,Independent Business,Business,1083322,10-20L,Diploma,183 Main Street,Apartment 208,Surat,Gujarat,India,395001,9000000295,anil.goel295@example.com,2024-07-08,Business,Active,Verified,2026-06-28,Moderate,719,RM040,Telugu,Email,Yes
CUST00296,CIF00000296,Lakshmi,,Chaudhary,1988-05-03,38,Female,Married,Indian,Resident,Salaried,Pharmacist,Accenture,Salaried,2797092,20-50L,Higher Secondary,580 Main Street,Apartment 169,Rajkot,Gujarat,India,360001,9000000296,lakshmi.chaudhary296@example.com,2024-01-09,Retail,Active,Verified,2026-08-13,Low,777,RM043,Hindi,Branch,Yes
CUST00297,CIF00000297,Riya,,Subramanian,1982-05-07,44,Female,Widowed,Indian,Resident,Salaried,Civil Engineer,Mahindra & Mahindra,Salaried,1795020,10-20L,Higher Secondary,977 Market Road,Apartment 345,Warangal,Telangana,India,506002,9000000297,riya.subramanian297@example.com,2023-10-05,Premium,Active,Verified,2024-12-08,Moderate,703,RM012,Gujarati,Mobile App,Yes
CUST00298,CIF00000298,Rashmi,,Gupta,1979-10-15,47,Female,Married,Indian,Resident,Business,Restaurant Owner,Independent Business,Business,2126711,20-50L,Higher Secondary,184 Main Street,Apartment 180,Dehradun,Uttarakhand,India,248001,9000000298,rashmi.gupta298@example.com,2021-04-07,Business,Active,Verified,2025-04-18,Low,771,RM027,Odia,Email,Yes
CUST00299,CIF00000299,Garima,,Tripathi,1991-12-07,35,Female,Married,Indian,Resident,Business,Business Owner,Independent Business,Business,5225734,50L+,Doctorate,686 Market Road,Apartment 329,Guwahati,Assam,India,781001,9000000299,garima.tripathi299@example.com,2020-09-06,Business,Active,Verified,2026-05-28,Low,783,RM018,Hindi,Email,Yes
CUST00300,CIF00000300,Aadhya,,Tiwari,1981-02-03,45,Female,Married,Indian,Resident,Salaried,Project Manager,HDFC Bank,Salaried,3206121,20-50L,Diploma,957 Market Road,Apartment 282,Aurangabad,Maharashtra,India,431001,9000000300,aadhya.tiwari300@example.com,2019-02-14,Premium,Active,Verified,2024-10-30,Moderate,819,RM012,Gujarati,Mobile App,Yes
