customer_card_id,customer_id,credit_card_product_id,card_name,card_number_masked,card_network,card_category,issue_date,activation_date,expiry_date,card_status,credit_limit,available_limit,current_outstanding,reward_points_balance,annual_spend,international_enabled,last_payment_date
CCA00001,CUST00002,CC013,Pixel Go Credit Card,XXXX-XXXX-XXXX-6027,Visa,Classic,2021-11-21,2021-11-27,2026-11-20,Active,90491,46725.03,43765.97,40991,126468.74,Yes,2026-07-22
CCA00002,CUST00004,CC010,Tata Neu Infinity,XXXX-XXXX-XXXX-5419,RuPay,Premium,2026-05-31,2026-06-05,2031-05-30,Active,777098,690080.77,87017.23,4196,4014092.17,No,2026-07-23
CCA00003,CUST00005,CC010,Tata Neu Infinity,XXXX-XXXX-XXXX-6497,RuPay,Premium,2021-09-25,2021-09-29,2026-09-24,Active,719135,626436.66,92698.34,39753,4647628.79,No,2026-07-10
CCA00004,CUST00006,CC010,Tata Neu Infinity,XXXX-XXXX-XXXX-6771,RuPay,Premium,2023-08-15,2023-08-15,2028-08-13,Active,727093,578891.35,148201.65,12916,562339.62,No,2026-08-11
CCA00005,CUST00008,CC002,MoneyBack+ Credit Card,XXXX-XXXX-XXXX-4636,Visa,Classic,2023-11-06,2023-11-10,2028-11-04,Active,140564,68911.31,71652.69,20752,133902.73,No,2026-08-14
CCA00006,CUST00009,CC011,IndianOil HDFC Bank Credit Card,XXXX-XXXX-XXXX-4548,Visa,Classic,2025-11-27,2025-11-27,2030-11-26,Active,51913,42035.34,9877.66,22858,275273.14,No,2026-07-04
CCA00007,CUST00010,CC010,Tata Neu Infinity,XXXX-XXXX-XXXX-7223,RuPay,Premium,2020-10-19,2020-10-24,2025-10-18,Active,438641,169483.69,269157.31,12863,2444175.03,No,2026-07-04
CCA00008,CUST00010,CC002,MoneyBack+ Credit Card,XXXX-XXXX-XXXX-4995,Visa,Classic,2026-05-23,2023-12-03,2028-02-12,Active,34906,19892.25,15013.75,47427,150550.87,Yes,2026-08-02
CCA00009,CUST00011,CC007,Business Credit Card,XXXX-XXXX-XXXX-3272,Visa,Classic,2025-07-22,2025-07-28,2030-07-21,Active,78034,29873.41,48160.59,27740,224085.28,No,2026-08-08
CCA00010,CUST00012,CC009,Swiggy HDFC Bank Credit Card,XXXX-XXXX-XXXX-4778,Mastercard,Premium,2023-05-04,2023-05-09,2028-05-02,Active,1215044,447998.12,767045.88,45810,8124945.1,Yes,2026-07-14
CCA00011,CUST00014,CC013,Pixel Go Credit Card,XXXX-XXXX-XXXX-9696,Visa,Classic,2021-10-26,2021-10-29,2026-10-25,Active,144824,93720.21,51103.79,26815,944895.52,No,2026-07-15
CCA00012,CUST00017,CC012,IRCTC HDFC Bank Credit Card,XXXX-XXXX-XXXX-4097,RuPay,Classic,2025-11-11,2025-11-17,2030-11-10,Active,210685,175908.52,34776.48,39631,394051.32,Yes,2026-07-13
CCA00013,CUST00017,CC003,Millennia Credit Card,XXXX-XXXX-XXXX-9167,Visa,Premium,2025-05-15,2026-05-20,2028-10-04,Active,93880,88545.73,5334.27,34298,452523.19,No,2026-07-07
CCA00014,CUST00018,CC013,Pixel Go Credit Card,XXXX-XXXX-XXXX-4536,Visa,Classic,2026-02-04,2026-02-10,2031-02-03,Active,254898,142975.04,111922.96,25666,1502408.97,No,2026-08-02
CCA00015,CUST00018,CC011,IndianOil HDFC Bank Credit Card,XXXX-XXXX-XXXX-8716,Visa,Classic,2026-06-10,2023-08-24,2031-05-31,Active,138931,106635.2,32295.8,38106,255684.1,No,2026-07-07
CCA00016,CUST00019,CC009,Swiggy HDFC Bank Credit Card,XXXX-XXXX-XXXX-6106,Mastercard,Premium,2021-05-20,2021-05-23,2026-05-19,Active,364465,94506.46,269958.54,22506,719943.38,Yes,2026-07-19
CCA00017,CUST00020,CC006,Diners Black,XXXX-XXXX-XXXX-6735,Diners Club,Super Premium,2025-01-23,2025-01-28,2030-01-22,Active,4148775,2567005.01,1581769.99,19172,11303087.88,Yes,2026-07-08
CCA00018,CUST00023,CC012,IRCTC HDFC Bank Credit Card,XXXX-XXXX-XXXX-3878,RuPay,Classic,2020-04-14,2020-04-17,2025-04-13,Active,93061,66187.53,26873.47,7016,195526.49,Yes,2026-07-25
CCA00019,CUST00025,CC007,Business Credit Card,XXXX-XXXX-XXXX-1169,Visa,Classic,2016-12-05,2016-12-07,2021-12-04,Active,112821,27041.38,85779.62,385,152427.83,No,2026-07-15
CCA00020,CUST00027,CC009,Swiggy HDFC Bank Credit Card,XXXX-XXXX-XXXX-2318,Mastercard,Premium,2022-07-05,2022-07-09,2027-07-04,Active,134858,65283.91,69574.09,42112,333848.97,Yes,2026-07-25
CCA00021,CUST00028,CC009,Swiggy HDFC Bank Credit Card,XXXX-XXXX-XXXX-8488,Mastercard,Premium,2026-03-11,2026-03-17,2031-03-10,Active,361276,136448.89,224827.11,6341,1787335.61,Yes,2026-07-06
CCA00022,CUST00028,CC003,Millennia Credit Card,XXXX-XXXX-XXXX-2846,Visa,Premium,2024-03-29,2023-07-06,2030-05-12,Active,359876,249869.34,110006.66,27159,1935939.7,Yes,2026-07-18
CCA00023,CUST00029,CC001,Freedom Credit Card,XXXX-XXXX-XXXX-2543,Visa,Classic,2022-08-23,2022-08-24,2027-08-22,Active,113859,56541.1,57317.9,35600,391197.55,Yes,2026-08-07
CCA00024,CUST00030,CC009,Swiggy HDFC Bank Credit Card,XXXX-XXXX-XXXX-6831,Mastercard,Premium,2023-01-06,2023-01-07,2028-01-05,Active,622821,269936.62,352884.38,36234,2820614.22,No,2026-08-17
CCA00025,CUST00032,CC009,Swiggy HDFC Bank Credit Card,XXXX-XXXX-XXXX-4018,Mastercard,Premium,2025-04-01,2025-04-06,2030-03-31,Active,160982,107917.69,53064.31,36546,1001919.77,Yes,2026-08-01
CCA00026,CUST00034,CC001,Freedom Credit Card,XXXX-XXXX-XXXX-6079,Visa,Classic,2025-12-21,2025-12-25,2030-12-20,Active,39679,16340.24,23338.76,17593,63219.49,No,2026-07-13
CCA00027,CUST00036,CC004,Regalia Gold,XXXX-XXXX-XXXX-4769,Visa,Premium,2025-11-25,2025-11-28,2030-11-24,Active,261363,120385.51,140977.49,16865,485211.31,No,2026-07-15
CCA00028,CUST00037,CC007,Business Credit Card,XXXX-XXXX-XXXX-1616,Visa,Classic,2015-06-19,2015-06-24,2020-06-17,Active,95326,44091.74,51234.26,17954,132163.07,No,2026-07-19
CCA00029,CUST00037,CC009,Swiggy HDFC Bank Credit Card,XXXX-XXXX-XXXX-7585,Mastercard,Premium,2024-05-08,2023-08-07,2030-06-06,Active,348636,202283.51,146352.49,56321,1037142.01,No,2026-07-11
CCA00030,CUST00038,CC006,Diners Black,XXXX-XXXX-XXXX-7693,Diners Club,Super Premium,2022-03-21,2022-03-24,2027-03-20,Active,5839259,1321265.36,4517993.64,31750,15944166.47,Yes,2026-08-01
CCA00031,CUST00042,CC007,Business Credit Card,XXXX-XXXX-XXXX-8655,Visa,Classic,2024-08-08,2024-08-13,2029-08-07,Active,169008,18481.56,150526.44,5276,422995.75,No,2026-08-05
CCA00032,CUST00044,CC003,Millennia Credit Card,XXXX-XXXX-XXXX-7142,Visa,Premium,2023-01-11,2023-01-11,2028-01-10,Active,881952,453457.0,428495.0,34521,4120810.6,Yes,2026-08-07
CCA00033,CUST00046,CC003,Millennia Credit Card,XXXX-XXXX-XXXX-6411,Visa,Premium,2023-10-05,2023-10-10,2028-10-03,Active,229106,83957.82,145148.18,34001,1364731.95,No,2026-08-10
CCA00034,CUST00047,CC011,IndianOil HDFC Bank Credit Card,XXXX-XXXX-XXXX-4661,Visa,Classic,2022-12-12,2022-12-12,2027-12-11,Active,66321,28921.55,37399.45,12439,58545.48,No,2026-08-17
CCA00035,CUST00054,CC006,Diners Black,XXXX-XXXX-XXXX-6402,Diners Club,Super Premium,2024-01-25,2024-01-27,2029-01-23,Active,880827,339604.51,541222.49,32961,4448292.12,No,2026-07-14
CCA00036,CUST00057,CC001,Freedom Credit Card,XXXX-XXXX-XXXX-7074,Visa,Classic,2025-04-15,2025-04-21,2030-04-14,Active,116260,94872.34,21387.66,31306,542790.07,Yes,2026-07-23
CCA00037,CUST00059,CC010,Tata Neu Infinity,XXXX-XXXX-XXXX-5714,RuPay,Premium,2025-04-14,2025-04-18,2030-04-13,Active,314514,206467.15,108046.85,15754,1513089.14,No,2026-07-06
CCA00038,CUST00061,CC009,Swiggy HDFC Bank Credit Card,XXXX-XXXX-XXXX-1511,Mastercard,Premium,2022-05-02,2022-05-02,2027-05-01,Active,155668,141502.5,14165.5,49674,183935.91,No,2026-07-24
CCA00039,CUST00062,CC005,Infinia Metal,XXXX-XXXX-XXXX-4500,Mastercard,Super Premium,2024-08-15,2024-08-18,2029-08-14,Active,2628675,1618297.17,1010377.83,22636,15329837.0,No,2026-07-09
CCA00040,CUST00062,CC006,Diners Black,XXXX-XXXX-XXXX-8669,Diners Club,Super Premium,2024-09-23,2025-07-27,2030-10-04,Active,1790157,1658465.58,131691.42,40600,10500512.65,Yes,2026-07-23
CCA00041,CUST00064,CC009,Swiggy HDFC Bank Credit Card,XXXX-XXXX-XXXX-1949,Mastercard,Premium,2022-05-26,2022-05-29,2027-05-25,Active,586041,216347.85,369693.15,36216,3437682.28,No,2026-08-11
CCA00042,CUST00065,CC012,IRCTC HDFC Bank Credit Card,XXXX-XXXX-XXXX-8619,RuPay,Classic,2024-06-25,2024-07-01,2029-06-24,Active,141659,95162.32,46496.68,9462,752635.25,No,2026-07-18
CCA00043,CUST00066,CC014,Women's Advantage Credit Card,XXXX-XXXX-XXXX-9926,Visa,Classic,2025-02-04,2025-02-06,2030-02-03,Active,112979,67964.51,45014.49,37983,343816.45,No,2026-07-19
CCA00044,CUST00067,CC007,Business Credit Card,XXXX-XXXX-XXXX-5156,Visa,Classic,2026-01-03,2026-01-09,2031-01-02,Active,201060,87414.59,113645.41,37611,385003.57,No,2026-07-26
CCA00045,CUST00067,CC003,Millennia Credit Card,XXXX-XXXX-XXXX-2448,Visa,Premium,2025-08-15,2023-06-13,2029-05-14,Active,135445,108067.62,27377.38,24824,132369.46,Yes,2026-07-16
CCA00046,CUST00068,CC010,Tata Neu Infinity,XXXX-XXXX-XXXX-1730,RuPay,Premium,2024-04-22,2024-04-25,2029-04-21,Active,133916,74422.47,59493.53,14797,221069.34,No,2026-07-22
CCA00047,CUST00070,CC012,IRCTC HDFC Bank Credit Card,XXXX-XXXX-XXXX-4010,RuPay,Classic,2024-09-07,2024-09-14,2029-09-06,Active,52831,37274.3,15556.7,4571,256521.96,Yes,2026-07-20
CCA00048,CUST00071,CC008,BizBlack Credit Card,XXXX-XXXX-XXXX-3237,Mastercard,Super Premium,2019-05-27,2019-06-01,2024-05-25,Active,5821032,2772202.67,3048829.33,15888,21162724.26,No,2026-08-15
CCA00049,CUST00073,CC011,IndianOil HDFC Bank Credit Card,XXXX-XXXX-XXXX-3252,Visa,Classic,2025-03-04,2025-03-05,2030-03-03,Active,32517,22532.37,9984.63,3640,199813.2,Yes,2026-07-22
CCA00050,CUST00074,CC009,Swiggy HDFC Bank Credit Card,XXXX-XXXX-XXXX-6498,Mastercard,Premium,2021-09-17,2021-09-24,2026-09-16,Active,993899,886642.0,107257.0,38955,1488800.62,Yes,2026-07-17
CCA00051,CUST00074,CC013,Pixel Go Credit Card,XXXX-XXXX-XXXX-2633,Visa,Classic,2023-11-20,2026-06-15,2028-07-13,Active,104716,73292.42,31423.58,47838,77863.31,Yes,2026-07-21
CCA00052,CUST00077,CC009,Swiggy HDFC Bank Credit Card,XXXX-XXXX-XXXX-1208,Mastercard,Premium,2025-10-13,2025-10-13,2030-10-12,Active,565209,210709.4,354499.6,41558,524253.76,Yes,2026-07-09
CCA00053,CUST00078,CC005,Infinia Metal,XXXX-XXXX-XXXX-5086,Mastercard,Super Premium,2026-05-23,2026-05-28,2031-05-22,Active,5630534,4213720.29,1416813.71,20846,12323828.15,No,2026-07-30
CCA00054,CUST00078,CC004,Regalia Gold,XXXX-XXXX-XXXX-9072,Visa,Premium,2025-08-29,2026-02-24,2030-06-04,Active,181010,135707.51,45302.49,58048,1036645.23,No,2026-07-31
CCA00055,CUST00079,CC003,Millennia Credit Card,XXXX-XXXX-XXXX-1464,Visa,Premium,2019-10-11,2019-10-18,2024-10-09,Active,181610,141353.11,40256.89,46445,196780.56,No,2026-07-28
CCA00056,CUST00081,CC003,Millennia Credit Card,XXXX-XXXX-XXXX-2573,Visa,Premium,2024-11-26,2024-11-26,2029-11-25,Active,1343318,132153.82,1211164.18,48016,2562471.48,Yes,2026-07-16
CCA00057,CUST00082,CC001,Freedom Credit Card,XXXX-XXXX-XXXX-1471,Visa,Classic,2024-04-23,2024-04-26,2029-04-22,Active,137187,85880.97,51306.03,3258,754007.52,No,2026-07-15
CCA00058,CUST00085,CC001,Freedom Credit Card,XXXX-XXXX-XXXX-9620,Visa,Classic,2021-12-31,2022-01-03,2026-12-30,Active,68004,31618.43,36385.57,43991,60275.57,Yes,2026-08-12
CCA00059,CUST00086,CC009,Swiggy HDFC Bank Credit Card,XXXX-XXXX-XXXX-9304,Mastercard,Premium,2025-04-11,2025-04-11,2030-04-10,Active,325140,280171.6,44968.4,22073,309345.76,No,2026-08-15
CCA00060,CUST00087,CC003,Millennia Credit Card,XXXX-XXXX-XXXX-7697,Visa,Premium,2023-02-06,2023-02-06,2028-02-05,Active,326373,153672.02,172700.98,25115,344079.88,Yes,2026-08-12
CCA00061,CUST00090,CC007,Business Credit Card,XXXX-XXXX-XXXX-4829,Visa,Classic,2024-02-28,2024-02-29,2029-02-26,Active,117991,79858.96,38132.04,46060,554365.91,Yes,2026-07-17
CCA00062,CUST00091,CC011,IndianOil HDFC Bank Credit Card,XXXX-XXXX-XXXX-5812,Visa,Classic,2023-12-12,2023-12-13,2028-12-10,Active,42386,34882.57,7503.43,23374,113264.69,No,2026-07-20
CCA00063,CUST00093,CC012,IRCTC HDFC Bank Credit Card,XXXX-XXXX-XXXX-7441,RuPay,Classic,2024-08-26,2024-08-30,2029-08-25,Active,64277,24898.1,39378.9,26256,119302.51,No,2026-07-04
CCA00064,CUST00094,CC009,Swiggy HDFC Bank Credit Card,XXXX-XXXX-XXXX-2209,Mastercard,Premium,2026-03-23,2026-03-29,2031-03-22,Active,749633,89989.86,659643.14,4614,4497477.03,No,2026-07-13
CCA00065,CUST00095,CC001,Freedom Credit Card,XXXX-XXXX-XXXX-2991,Visa,Classic,2022-08-02,2022-08-09,2027-08-01,Active,36393,22564.62,13828.38,25192,33130.3,No,2026-08-03
CCA00066,CUST00096,CC002,MoneyBack+ Credit Card,XXXX-XXXX-XXXX-5260,Visa,Classic,2026-05-19,2026-05-24,2031-05-18,Active,114754,47485.65,67268.35,10840,755750.99,No,2026-07-09
CCA00067,CUST00097,CC013,Pixel Go Credit Card,XXXX-XXXX-XXXX-6234,Visa,Classic,2022-03-15,2022-03-20,2027-03-14,Active,92845,81582.68,11262.32,43115,420122.25,No,2026-07-17
CCA00068,CUST00098,CC008,BizBlack Credit Card,XXXX-XXXX-XXXX-6922,Mastercard,Super Premium,2020-03-14,2020-03-20,2025-03-13,Active,3090523,917356.81,2173166.19,16334,2189564.3,No,2026-07-04
CCA00069,CUST00098,CC003,Millennia Credit Card,XXXX-XXXX-XXXX-3282,Visa,Premium,2023-08-07,2023-11-17,2029-04-01,Active,708797,583784.3,125012.7,22450,3470653.29,Yes,2026-07-18
CCA00070,CUST00099,CC003,Millennia Credit Card,XXXX-XXXX-XXXX-4119,Visa,Premium,2018-04-19,2018-04-23,2023-04-18,Active,210999,104419.47,106579.53,44748,300725.4,No,2026-07-31
CCA00071,CUST00100,CC001,Freedom Credit Card,XXXX-XXXX-XXXX-7810,Visa,Classic,2024-05-22,2024-05-23,2029-05-21,Active,98322,44606.1,53715.9,47894,508565.08,Yes,2026-07-27
CCA00072,CUST00101,CC004,Regalia Gold,XXXX-XXXX-XXXX-8585,Visa,Premium,2023-04-09,2023-04-16,2028-04-07,Active,390392,288099.72,102292.28,46145,1573840.42,No,2026-07-23
CCA00073,CUST00102,CC012,IRCTC HDFC Bank Credit Card,XXXX-XXXX-XXXX-6327,RuPay,Classic,2021-09-16,2021-09-17,2026-09-15,Active,122918,45013.49,77904.51,5751,858285.05,Yes,2026-07-12
CCA00074,CUST00103,CC004,Regalia Gold,XXXX-XXXX-XXXX-7454,Visa,Premium,2023-03-23,2023-03-23,2028-03-21,Active,1078410,927512.89,150897.11,14439,2019952.36,No,2026-07-14
CCA00075,CUST00104,CC003,Millennia Credit Card,XXXX-XXXX-XXXX-7980,Visa,Premium,2023-02-13,2023-02-15,2028-02-12,Active,1047701,723222.31,324478.69,25270,4883985.9,No,2026-07-30
CCA00076,CUST00105,CC007,Business Credit Card,XXXX-XXXX-XXXX-5628,Visa,Classic,2024-01-24,2024-01-24,2029-01-22,Active,130006,104979.63,25026.37,15485,829078.8,No,2026-07-11
CCA00077,CUST00107,CC010,Tata Neu Infinity,XXXX-XXXX-XXXX-7734,RuPay,Premium,2025-05-28,2025-05-28,2030-05-27,Active,250997,148430.02,102566.98,1915,973131.89,No,2026-08-02
CCA00078,CUST00108,CC003,Millennia Credit Card,XXXX-XXXX-XXXX-1690,Visa,Premium,2023-10-06,2023-10-06,2028-10-04,Active,553719,482581.27,71137.73,36649,730079.46,Yes,2026-08-03
CCA00079,CUST00109,CC010,Tata Neu Infinity,XXXX-XXXX-XXXX-5274,RuPay,Premium,2025-07-13,2025-07-13,2030-07-12,Active,1557262,1210231.14,347030.86,28935,815106.6,No,2026-07-10
CCA00080,CUST00112,CC007,Business Credit Card,XXXX-XXXX-XXXX-8755,Visa,Classic,2022-10-06,2022-10-10,2027-10-05,Active,276765,197125.76,79639.24,42494,967191.43,No,2026-07-06
CCA00081,CUST00113,CC012,IRCTC HDFC Bank Credit Card,XXXX-XXXX-XXXX-1078,RuPay,Classic,2023-07-13,2023-07-18,2028-07-11,Active,114436,70476.93,43959.07,22511,426460.55,Yes,2026-07-19
CCA00082,CUST00114,CC011,IndianOil HDFC Bank Credit Card,XXXX-XXXX-XXXX-7751,Visa,Classic,2022-12-04,2022-12-05,2027-12-03,Active,73293,33234.81,40058.19,32773,353935.92,Yes,2026-07-06
CCA00083,CUST00116,CC011,IndianOil HDFC Bank Credit Card,XXXX-XXXX-XXXX-8404,Visa,Classic,2026-03-31,2026-04-04,2031-03-30,Active,91859,69913.43,21945.57,4539,186602.46,Yes,2026-07-09
CCA00084,CUST00117,CC009,Swiggy HDFC Bank Credit Card,XXXX-XXXX-XXXX-2673,Mastercard,Premium,2023-03-02,2023-03-08,2028-02-29,Active,1187289,1071829.99,115459.01,2301,1607088.1,Yes,2026-07-08
CCA00085,CUST00119,CC001,Freedom Credit Card,XXXX-XXXX-XXXX-8151,Visa,Classic,2026-01-25,2026-01-29,2031-01-24,Active,69522,29584.9,39937.1,8308,390693.63,No,2026-07-18
CCA00086,CUST00120,CC012,IRCTC HDFC Bank Credit Card,XXXX-XXXX-XXXX-5172,RuPay,Classic,2023-04-17,2023-04-22,2028-04-15,Active,145994,80696.65,65297.35,13956,395318.14,No,2026-07-11
CCA00087,CUST00121,CC011,IndianOil HDFC Bank Credit Card,XXXX-XXXX-XXXX-3921,Visa,Classic,2022-03-06,2022-03-07,2027-03-05,Active,256090,162695.82,93394.18,45205,399430.29,No,2026-07-27
CCA00088,CUST00122,CC010,Tata Neu Infinity,XXXX-XXXX-XXXX-8580,RuPay,Premium,2025-05-27,2025-05-31,2030-05-26,Active,433584,248596.61,184987.39,23163,2924369.46,No,2026-07-27
CCA00089,CUST00123,CC009,Swiggy HDFC Bank Credit Card,XXXX-XXXX-XXXX-3318,Mastercard,Premium,2025-04-22,2025-04-26,2030-04-21,Active,535731,431041.51,104689.49,3714,924453.94,No,2026-07-05
CCA00090,CUST00124,CC003,Millennia Credit Card,XXXX-XXXX-XXXX-5292,Visa,Premium,2021-08-01,2021-08-06,2026-07-31,Active,169383,136141.68,33241.32,30997,160282.53,Yes,2026-07-05
CCA00091,CUST00127,CC003,Millennia Credit Card,XXXX-XXXX-XXXX-7502,Visa,Premium,2023-02-28,2023-03-06,2028-02-27,Active,64328,46518.09,17809.91,44985,284964.96,No,2026-08-09
CCA00092,CUST00128,CC007,Business Credit Card,XXXX-XXXX-XXXX-9875,Visa,Classic,2025-01-12,2025-01-14,2030-01-11,Active,288415,234681.16,53733.84,44950,845032.89,No,2026-07-31
CCA00093,CUST00129,CC010,Tata Neu Infinity,XXXX-XXXX-XXXX-9411,RuPay,Premium,2022-09-24,2022-09-28,2027-09-23,Active,554140,383579.9,170560.1,319,2124385.18,Yes,2026-07-31
CCA00094,CUST00130,CC004,Regalia Gold,XXXX-XXXX-XXXX-4250,Visa,Premium,2019-03-30,2019-04-03,2024-03-28,Active,574111,380242.96,193868.04,44345,1304662.87,No,2026-07-31
CCA00095,CUST00131,CC010,Tata Neu Infinity,XXXX-XXXX-XXXX-2393,RuPay,Premium,2026-04-08,2026-04-14,2031-04-07,Active,321201,290126.51,31074.49,44759,2078713.54,No,2026-07-14
CCA00096,CUST00137,CC010,Tata Neu Infinity,XXXX-XXXX-XXXX-1157,RuPay,Premium,2026-01-18,2026-01-18,2031-01-17,Active,163683,48605.37,115077.63,29295,131466.99,Yes,2026-07-15
CCA00097,CUST00138,CC007,Business Credit Card,XXXX-XXXX-XXXX-9165,Visa,Classic,2024-02-28,2024-03-06,2029-02-26,Active,293268,252595.0,40673.0,37840,813866.31,No,2026-08-15
CCA00098,CUST00138,CC010,Tata Neu Infinity,XXXX-XXXX-XXXX-1999,RuPay,Premium,2025-06-04,2024-01-16,2029-01-01,Active,188807,108111.26,80695.74,52062,729363.34,No,2026-08-14
CCA00099,CUST00139,CC010,Tata Neu Infinity,XXXX-XXXX-XXXX-8725,RuPay,Premium,2026-03-24,2026-03-24,2031-03-23,Active,156962,141242.78,15719.22,452,632701.08,No,2026-08-08
CCA00100,CUST00140,CC002,MoneyBack+ Credit Card,XXXX-XXXX-XXXX-4644,Visa,Classic,2024-02-24,2024-03-02,2029-02-22,Active,40128,28508.54,11619.46,40679,194486.85,No,2026-08-16
CCA00101,CUST00141,CC009,Swiggy HDFC Bank Credit Card,XXXX-XXXX-XXXX-9097,Mastercard,Premium,2024-12-25,2024-12-31,2029-12-24,Active,472861,260852.62,212008.38,30869,524181.55,Yes,2026-07-12
CCA00102,CUST00144,CC011,IndianOil HDFC Bank Credit Card,XXXX-XXXX-XXXX-4511,Visa,Classic,2022-10-10,2022-10-10,2027-10-09,Active,26376,15151.66,11224.34,25891,40232.03,No,2026-08-08
CCA00103,CUST00145,CC004,Regalia Gold,XXXX-XXXX-XXXX-6753,Visa,Premium,2022-04-19,2022-04-25,2027-04-18,Active,652462,296736.91,355725.09,46541,2458219.04,No,2026-08-13
CCA00104,CUST00146,CC007,Business Credit Card,XXXX-XXXX-XXXX-2554,Visa,Classic,2024-11-19,2024-11-22,2029-11-18,Active,48969,20569.93,28399.07,37774,155554.8,No,2026-07-16
CCA00105,CUST00147,CC010,Tata Neu Infinity,XXXX-XXXX-XXXX-1537,RuPay,Premium,2024-05-11,2024-05-14,2029-05-10,Active,969298,455835.51,513462.49,3902,6751550.86,No,2026-07-25
CCA00106,CUST00149,CC011,IndianOil HDFC Bank Credit Card,XXXX-XXXX-XXXX-6446,Visa,Classic,2026-04-22,2026-04-22,2031-04-21,Active,22821,3431.75,19389.25,27129,134187.99,No,2026-07-19
CCA00107,CUST00150,CC010,Tata Neu Infinity,XXXX-XXXX-XXXX-9849,RuPay,Premium,2025-01-21,2025-01-27,2030-01-20,Active,138921,118229.13,20691.87,28533,76574.22,Yes,2026-07-10
CCA00108,CUST00151,CC001,Freedom Credit Card,XXXX-XXXX-XXXX-4730,Visa,Classic,2024-11-15,2024-11-20,2029-11-14,Active,103992,22961.88,81030.12,13055,570814.52,Yes,2026-08-10
CCA00109,CUST00152,CC003,Millennia Credit Card,XXXX-XXXX-XXXX-4555,Visa,Premium,2019-08-01,2019-08-08,2024-07-30,Active,995660,387889.97,607770.03,40809,6583399.08,No,2026-07-15
CCA00110,CUST00152,CC002,MoneyBack+ Credit Card,XXXX-XXXX-XXXX-7272,Visa,Classic,2025-08-15,2024-10-01,2028-11-28,Active,19061,8957.58,10103.42,53529,45573.33,Yes,2026-07-09
CCA00111,CUST00153,CC004,Regalia Gold,XXXX-XXXX-XXXX-8231,Visa,Premium,2023-03-13,2023-03-19,2028-03-11,Active,585596,217581.41,368014.59,30986,1949134.7,No,2026-08-15
CCA00112,CUST00157,CC012,IRCTC HDFC Bank Credit Card,XXXX-XXXX-XXXX-6787,RuPay,Classic,2025-09-18,2025-09-24,2030-09-17,Active,82066,17349.44,64716.56,820,43023.67,No,2026-07-24
CCA00113,CUST00158,CC010,Tata Neu Infinity,XXXX-XXXX-XXXX-7568,RuPay,Premium,2026-04-16,2026-04-22,2031-04-15,Active,647604,534482.57,113121.43,2127,4059433.16,No,2026-08-03
CCA00114,CUST00160,CC013,Pixel Go Credit Card,XXXX-XXXX-XXXX-6912,Visa,Classic,2022-03-13,2022-03-19,2027-03-12,Active,144072,93436.84,50635.16,4712,267400.69,No,2026-08-12
CCA00115,CUST00161,CC007,Business Credit Card,XXXX-XXXX-XXXX-2593,Visa,Classic,2022-08-02,2022-08-08,2027-08-01,Active,75629,69469.37,6159.63,16389,443629.92,No,2026-08-16
CCA00116,CUST00162,CC003,Millennia Credit Card,XXXX-XXXX-XXXX-2570,Visa,Premium,2026-01-19,2026-01-26,2031-01-18,Active,174303,148870.46,25432.54,44297,652659.06,No,2026-08-06
CCA00117,CUST00163,CC010,Tata Neu Infinity,XXXX-XXXX-XXXX-7450,RuPay,Premium,2025-06-11,2025-06-15,2030-06-10,Active,739808,501701.28,238106.72,48192,1979771.96,No,2026-07-24
CCA00118,CUST00164,CC007,Business Credit Card,XXXX-XXXX-XXXX-5502,Visa,Classic,2026-06-10,2026-06-11,2031-06-09,Active,270437,216579.96,53857.04,23052,137517.68,No,2026-08-04
CCA00119,CUST00164,CC013,Pixel Go Credit Card,XXXX-XXXX-XXXX-6148,Visa,Classic,2025-11-20,2026-03-28,2028-10-15,Active,82519,43799.81,38719.19,53426,205084.71,Yes,2026-07-14
CCA00120,CUST00165,CC010,Tata Neu Infinity,XXXX-XXXX-XXXX-7997,RuPay,Premium,2024-08-13,2024-08-14,2029-08-12,Active,593549,479648.13,113900.87,17274,1267507.56,No,2026-07-20
CCA00121,CUST00166,CC010,Tata Neu Infinity,XXXX-XXXX-XXXX-5379,RuPay,Premium,2025-03-04,2025-03-04,2030-03-03,Active,722325,514932.38,207392.62,32503,529306.8,No,2026-08-04
CCA00122,CUST00167,CC010,Tata Neu Infinity,XXXX-XXXX-XXXX-1083,RuPay,Premium,2025-08-29,2025-09-03,2030-08-28,Active,85310,56060.14,29249.86,10126,277395.36,No,2026-08-14
CCA00123,CUST00171,CC010,Tata Neu Infinity,XXXX-XXXX-XXXX-8405,RuPay,Premium,2024-08-15,2024-08-22,2029-08-14,Active,1036665,694540.26,342124.74,32319,2347850.38,No,2026-08-06
CCA00124,CUST00172,CC012,IRCTC HDFC Bank Credit Card,XXXX-XXXX-XXXX-2854,RuPay,Classic,2025-03-25,2025-03-28,2030-03-24,Active,218977,52058.3,166918.7,18107,256405.27,No,2026-07-08
CCA00125,CUST00175,CC002,MoneyBack+ Credit Card,XXXX-XXXX-XXXX-2518,Visa,Classic,2025-03-11,2025-03-13,2030-03-10,Active,17071,10415.08,6655.92,19264,29212.94,No,2026-07-21
CCA00126,CUST00178,CC005,Infinia Metal,XXXX-XXXX-XXXX-7952,Mastercard,Super Premium,2022-05-01,2022-05-05,2027-04-30,Active,2610644,1037883.77,1572760.23,41887,5640071.02,No,2026-08-04
CCA00127,CUST00180,CC006,Diners Black,XXXX-XXXX-XXXX-2567,Diners Club,Super Premium,2025-12-27,2025-12-28,2030-12-26,Active,8336991,7580000.75,756990.25,19000,15850263.44,No,2026-07-16
CCA00128,CUST00183,CC008,BizBlack Credit Card,XXXX-XXXX-XXXX-4626,Mastercard,Super Premium,2023-04-24,2023-04-27,2028-04-22,Active,949909,452096.85,497812.15,18640,2891313.73,No,2026-08-02
CCA00129,CUST00183,CC007,Business Credit Card,XXXX-XXXX-XXXX-1106,Visa,Classic,2024-09-11,2023-10-16,2030-01-23,Active,68236,38759.65,29476.35,39669,106741.09,No,2026-08-14
CCA00130,CUST00185,CC012,IRCTC HDFC Bank Credit Card,XXXX-XXXX-XXXX-1202,RuPay,Classic,2020-04-13,2020-04-20,2025-04-12,Active,111644,102285.7,9358.3,35257,694959.95,No,2026-08-08
CCA00131,CUST00187,CC011,IndianOil HDFC Bank Credit Card,XXXX-XXXX-XXXX-3740,Visa,Classic,2018-03-30,2018-04-01,2023-03-29,Active,117326,61436.88,55889.12,2419,328707.28,No,2026-08-10
CCA00132,CUST00188,CC010,Tata Neu Infinity,XXXX-XXXX-XXXX-2314,RuPay,Premium,2025-09-01,2025-09-04,2030-08-31,Active,180228,147580.97,32647.03,4035,906670.09,No,2026-07-21
CCA00133,CUST00189,CC006,Diners Black,XXXX-XXXX-XXXX-5002,Diners Club,Super Premium,2018-04-14,2018-04-18,2023-04-13,Active,8119030,5106143.78,3012886.22,44935,42121017.12,No,2026-07-25
CCA00134,CUST00190,CC009,Swiggy HDFC Bank Credit Card,XXXX-XXXX-XXXX-5466,Mastercard,Premium,2020-04-10,2020-04-14,2025-04-09,Active,67377,46635.03,20741.97,6956,60159.68,No,2026-08-16
CCA00135,CUST00192,CC013,Pixel Go Credit Card,XXXX-XXXX-XXXX-1812,Visa,Classic,2026-05-24,2026-05-24,2031-05-23,Active,104265,46405.84,57859.16,27336,86509.13,No,2026-07-12
CCA00136,CUST00193,CC002,MoneyBack+ Credit Card,XXXX-XXXX-XXXX-2103,Visa,Classic,2026-06-16,2026-06-21,2031-06-15,Active,104271,37652.4,66618.6,28252,524292.91,No,2026-07-13
CCA00137,CUST00195,CC005,Infinia Metal,XXXX-XXXX-XXXX-4863,Mastercard,Super Premium,2022-06-29,2022-07-03,2027-06-28,Active,4052874,3492222.2,560651.8,11995,16334857.83,No,2026-08-17
CCA00138,CUST00201,CC001,Freedom Credit Card,XXXX-XXXX-XXXX-9623,Visa,Classic,2026-04-22,2026-04-25,2031-04-21,Active,51681,32347.44,19333.56,23154,343134.49,No,2026-07-20
CCA00139,CUST00202,CC011,IndianOil HDFC Bank Credit Card,XXXX-XXXX-XXXX-2565,Visa,Classic,2024-04-03,2024-04-03,2029-04-02,Active,21906,19819.5,2086.5,15955,111335.0,Yes,2026-07-25
CCA00140,CUST00203,CC003,Millennia Credit Card,XXXX-XXXX-XXXX-2810,Visa,Premium,2024-10-27,2024-10-30,2029-10-26,Active,358521,106610.84,251910.16,7992,725533.18,No,2026-07-19
CCA00141,CUST00210,CC010,Tata Neu Infinity,XXXX-XXXX-XXXX-3892,RuPay,Premium,2022-07-16,2022-07-17,2027-07-15,Active,731170,214034.89,517135.11,44230,1835527.59,Yes,2026-07-21
CCA00142,CUST00211,CC003,Millennia Credit Card,XXXX-XXXX-XXXX-9375,Visa,Premium,2025-11-22,2025-11-22,2030-11-21,Active,414209,249999.38,164209.62,45459,762414.73,No,2026-07-08
CCA00143,CUST00213,CC009,Swiggy HDFC Bank Credit Card,XXXX-XXXX-XXXX-5868,Mastercard,Premium,2025-03-23,2025-03-26,2030-03-22,Active,556354,65899.56,490454.44,44170,2573159.06,No,2026-07-15
CCA00144,CUST00214,CC011,IndianOil HDFC Bank Credit Card,XXXX-XXXX-XXXX-7006,Visa,Classic,2019-08-30,2019-08-31,2024-08-28,Active,25599,19492.26,6106.74,5293,39983.3,No,2026-07-16
CCA00145,CUST00215,CC009,Swiggy HDFC Bank Credit Card,XXXX-XXXX-XXXX-7269,Mastercard,Premium,2025-06-03,2025-06-08,2030-06-02,Active,780761,486025.85,294735.15,14193,4828859.5,Yes,2026-07-26
CCA00146,CUST00216,CC001,Freedom Credit Card,XXXX-XXXX-XXXX-7775,Visa,Classic,2024-12-29,2024-12-29,2029-12-28,Active,88210,63697.62,24512.38,8611,178603.36,Yes,2026-07-28
CCA00147,CUST00218,CC010,Tata Neu Infinity,XXXX-XXXX-XXXX-1753,RuPay,Premium,2025-03-28,2025-04-01,2030-03-27,Active,732938,443088.77,289849.23,26303,1063154.2,No,2026-07-24
CCA00148,CUST00219,CC007,Business Credit Card,XXXX-XXXX-XXXX-7373,Visa,Classic,2025-07-21,2025-07-26,2030-07-20,Active,183472,164686.63,18785.37,4474,1047937.9,No,2026-07-25
CCA00149,CUST00221,CC008,BizBlack Credit Card,XXXX-XXXX-XXXX-8170,Mastercard,Super Premium,2019-11-03,2019-11-04,2024-11-01,Active,5582014,2298169.92,3283844.08,43274,29212672.61,No,2026-07-24
CCA00150,CUST00221,CC013,Pixel Go Credit Card,XXXX-XXXX-XXXX-2299,Visa,Classic,2024-06-17,2023-10-25,2030-09-29,Active,135175,98903.29,36271.71,39459,686482.2,No,2026-08-01
CCA00151,CUST00222,CC003,Millennia Credit Card,XXXX-XXXX-XXXX-6752,Visa,Premium,2019-01-18,2019-01-24,2024-01-17,Active,707059,360972.33,346086.67,29712,4598568.6,No,2026-07-25
CCA00152,CUST00225,CC005,Infinia Metal,XXXX-XXXX-XXXX-6822,Mastercard,Super Premium,2024-02-15,2024-02-21,2029-02-13,Active,3811373,1751346.15,2060026.85,43535,8107492.39,No,2026-07-14
CCA00153,CUST00226,CC007,Business Credit Card,XXXX-XXXX-XXXX-5992,Visa,Classic,2025-01-17,2025-01-21,2030-01-16,Active,214467,107946.49,106520.51,27333,1067205.32,Yes,2026-08-11
CCA00154,CUST00227,CC002,MoneyBack+ Credit Card,XXXX-XXXX-XXXX-8933,Visa,Classic,2024-01-07,2024-01-08,2029-01-05,Active,37554,34034.9,3519.1,43861,154805.26,Yes,2026-07-27
CCA00155,CUST00230,CC006,Diners Black,XXXX-XXXX-XXXX-1923,Diners Club,Super Premium,2024-08-27,2024-09-03,2029-08-26,Active,1958682,1519657.0,439025.0,41238,2892188.96,No,2026-07-20
CCA00156,CUST00233,CC007,Business Credit Card,XXXX-XXXX-XXXX-4480,Visa,Classic,2024-11-27,2024-12-01,2029-11-26,Active,202187,36379.63,165807.37,49251,756660.09,No,2026-07-09
CCA00157,CUST00233,CC012,IRCTC HDFC Bank Credit Card,XXXX-XXXX-XXXX-5971,RuPay,Classic,2024-03-24,2024-01-29,2030-03-13,Active,147587,128708.48,18878.52,49451,566972.31,No,2026-08-03
CCA00158,CUST00234,CC010,Tata Neu Infinity,XXXX-XXXX-XXXX-7329,RuPay,Premium,2026-02-20,2026-02-21,2031-02-19,Active,486404,135206.39,351197.61,35838,395583.67,No,2026-07-16
CCA00159,CUST00236,CC002,MoneyBack+ Credit Card,XXXX-XXXX-XXXX-3907,Visa,Classic,2017-12-09,2017-12-10,2022-12-08,Active,71846,38296.3,33549.7,11007,262433.45,Yes,2026-08-10
CCA00160,CUST00239,CC007,Business Credit Card,XXXX-XXXX-XXXX-1043,Visa,Classic,2018-12-26,2018-12-30,2023-12-25,Active,30898,7078.19,23819.81,32886,79698.77,No,2026-07-22
CCA00161,CUST00240,CC003,Millennia Credit Card,XXXX-XXXX-XXXX-8776,Visa,Premium,2020-09-03,2020-09-04,2025-09-02,Active,1514336,988306.66,526029.34,47121,1630410.82,Yes,2026-07-23
CCA00162,CUST00241,CC002,MoneyBack+ Credit Card,XXXX-XXXX-XXXX-8916,Visa,Classic,2019-06-24,2019-07-01,2024-06-22,Active,39787,26402.07,13384.93,49701,226406.77,Yes,2026-08-08
CCA00163,CUST00244,CC009,Swiggy HDFC Bank Credit Card,XXXX-XXXX-XXXX-3807,Mastercard,Premium,2022-04-26,2022-05-02,2027-04-25,Active,235653,86200.32,149452.68,11924,1476321.83,Yes,2026-07-19
CCA00164,CUST00246,CC002,MoneyBack+ Credit Card,XXXX-XXXX-XXXX-3752,Visa,Classic,2023-12-03,2023-12-07,2028-12-01,Active,140409,86352.74,54056.26,13473,749931.69,No,2026-07-08
CCA00165,CUST00247,CC007,Business Credit Card,XXXX-XXXX-XXXX-7237,Visa,Classic,2025-10-19,2025-10-26,2030-10-18,Active,92426,18331.72,74094.28,33112,571943.77,Yes,2026-08-14
CCA00166,CUST00248,CC009,Swiggy HDFC Bank Credit Card,XXXX-XXXX-XXXX-9773,Mastercard,Premium,2024-05-10,2024-05-11,2029-05-09,Active,665126,529108.83,136017.17,20739,351766.75,Yes,2026-08-03
CCA00167,CUST00249,CC005,Infinia Metal,XXXX-XXXX-XXXX-6420,Mastercard,Super Premium,2023-12-12,2023-12-12,2028-12-10,Active,8295852,3977504.24,4318347.76,29311,43120041.18,No,2026-07-05
CCA00168,CUST00250,CC012,IRCTC HDFC Bank Credit Card,XXXX-XXXX-XXXX-6561,RuPay,Classic,2025-10-11,2025-10-15,2030-10-10,Active,57648,48363.26,9284.74,2493,192819.2,Yes,2026-08-01
CCA00169,CUST00251,CC002,MoneyBack+ Credit Card,XXXX-XXXX-XXXX-4791,Visa,Classic,2026-03-25,2026-03-25,2031-03-24,Active,27653,9798.61,17854.39,33069,160354.56,Yes,2026-08-12
CCA00170,CUST00252,CC009,Swiggy HDFC Bank Credit Card,XXXX-XXXX-XXXX-6420,Mastercard,Premium,2024-03-05,2024-03-05,2029-03-04,Active,528297,372364.42,155932.58,13633,1123297.66,No,2026-08-10
CCA00171,CUST00253,CC003,Millennia Credit Card,XXXX-XXXX-XXXX-6008,Visa,Premium,2021-07-12,2021-07-19,2026-07-11,Active,770724,431314.15,339409.85,28637,1172820.46,No,2026-07-22
CCA00172,CUST00254,CC014,Women's Advantage Credit Card,XXXX-XXXX-XXXX-3365,Visa,Classic,2025-06-02,2025-06-05,2030-06-01,Active,91862,32233.55,59628.45,38284,49456.92,Yes,2026-07-25
CCA00173,CUST00255,CC009,Swiggy HDFC Bank Credit Card,XXXX-XXXX-XXXX-2438,Mastercard,Premium,2026-05-08,2026-05-14,2031-05-07,Active,560999,328284.77,232714.23,17576,1556955.39,No,2026-08-06
CCA00174,CUST00256,CC009,Swiggy HDFC Bank Credit Card,XXXX-XXXX-XXXX-7771,Mastercard,Premium,2024-06-16,2024-06-17,2029-06-15,Active,1292596,538900.45,753695.55,4702,2487010.31,No,2026-07-22
CCA00175,CUST00258,CC010,Tata Neu Infinity,XXXX-XXXX-XXXX-2063,RuPay,Premium,2024-09-26,2024-09-26,2029-09-25,Active,353385,291636.36,61748.64,19527,2197761.92,No,2026-08-15
CCA00176,CUST00259,CC010,Tata Neu Infinity,XXXX-XXXX-XXXX-7427,RuPay,Premium,2021-09-30,2021-10-04,2026-09-29,Active,718517,500774.04,217742.96,31467,1177444.26,Yes,2026-08-02
CCA00177,CUST00260,CC009,Swiggy HDFC Bank Credit Card,XXXX-XXXX-XXXX-4898,Mastercard,Premium,2025-07-06,2025-07-08,2030-07-05,Active,217744,101117.32,116626.68,260,1392489.55,Yes,2026-08-10
CCA00178,CUST00261,CC011,IndianOil HDFC Bank Credit Card,XXXX-XXXX-XXXX-9782,Visa,Classic,2026-01-11,2026-01-17,2031-01-10,Active,118569,103891.37,14677.63,22495,541228.43,Yes,2026-08-15
CCA00179,CUST00262,CC002,MoneyBack+ Credit Card,XXXX-XXXX-XXXX-4666,Visa,Classic,2021-07-10,2021-07-16,2026-07-09,Active,262678,208193.13,54484.87,23697,849350.51,Yes,2026-07-08
CCA00180,CUST00262,CC001,Freedom Credit Card,XXXX-XXXX-XXXX-6340,Visa,Classic,2023-09-19,2024-11-19,2029-01-30,Active,106096,79273.24,26822.76,53482,338462.37,Yes,2026-08-01
CCA00181,CUST00263,CC001,Freedom Credit Card,XXXX-XXXX-XXXX-6246,Visa,Classic,2025-11-05,2025-11-09,2030-11-04,Active,24154,16015.93,8138.07,25722,81318.83,No,2026-08-03
CCA00182,CUST00267,CC011,IndianOil HDFC Bank Credit Card,XXXX-XXXX-XXXX-8264,Visa,Classic,2020-03-12,2020-03-16,2025-03-11,Active,74999,49650.37,25348.63,19475,367982.47,No,2026-07-15
CCA00183,CUST00268,CC011,IndianOil HDFC Bank Credit Card,XXXX-XXXX-XXXX-9855,Visa,Classic,2021-03-03,2021-03-05,2026-03-02,Active,227563,183059.01,44503.99,16004,558495.7,No,2026-07-25
CCA00184,CUST00268,CC014,Women's Advantage Credit Card,XXXX-XXXX-XXXX-6554,Visa,Classic,2026-01-13,2024-09-19,2029-11-20,Active,99154,71784.01,27369.99,61670,514883.38,No,2026-07-08
CCA00185,CUST00269,CC012,IRCTC HDFC Bank Credit Card,XXXX-XXXX-XXXX-2553,RuPay,Classic,2022-10-27,2022-11-01,2027-10-26,Active,63609,45884.03,17724.97,17994,173094.01,Yes,2026-07-14
CCA00186,CUST00270,CC010,Tata Neu Infinity,XXXX-XXXX-XXXX-4455,RuPay,Premium,2020-11-24,2020-11-24,2025-11-23,Active,599298,269873.98,329424.02,37789,961867.37,No,2026-07-20
CCA00187,CUST00271,CC004,Regalia Gold,XXXX-XXXX-XXXX-2185,Visa,Premium,2019-07-21,2019-07-25,2024-07-19,Active,599623,457962.5,141660.5,49160,310181.11,No,2026-07-19
CCA00188,CUST00272,CC004,Regalia Gold,XXXX-XXXX-XXXX-9598,Visa,Premium,2024-09-29,2024-10-02,2029-09-28,Active,766486,585542.28,180943.72,22711,1708879.71,Yes,2026-08-17
CCA00189,CUST00273,CC009,Swiggy HDFC Bank Credit Card,XXXX-XXXX-XXXX-6803,Mastercard,Premium,2024-04-27,2024-04-29,2029-04-26,Active,423857,200018.59,223838.41,7252,2539255.15,No,2026-07-13
CCA00190,CUST00275,CC012,IRCTC HDFC Bank Credit Card,XXXX-XXXX-XXXX-5733,RuPay,Classic,2025-12-25,2025-12-29,2030-12-24,Active,142985,41260.2,101724.8,30836,603471.21,Yes,2026-08-11
CCA00191,CUST00277,CC009,Swiggy HDFC Bank Credit Card,XXXX-XXXX-XXXX-4768,Mastercard,Premium,2025-11-17,2025-11-20,2030-11-16,Active,214345,122692.35,91652.65,748,398628.87,No,2026-07-26
CCA00192,CUST00279,CC003,Millennia Credit Card,XXXX-XXXX-XXXX-2945,Visa,Premium,2023-03-10,2023-03-10,2028-03-08,Active,292849,200952.2,91896.8,17281,1170572.02,No,2026-07-13
CCA00193,CUST00280,CC013,Pixel Go Credit Card,XXXX-XXXX-XXXX-5185,Visa,Classic,2022-02-08,2022-02-12,2027-02-07,Active,144504,131148.19,13355.81,35876,739125.16,No,2026-07-31
CCA00194,CUST00281,CC009,Swiggy HDFC Bank Credit Card,XXXX-XXXX-XXXX-4987,Mastercard,Premium,2025-07-04,2025-07-11,2030-07-03,Active,339259,225996.5,113262.5,4386,2176916.76,No,2026-07-28
CCA00195,CUST00282,CC008,BizBlack Credit Card,XXXX-XXXX-XXXX-8182,Mastercard,Super Premium,2019-07-10,2019-07-10,2024-07-08,Active,8148641,5649824.49,2498816.51,9426,43176199.34,No,2026-08-13
CCA00196,CUST00283,CC010,Tata Neu Infinity,XXXX-XXXX-XXXX-7748,RuPay,Premium,2017-08-12,2017-08-16,2022-08-11,Active,341206,283419.29,57786.71,14500,913446.08,No,2026-07-16
CCA00197,CUST00284,CC012,IRCTC HDFC Bank Credit Card,XXXX-XXXX-XXXX-3465,RuPay,Classic,2022-08-16,2022-08-22,2027-08-15,Active,60438,23469.09,36968.91,16155,153432.14,Yes,2026-07-24
CCA00198,CUST00285,CC012,IRCTC HDFC Bank Credit Card,XXXX-XXXX-XXXX-5287,RuPay,Classic,2023-09-01,2023-09-08,2028-08-30,Active,102919,80121.53,22797.47,2564,547477.94,No,2026-08-17
CCA00199,CUST00287,CC012,IRCTC HDFC Bank Credit Card,XXXX-XXXX-XXXX-9343,RuPay,Classic,2022-08-20,2022-08-24,2027-08-19,Active,56600,50408.1,6191.9,38324,359944.78,No,2026-07-10
CCA00200,CUST00289,CC009,Swiggy HDFC Bank Credit Card,XXXX-XXXX-XXXX-4278,Mastercard,Premium,2024-01-08,2024-01-11,2029-01-06,Active,174329,39914.26,134414.74,20466,1089439.42,Yes,2026-08-03
CCA00201,CUST00292,CC007,Business Credit Card,XXXX-XXXX-XXXX-5132,Visa,Classic,2025-09-21,2025-09-26,2030-09-20,Active,140014,92818.52,47195.48,29222,683820.42,Yes,2026-08-11
CCA00202,CUST00295,CC014,Women's Advantage Credit Card,XXXX-XXXX-XXXX-1229,Visa,Classic,2023-01-12,2023-01-12,2028-01-11,Active,26205,15668.35,10536.65,102,134578.98,No,2026-07-26
CCA00203,CUST00296,CC009,Swiggy HDFC Bank Credit Card,XXXX-XXXX-XXXX-2509,Mastercard,Premium,2025-06-24,2025-06-28,2030-06-23,Active,364107,187861.06,176245.94,66,1295139.69,No,2026-07-08
CCA00204,CUST00297,CC009,Swiggy HDFC Bank Credit Card,XXXX-XXXX-XXXX-8298,Mastercard,Premium,2025-12-03,2025-12-09,2030-12-02,Active,799866,670037.72,129828.28,32087,1475530.35,No,2026-07-18
CCA00205,CUST00300,CC009,Swiggy HDFC Bank Credit Card,XXXX-XXXX-XXXX-7134,Mastercard,Premium,2025-08-17,2025-08-18,2030-08-16,Active,601866,462491.72,139374.28,47345,2610794.53,No,2026-08-12
CCA00206,CUST00301,CC012,IRCTC HDFC Bank Credit Card,XXXX-XXXX-XXXX-1554,RuPay,Classic,2019-12-27,2020-01-03,2024-12-25,Active,84751,58050.6,26700.4,44856,125498.32,No,2026-08-11
CCA00207,CUST00302,CC004,Regalia Gold,XXXX-XXXX-XXXX-7691,Visa,Premium,2023-01-30,2023-02-02,2028-01-29,Active,295335,221147.23,74187.77,13017,1976492.12,No,2026-08-08
CCA00208,CUST00302,CC011,IndianOil HDFC Bank Credit Card,XXXX-XXXX-XXXX-2216,Visa,Classic,2024-07-13,2026-06-28,2029-01-05,Active,59634,41684.21,17949.79,28649,188865.53,Yes,2026-07-08
CCA00209,CUST00307,CC010,Tata Neu Infinity,XXXX-XXXX-XXXX-8246,RuPay,Premium,2024-09-06,2024-09-08,2029-09-05,Active,513551,378945.16,134605.84,18216,2932403.8,No,2026-08-12
CCA00210,CUST00308,CC002,MoneyBack+ Credit Card,XXXX-XXXX-XXXX-7359,Visa,Classic,2021-06-14,2021-06-17,2026-06-13,Active,31993,15218.92,16774.08,36227,109555.72,Yes,2026-08-06
CCA00211,CUST00309,CC012,IRCTC HDFC Bank Credit Card,XXXX-XXXX-XXXX-7538,RuPay,Classic,2026-06-17,2026-06-24,2031-06-16,Active,126559,92197.71,34361.29,31506,368800.19,No,2026-07-12
CCA00212,CUST00310,CC014,Women's Advantage Credit Card,XXXX-XXXX-XXXX-5963,Visa,Classic,2026-05-14,2026-05-17,2031-05-13,Active,90040,17762.97,72277.03,7663,282674.93,Yes,2026-07-06
CCA00213,CUST00312,CC001,Freedom Credit Card,XXXX-XXXX-XXXX-8168,Visa,Classic,2020-07-25,2020-07-25,2025-07-24,Active,94060,85985.89,8074.11,37003,401360.83,No,2026-08-04
CCA00214,CUST00313,CC005,Infinia Metal,XXXX-XXXX-XXXX-7951,Mastercard,Super Premium,2023-06-15,2023-06-15,2028-06-13,Active,1902424,927786.62,974637.38,18202,3084176.97,No,2026-08-12
CCA00215,CUST00316,CC003,Millennia Credit Card,XXXX-XXXX-XXXX-5054,Visa,Premium,2026-05-21,2026-05-24,2031-05-20,Active,310288,258679.56,51608.44,10135,1926768.33,Yes,2026-07-20
CCA00216,CUST00322,CC003,Millennia Credit Card,XXXX-XXXX-XXXX-3833,Visa,Premium,2025-11-04,2025-11-06,2030-11-03,Active,396213,152386.5,243826.5,37676,1366079.14,No,2026-07-28
CCA00217,CUST00323,CC012,IRCTC HDFC Bank Credit Card,XXXX-XXXX-XXXX-3372,RuPay,Classic,2026-01-12,2026-01-13,2031-01-11,Active,23217,6003.39,17213.61,41297,144230.71,No,2026-07-25
CCA00218,CUST00324,CC009,Swiggy HDFC Bank Credit Card,XXXX-XXXX-XXXX-6867,Mastercard,Premium,2023-06-17,2023-06-19,2028-06-15,Active,398876,273050.75,125825.25,27341,2786284.59,No,2026-07-25
CCA00219,CUST00325,CC013,Pixel Go Credit Card,XXXX-XXXX-XXXX-2616,Visa,Classic,2022-11-08,2022-11-15,2027-11-07,Active,45237,31277.08,13959.92,6939,115902.39,No,2026-08-12
CCA00220,CUST00326,CC012,IRCTC HDFC Bank Credit Card,XXXX-XXXX-XXXX-9558,RuPay,Classic,2025-04-04,2025-04-05,2030-04-03,Active,70893,43713.55,27179.45,29823,110250.22,No,2026-07-28
CCA00221,CUST00327,CC008,BizBlack Credit Card,XXXX-XXXX-XXXX-3389,Mastercard,Super Premium,2026-01-26,2026-01-28,2031-01-25,Active,7039677,2694095.28,4345581.72,14996,47096544.07,Yes,2026-07-21
CCA00222,CUST00330,CC014,Women's Advantage Credit Card,XXXX-XXXX-XXXX-4366,Visa,Classic,2020-11-22,2020-11-24,2025-11-21,Active,55191,38488.79,16702.21,18875,55205.95,No,2026-08-11
CCA00223,CUST00331,CC010,Tata Neu Infinity,XXXX-XXXX-XXXX-2902,RuPay,Premium,2024-10-25,2024-10-29,2029-10-24,Active,179275,121542.63,57732.37,6024,310435.66,No,2026-07-17
CCA00224,CUST00332,CC003,Millennia Credit Card,XXXX-XXXX-XXXX-2170,Visa,Premium,2025-03-12,2025-03-14,2030-03-11,Active,1191717,606171.23,585545.77,38207,1746845.82,Yes,2026-08-11
CCA00225,CUST00332,CC002,MoneyBack+ Credit Card,XXXX-XXXX-XXXX-1831,Visa,Classic,2025-11-13,2026-04-30,2030-08-30,Active,77751,48376.56,29374.44,43014,119151.95,No,2026-07-05
CCA00226,CUST00333,CC010,Tata Neu Infinity,XXXX-XXXX-XXXX-2220,RuPay,Premium,2022-10-13,2022-10-20,2027-10-12,Active,518056,456647.94,61408.06,35615,1274611.87,No,2026-07-14
CCA00227,CUST00336,CC003,Millennia Credit Card,XXXX-XXXX-XXXX-1560,Visa,Premium,2026-03-13,2026-03-18,2031-03-12,Active,522169,186743.99,335425.01,31240,2123538.61,No,2026-07-10
CCA00228,CUST00339,CC011,IndianOil HDFC Bank Credit Card,XXXX-XXXX-XXXX-4091,Visa,Classic,2025-03-08,2025-03-09,2030-03-07,Active,141098,53453.41,87644.59,41015,107114.79,No,2026-08-03
CCA00229,CUST00341,CC012,IRCTC HDFC Bank Credit Card,XXXX-XXXX-XXXX-4108,RuPay,Classic,2020-10-25,2020-10-30,2025-10-24,Active,30039,15786.06,14252.94,10727,89322.81,Yes,2026-07-27
CCA00230,CUST00343,CC011,IndianOil HDFC Bank Credit Card,XXXX-XXXX-XXXX-1161,Visa,Classic,2026-01-13,2026-01-20,2031-01-12,Active,21916,7674.51,14241.49,10521,77971.33,No,2026-08-09
CCA00231,CUST00344,CC007,Business Credit Card,XXXX-XXXX-XXXX-3844,Visa,Classic,2025-09-11,2025-09-16,2030-09-10,Active,102470,93004.55,9465.45,39805,168415.35,Yes,2026-07-24
CCA00232,CUST00345,CC007,Business Credit Card,XXXX-XXXX-XXXX-2571,Visa,Classic,2021-04-06,2021-04-07,2026-04-05,Active,167975,112921.51,55053.49,42829,242396.96,No,2026-08-03
CCA00233,CUST00348,CC007,Business Credit Card,XXXX-XXXX-XXXX-8539,Visa,Classic,2024-02-29,2024-03-01,2029-02-27,Active,89884,81658.99,8225.01,37144,85290.79,No,2026-07-31
CCA00234,CUST00349,CC003,Millennia Credit Card,XXXX-XXXX-XXXX-7778,Visa,Premium,2025-10-08,2025-10-10,2030-10-07,Active,1485229,620458.84,864770.16,5029,8727294.03,No,2026-07-09
CCA00235,CUST00352,CC012,IRCTC HDFC Bank Credit Card,XXXX-XXXX-XXXX-2061,RuPay,Classic,2019-01-27,2019-02-01,2024-01-26,Active,19923,4457.96,15465.04,8117,39400.7,No,2026-07-06
CCA00236,CUST00354,CC010,Tata Neu Infinity,XXXX-XXXX-XXXX-6956,RuPay,Premium,2022-04-16,2022-04-23,2027-04-15,Active,166124,118520.04,47603.96,35044,322830.72,No,2026-07-19
CCA00237,CUST00355,CC007,Business Credit Card,XXXX-XXXX-XXXX-2730,Visa,Classic,2026-01-16,2026-01-21,2031-01-15,Active,112428,44022.93,68405.07,8077,342260.37,No,2026-08-13
CCA00238,CUST00357,CC001,Freedom Credit Card,XXXX-XXXX-XXXX-9936,Visa,Classic,2024-01-08,2024-01-13,2029-01-06,Active,198108,78243.67,119864.33,32174,521939.53,No,2026-07-14
CCA00239,CUST00359,CC009,Swiggy HDFC Bank Credit Card,XXXX-XXXX-XXXX-3016,Mastercard,Premium,2025-01-08,2025-01-11,2030-01-07,Active,134886,112661.4,22224.6,31272,247339.19,No,2026-07-09
CCA00240,CUST00361,CC007,Business Credit Card,XXXX-XXXX-XXXX-7856,Visa,Classic,2026-01-17,2026-01-23,2031-01-16,Active,136663,101232.77,35430.23,13273,435493.14,Yes,2026-08-04
CCA00241,CUST00362,CC014,Women's Advantage Credit Card,XXXX-XXXX-XXXX-8968,Visa,Classic,2022-06-30,2022-06-30,2027-06-29,Active,147172,78276.13,68895.87,20419,768963.26,Yes,2026-08-07
CCA00242,CUST00363,CC014,Women's Advantage Credit Card,XXXX-XXXX-XXXX-7799,Visa,Classic,2023-09-30,2023-10-04,2028-09-28,Active,22746,15450.37,7295.63,3677,58710.76,No,2026-07-12
CCA00243,CUST00364,CC010,Tata Neu Infinity,XXXX-XXXX-XXXX-8831,RuPay,Premium,2016-12-25,2016-12-30,2021-12-24,Active,1598216,1399459.98,198756.02,25408,11002441.81,Yes,2026-07-10
CCA00244,CUST00367,CC014,Women's Advantage Credit Card,XXXX-XXXX-XXXX-5073,Visa,Classic,2026-06-10,2026-06-10,2031-06-09,Active,99692,74163.25,25528.75,3583,112109.58,No,2026-07-31
CCA00245,CUST00368,CC001,Freedom Credit Card,XXXX-XXXX-XXXX-5419,Visa,Classic,2020-10-21,2020-10-23,2025-10-20,Active,106977,76613.53,30363.47,9679,734059.79,No,2026-08-01
CCA00246,CUST00368,CC010,Tata Neu Infinity,XXXX-XXXX-XXXX-3296,RuPay,Premium,2024-01-19,2024-06-30,2028-05-03,Active,754089,560326.81,193762.19,41927,4413194.93,Yes,2026-07-17
CCA00247,CUST00371,CC009,Swiggy HDFC Bank Credit Card,XXXX-XXXX-XXXX-4745,Mastercard,Premium,2021-05-04,2021-05-08,2026-05-03,Active,429228,207230.92,221997.08,44469,2971026.46,No,2026-07-26
CCA00248,CUST00372,CC014,Women's Advantage Credit Card,XXXX-XXXX-XXXX-9277,Visa,Classic,2024-04-09,2024-04-12,2029-04-08,Active,148920,130323.58,18596.42,30434,689753.62,No,2026-07-17
CCA00249,CUST00374,CC010,Tata Neu Infinity,XXXX-XXXX-XXXX-4163,RuPay,Premium,2024-10-05,2024-10-08,2029-10-04,Active,153660,109738.31,43921.69,4631,1051667.73,No,2026-08-03
CCA00250,CUST00375,CC010,Tata Neu Infinity,XXXX-XXXX-XXXX-9125,RuPay,Premium,2026-04-13,2026-04-19,2031-04-12,Active,300390,30617.36,269772.64,39195,556700.86,No,2026-07-19
CCA00251,CUST00377,CC006,Diners Black,XXXX-XXXX-XXXX-7687,Diners Club,Super Premium,2020-09-24,2020-09-30,2025-09-23,Active,6662685,4556457.29,2106227.71,47723,23214648.93,No,2026-08-17
CCA00252,CUST00378,CC009,Swiggy HDFC Bank Credit Card,XXXX-XXXX-XXXX-2151,Mastercard,Premium,2022-06-18,2022-06-24,2027-06-17,Active,445852,85620.08,360231.92,9760,1900256.16,Yes,2026-07-12
CCA00253,CUST00379,CC008,BizBlack Credit Card,XXXX-XXXX-XXXX-7417,Mastercard,Super Premium,2025-12-08,2025-12-14,2030-12-07,Active,4037237,2666580.88,1370656.12,11597,13748589.39,Yes,2026-07-16
CCA00254,CUST00379,CC013,Pixel Go Credit Card,XXXX-XXXX-XXXX-1585,Visa,Classic,2023-12-31,2026-02-17,2029-10-25,Active,76428,72140.0,4288.0,33730,243400.11,Yes,2026-07-26
CCA00255,CUST00380,CC005,Infinia Metal,XXXX-XXXX-XXXX-2190,Mastercard,Super Premium,2025-03-05,2025-03-07,2030-03-04,Active,4677504,1882987.78,2794516.22,28443,26345769.21,No,2026-08-14
CCA00256,CUST00380,CC010,Tata Neu Infinity,XXXX-XXXX-XXXX-1818,RuPay,Premium,2024-02-05,2023-07-25,2028-05-27,Active,496643,234113.89,262529.11,38207,1090456.12,Yes,2026-07-08
CCA00257,CUST00382,CC004,Regalia Gold,XXXX-XXXX-XXXX-3733,Visa,Premium,2025-05-25,2025-05-30,2030-05-24,Active,689414,439753.89,249660.11,9807,3398315.79,No,2026-08-08
CCA00258,CUST00383,CC007,Business Credit Card,XXXX-XXXX-XXXX-4564,Visa,Classic,2024-02-05,2024-02-11,2029-02-03,Active,219373,93169.42,126203.58,1275,856267.19,No,2026-07-14
CCA00259,CUST00383,CC003,Millennia Credit Card,XXXX-XXXX-XXXX-4323,Visa,Premium,2026-01-01,2024-03-14,2030-07-30,Active,488373,428887.84,59485.16,48925,2525153.74,Yes,2026-07-25
CCA00260,CUST00384,CC010,Tata Neu Infinity,XXXX-XXXX-XXXX-5721,RuPay,Premium,2022-04-05,2022-04-10,2027-04-04,Active,726497,466824.59,259672.41,7456,1111875.0,No,2026-07-24
CCA00261,CUST00385,CC009,Swiggy HDFC Bank Credit Card,XXXX-XXXX-XXXX-5021,Mastercard,Premium,2020-08-14,2020-08-20,2025-08-13,Active,785155,500647.8,284507.2,42659,1365565.65,Yes,2026-07-24
CCA00262,CUST00387,CC001,Freedom Credit Card,XXXX-XXXX-XXXX-9092,Visa,Classic,2018-05-26,2018-05-31,2023-05-25,Active,95850,78471.6,17378.4,34464,387127.08,Yes,2026-08-12
CCA00263,CUST00390,CC001,Freedom Credit Card,XXXX-XXXX-XXXX-6929,Visa,Classic,2021-11-22,2021-11-29,2026-11-21,Active,73273,34192.59,39080.41,18215,132183.19,No,2026-07-11
CCA00264,CUST00391,CC001,Freedom Credit Card,XXXX-XXXX-XXXX-2722,Visa,Classic,2024-05-17,2024-05-17,2029-05-16,Active,51816,11266.53,40549.47,26605,276533.78,No,2026-08-10
CCA00265,CUST00392,CC009,Swiggy HDFC Bank Credit Card,XXXX-XXXX-XXXX-4725,Mastercard,Premium,2019-10-24,2019-10-30,2024-10-22,Active,632703,228990.81,403712.19,44146,1711990.91,Yes,2026-07-24
CCA00266,CUST00393,CC009,Swiggy HDFC Bank Credit Card,XXXX-XXXX-XXXX-1675,Mastercard,Premium,2025-01-19,2025-01-21,2030-01-18,Active,326946,168518.93,158427.07,12983,1052513.1,No,2026-08-10
CCA00267,CUST00396,CC007,Business Credit Card,XXXX-XXXX-XXXX-1304,Visa,Classic,2020-09-11,2020-09-12,2025-09-10,Active,28915,22860.54,6054.46,48340,95418.87,No,2026-07-23
CCA00268,CUST00398,CC007,Business Credit Card,XXXX-XXXX-XXXX-1547,Visa,Classic,2024-10-26,2024-10-31,2029-10-25,Active,115833,53042.71,62790.29,47249,530195.14,No,2026-07-18
CCA00269,CUST00400,CC011,IndianOil HDFC Bank Credit Card,XXXX-XXXX-XXXX-1556,Visa,Classic,2024-01-17,2024-01-24,2029-01-15,Active,32197,21045.43,11151.57,14256,176009.92,No,2026-08-05
CCA00270,CUST00401,CC014,Women's Advantage Credit Card,XXXX-XXXX-XXXX-1559,Visa,Classic,2019-07-05,2019-07-07,2024-07-03,Active,63602,45279.86,18322.14,5791,114523.94,No,2026-07-22
CCA00271,CUST00401,CC009,Swiggy HDFC Bank Credit Card,XXXX-XXXX-XXXX-2190,Mastercard,Premium,2023-10-24,2023-07-28,2030-07-19,Active,306220,213793.95,92426.05,52909,175576.24,No,2026-07-29
CCA00272,CUST00402,CC009,Swiggy HDFC Bank Credit Card,XXXX-XXXX-XXXX-4787,Mastercard,Premium,2025-03-02,2025-03-02,2030-03-01,Active,407208,274403.39,132804.61,45548,1232707.51,No,2026-08-13
CCA00273,CUST00403,CC010,Tata Neu Infinity,XXXX-XXXX-XXXX-6893,RuPay,Premium,2021-10-19,2021-10-26,2026-10-18,Active,1268809,755783.47,513025.53,19121,1248437.65,No,2026-07-13
CCA00274,CUST00407,CC014,Women's Advantage Credit Card,XXXX-XXXX-XXXX-8586,Visa,Classic,2022-10-14,2022-10-15,2027-10-13,Active,58128,43760.43,14367.57,33440,61036.81,Yes,2026-07-04
CCA00275,CUST00408,CC003,Millennia Credit Card,XXXX-XXXX-XXXX-6010,Visa,Premium,2018-04-12,2018-04-19,2023-04-11,Active,353170,196195.78,156974.22,17045,942500.54,Yes,2026-07-24
CCA00276,CUST00409,CC012,IRCTC HDFC Bank Credit Card,XXXX-XXXX-XXXX-4305,RuPay,Classic,2026-04-14,2026-04-16,2031-04-13,Active,114521,40293.21,74227.79,47154,766038.71,Yes,2026-07-10
CCA00277,CUST00410,CC008,BizBlack Credit Card,XXXX-XXXX-XXXX-3002,Mastercard,Super Premium,2021-11-28,2021-12-01,2026-11-27,Active,4291393,2566417.35,1724975.65,21204,18438210.78,No,2026-07-09
CCA00278,CUST00416,CC001,Freedom Credit Card,XXXX-XXXX-XXXX-8443,Visa,Classic,2024-07-20,2024-07-23,2029-07-19,Active,127920,109764.28,18155.72,41889,429502.81,No,2026-08-17
CCA00279,CUST00417,CC007,Business Credit Card,XXXX-XXXX-XXXX-3419,Visa,Classic,2024-11-15,2024-11-19,2029-11-14,Active,111387,57597.11,53789.89,39780,416127.04,No,2026-07-26
CCA00280,CUST00420,CC003,Millennia Credit Card,XXXX-XXXX-XXXX-8103,Visa,Premium,2025-12-06,2025-12-07,2030-12-05,Active,463962,263307.97,200654.03,41852,2574094.22,No,2026-07-06
CCA00281,CUST00423,CC005,Infinia Metal,XXXX-XXXX-XXXX-9922,Mastercard,Super Premium,2022-10-13,2022-10-15,2027-10-12,Active,3648010,2806043.6,841966.4,1706,20497889.13,No,2026-08-17
CCA00282,CUST00423,CC010,Tata Neu Infinity,XXXX-XXXX-XXXX-5290,RuPay,Premium,2023-12-18,2024-07-18,2029-02-17,Active,541374,419696.43,121677.57,56907,2667452.01,No,2026-08-12
CCA00283,CUST00424,CC014,Women's Advantage Credit Card,XXXX-XXXX-XXXX-3187,Visa,Classic,2019-06-26,2019-07-03,2024-06-24,Active,136746,53894.66,82851.34,7013,692671.99,No,2026-08-17
CCA00284,CUST00425,CC007,Business Credit Card,XXXX-XXXX-XXXX-6202,Visa,Classic,2022-07-27,2022-08-03,2027-07-26,Active,274639,206985.12,67653.88,29114,1789271.27,No,2026-07-12
CCA00285,CUST00427,CC005,Infinia Metal,XXXX-XXXX-XXXX-8256,Mastercard,Super Premium,2026-04-11,2026-04-14,2031-04-10,Active,5797760,468606.21,5329153.79,18636,21260800.71,Yes,2026-07-04
CCA00286,CUST00429,CC010,Tata Neu Infinity,XXXX-XXXX-XXXX-2884,RuPay,Premium,2026-03-07,2026-03-10,2031-03-06,Active,972388,662080.57,310307.43,35758,4698758.88,Yes,2026-07-19
CCA00287,CUST00430,CC012,IRCTC HDFC Bank Credit Card,XXXX-XXXX-XXXX-9223,RuPay,Classic,2025-11-17,2025-11-22,2030-11-16,Active,143408,74935.65,68472.35,12755,843137.43,No,2026-07-11
CCA00288,CUST00431,CC009,Swiggy HDFC Bank Credit Card,XXXX-XXXX-XXXX-9583,Mastercard,Premium,2024-02-29,2024-03-07,2029-02-27,Active,254595,168043.69,86551.31,41263,392494.38,No,2026-07-08
CCA00289,CUST00432,CC003,Millennia Credit Card,XXXX-XXXX-XXXX-4763,Visa,Premium,2026-02-23,2026-02-26,2031-02-22,Active,211183,120935.25,90247.75,23557,604210.86,No,2026-07-26
CCA00290,CUST00433,CC009,Swiggy HDFC Bank Credit Card,XXXX-XXXX-XXXX-2325,Mastercard,Premium,2021-08-27,2021-08-28,2026-08-26,Active,338189,247848.49,90340.51,36859,2262644.8,No,2026-07-18
CCA00291,CUST00434,CC009,Swiggy HDFC Bank Credit Card,XXXX-XXXX-XXXX-7952,Mastercard,Premium,2018-08-24,2018-08-24,2023-08-23,Active,1434444,213351.1,1221092.9,94,1686361.21,No,2026-07-13
CCA00292,CUST00434,CC004,Regalia Gold,XXXX-XXXX-XXXX-5476,Visa,Premium,2025-06-01,2024-11-06,2031-06-24,Active,448647,233927.03,214719.97,37413,2160671.1,No,2026-08-17
CCA00293,CUST00435,CC013,Pixel Go Credit Card,XXXX-XXXX-XXXX-8089,Visa,Classic,2022-02-09,2022-02-11,2027-02-08,Active,139972,58912.74,81059.26,32849,842397.14,No,2026-07-20
CCA00294,CUST00436,CC009,Swiggy HDFC Bank Credit Card,XXXX-XXXX-XXXX-4473,Mastercard,Premium,2024-12-01,2024-12-04,2029-11-30,Active,439941,395912.14,44028.86,31613,335418.71,No,2026-07-27
CCA00295,CUST00437,CC001,Freedom Credit Card,XXXX-XXXX-XXXX-8705,Visa,Classic,2024-12-24,2024-12-28,2029-12-23,Active,82710,65563.36,17146.64,39613,151831.65,No,2026-07-18
CCA00296,CUST00438,CC009,Swiggy HDFC Bank Credit Card,XXXX-XXXX-XXXX-7937,Mastercard,Premium,2025-03-12,2025-03-17,2030-03-11,Active,701345,498382.23,202962.77,24532,2927635.56,No,2026-07-08
CCA00297,CUST00439,CC012,IRCTC HDFC Bank Credit Card,XXXX-XXXX-XXXX-4401,RuPay,Classic,2019-10-05,2019-10-09,2024-10-03,Active,116677,91885.8,24791.2,44546,373164.75,Yes,2026-07-24
CCA00298,CUST00440,CC009,Swiggy HDFC Bank Credit Card,XXXX-XXXX-XXXX-5202,Mastercard,Premium,2023-08-15,2023-08-15,2028-08-13,Active,702521,383977.85,318543.15,20942,4587043.38,No,2026-08-02
CCA00299,CUST00440,CC011,IndianOil HDFC Bank Credit Card,XXXX-XXXX-XXXX-4697,Visa,Classic,2026-05-16,2026-06-21,2029-06-28,Active,35148,16498.5,18649.5,47916,144392.46,No,2026-08-09
CCA00300,CUST00442,CC009,Swiggy HDFC Bank Credit Card,XXXX-XXXX-XXXX-3522,Mastercard,Premium,2019-05-31,2019-06-06,2024-05-29,Active,731708,263586.47,468121.53,7131,1001157.19,Yes,2026-08-07
CCA00301,CUST00443,CC002,MoneyBack+ Credit Card,XXXX-XXXX-XXXX-4100,Visa,Classic,2024-06-22,2024-06-22,2029-06-21,Active,113556,99997.93,13558.07,42070,399953.8,No,2026-07-23
CCA00302,CUST00444,CC010,Tata Neu Infinity,XXXX-XXXX-XXXX-3676,RuPay,Premium,2026-03-17,2026-03-20,2031-03-16,Active,574395,221071.95,353323.05,22141,2532518.52,Yes,2026-08-08
CCA00303,CUST00445,CC009,Swiggy HDFC Bank Credit Card,XXXX-XXXX-XXXX-5390,Mastercard,Premium,2015-08-19,2015-08-24,2020-08-17,Active,689012,625395.47,63616.53,36791,2504157.86,No,2026-08-14
CCA00304,CUST00447,CC012,IRCTC HDFC Bank Credit Card,XXXX-XXXX-XXXX-5346,RuPay,Classic,2025-06-16,2025-06-16,2030-06-15,Active,125331,51270.77,74060.23,48429,317713.04,No,2026-07-18
CCA00305,CUST00449,CC010,Tata Neu Infinity,XXXX-XXXX-XXXX-1323,RuPay,Premium,2023-06-07,2023-06-07,2028-06-05,Active,159875,136835.71,23039.29,18315,346153.46,Yes,2026-08-14
CCA00306,CUST00450,CC010,Tata Neu Infinity,XXXX-XXXX-XXXX-5379,RuPay,Premium,2025-10-21,2025-10-22,2030-10-20,Active,516482,190582.04,325899.96,17359,2011962.06,No,2026-08-13
CCA00307,CUST00451,CC011,IndianOil HDFC Bank Credit Card,XXXX-XXXX-XXXX-1564,Visa,Classic,2026-04-25,2026-05-01,2031-04-24,Active,20243,12291.3,7951.7,44187,88145.64,No,2026-08-03
CCA00308,CUST00453,CC009,Swiggy HDFC Bank Credit Card,XXXX-XXXX-XXXX-9154,Mastercard,Premium,2025-01-17,2025-01-20,2030-01-16,Active,248207,225629.8,22577.2,43464,745909.09,No,2026-08-13
CCA00309,CUST00454,CC003,Millennia Credit Card,XXXX-XXXX-XXXX-7407,Visa,Premium,2026-03-03,2026-03-10,2031-03-02,Active,645576,527499.05,118076.95,14178,3501064.45,Yes,2026-07-15
CCA00310,CUST00456,CC003,Millennia Credit Card,XXXX-XXXX-XXXX-4084,Visa,Premium,2022-11-24,2022-12-01,2027-11-23,Active,776768,273273.53,503494.47,22216,3628250.99,Yes,2026-08-11
CCA00311,CUST00457,CC009,Swiggy HDFC Bank Credit Card,XXXX-XXXX-XXXX-9761,Mastercard,Premium,2021-02-09,2021-02-14,2026-02-08,Active,1309643,858468.68,451174.32,7456,8202372.56,No,2026-07-12
CCA00312,CUST00457,CC007,Business Credit Card,XXXX-XXXX-XXXX-1786,Visa,Classic,2024-11-22,2025-03-29,2031-04-22,Active,83349,66161.19,17187.81,37870,383131.12,No,2026-07-23
CCA00313,CUST00458,CC007,Business Credit Card,XXXX-XXXX-XXXX-1606,Visa,Classic,2022-08-19,2022-08-19,2027-08-18,Active,261298,105752.95,155545.05,33560,689924.34,No,2026-07-19
CCA00314,CUST00459,CC007,Business Credit Card,XXXX-XXXX-XXXX-4810,Visa,Classic,2017-05-30,2017-06-05,2022-05-29,Active,93785,47691.32,46093.68,12690,368156.35,No,2026-08-01
CCA00315,CUST00460,CC009,Swiggy HDFC Bank Credit Card,XXXX-XXXX-XXXX-4265,Mastercard,Premium,2024-08-02,2024-08-09,2029-08-01,Active,827842,632617.55,195224.45,36704,3216741.69,No,2026-07-17
CCA00316,CUST00461,CC001,Freedom Credit Card,XXXX-XXXX-XXXX-8155,Visa,Classic,2023-09-08,2023-09-14,2028-09-06,Active,128914,64622.91,64291.09,46450,118412.08,Yes,2026-07-04
CCA00317,CUST00465,CC004,Regalia Gold,XXXX-XXXX-XXXX-6035,Visa,Premium,2022-07-03,2022-07-10,2027-07-02,Active,317325,122260.79,195064.21,30497,372348.32,No,2026-07-13
CCA00318,CUST00466,CC007,Business Credit Card,XXXX-XXXX-XXXX-7940,Visa,Classic,2026-05-13,2026-05-20,2031-05-12,Active,48019,37125.84,10893.16,2779,332044.73,No,2026-07-23
CCA00319,CUST00468,CC003,Millennia Credit Card,XXXX-XXXX-XXXX-8356,Visa,Premium,2025-05-18,2025-05-25,2030-05-17,Active,712858,420433.27,292424.73,2770,1433608.9,No,2026-07-18
CCA00320,CUST00468,CC008,BizBlack Credit Card,XXXX-XXXX-XXXX-3063,Mastercard,Super Premium,2024-05-23,2023-05-26,2029-02-04,Active,4669945,2900159.7,1769785.3,24459,3390940.7,No,2026-08-04
CCA00321,CUST00472,CC011,IndianOil HDFC Bank Credit Card,XXXX-XXXX-XXXX-5783,Visa,Classic,2023-10-17,2023-10-20,2028-10-15,Active,143607,51078.64,92528.36,39876,351262.89,No,2026-08-05
CCA00322,CUST00473,CC013,Pixel Go Credit Card,XXXX-XXXX-XXXX-1024,Visa,Classic,2023-06-27,2023-06-30,2028-06-25,Active,68700,48730.63,19969.37,33626,321904.38,No,2026-07-04
CCA00323,CUST00474,CC007,Business Credit Card,XXXX-XXXX-XXXX-2352,Visa,Classic,2018-06-07,2018-06-09,2023-06-06,Active,53637,10755.13,42881.87,3391,155195.51,No,2026-07-13
CCA00324,CUST00475,CC002,MoneyBack+ Credit Card,XXXX-XXXX-XXXX-2283,Visa,Classic,2026-01-11,2026-01-15,2031-01-10,Active,115974,97037.59,18936.41,17624,134220.65,Yes,2026-07-04
CCA00325,CUST00476,CC004,Regalia Gold,XXXX-XXXX-XXXX-7251,Visa,Premium,2025-12-19,2025-12-24,2030-12-18,Active,279901,58121.86,221779.14,24161,1278222.56,No,2026-07-19
CCA00326,CUST00478,CC002,MoneyBack+ Credit Card,XXXX-XXXX-XXXX-2893,Visa,Classic,2017-12-31,2018-01-01,2022-12-30,Active,88564,38576.77,49987.23,13823,82225.05,No,2026-07-29
CCA00327,CUST00479,CC007,Business Credit Card,XXXX-XXXX-XXXX-7731,Visa,Classic,2024-01-26,2024-01-26,2029-01-24,Active,264475,136804.54,127670.46,2625,893608.76,No,2026-07-09
CCA00328,CUST00480,CC002,MoneyBack+ Credit Card,XXXX-XXXX-XXXX-7564,Visa,Classic,2024-04-17,2024-04-17,2029-04-16,Active,144687,123427.17,21259.83,11912,450733.69,Yes,2026-07-23
CCA00329,CUST00483,CC008,BizBlack Credit Card,XXXX-XXXX-XXXX-6855,Mastercard,Super Premium,2025-12-19,2025-12-25,2030-12-18,Active,3342887,2868823.63,474063.37,29346,16678467.73,Yes,2026-07-25
CCA00330,CUST00485,CC003,Millennia Credit Card,XXXX-XXXX-XXXX-9810,Visa,Premium,2022-04-27,2022-05-03,2027-04-26,Active,84861,39628.89,45232.11,32222,265226.55,Yes,2026-08-14
CCA00331,CUST00488,CC002,MoneyBack+ Credit Card,XXXX-XXXX-XXXX-1173,Visa,Classic,2020-05-03,2020-05-06,2025-05-02,Active,123642,81444.33,42197.67,21062,394182.77,No,2026-08-07
CCA00332,CUST00489,CC011,IndianOil HDFC Bank Credit Card,XXXX-XXXX-XXXX-6412,Visa,Classic,2022-11-10,2022-11-17,2027-11-09,Active,159374,96998.17,62375.83,25576,169438.82,No,2026-07-05
CCA00333,CUST00495,CC009,Swiggy HDFC Bank Credit Card,XXXX-XXXX-XXXX-6352,Mastercard,Premium,2026-04-16,2026-04-17,2031-04-15,Active,293872,227250.34,66621.66,2048,1410771.0,No,2026-07-25
CCA00334,CUST00498,CC008,BizBlack Credit Card,XXXX-XXXX-XXXX-7177,Mastercard,Super Premium,2021-02-13,2021-02-20,2026-02-12,Active,3677885,3247003.48,430881.52,36172,23966827.88,No,2026-07-28
CCA00335,CUST00499,CC010,Tata Neu Infinity,XXXX-XXXX-XXXX-8965,RuPay,Premium,2025-10-21,2025-10-24,2030-10-20,Active,498100,425349.95,72750.05,20229,905233.93,No,2026-07-04
CCA00336,CUST00502,CC003,Millennia Credit Card,XXXX-XXXX-XXXX-5595,Visa,Premium,2022-08-26,2022-09-01,2027-08-25,Active,701646,184316.82,517329.18,6720,2004313.65,Yes,2026-08-10
CCA00337,CUST00503,CC009,Swiggy HDFC Bank Credit Card,XXXX-XXXX-XXXX-5767,Mastercard,Premium,2024-04-01,2024-04-04,2029-03-31,Active,818588,722207.7,96380.3,3477,3384450.59,Yes,2026-08-04
CCA00338,CUST00503,CC012,IRCTC HDFC Bank Credit Card,XXXX-XXXX-XXXX-5172,RuPay,Classic,2024-12-28,2026-04-06,2029-02-15,Active,27854,20812.68,7041.32,47990,111792.78,No,2026-07-30
CCA00339,CUST00505,CC010,Tata Neu Infinity,XXXX-XXXX-XXXX-5299,RuPay,Premium,2022-10-10,2022-10-12,2027-10-09,Active,440873,117052.56,323820.44,3773,866583.59,No,2026-07-26
CCA00340,CUST00506,CC007,Business Credit Card,XXXX-XXXX-XXXX-6079,Visa,Classic,2018-12-18,2018-12-25,2023-12-17,Active,110458,58898.93,51559.07,38969,156610.45,No,2026-08-14
CCA00341,CUST00507,CC003,Millennia Credit Card,XXXX-XXXX-XXXX-9091,Visa,Premium,2025-01-05,2025-01-11,2030-01-04,Active,213327,143814.08,69512.92,42941,1139244.34,Yes,2026-08-16
CCA00342,CUST00508,CC007,Business Credit Card,XXXX-XXXX-XXXX-9323,Visa,Classic,2019-01-07,2019-01-12,2024-01-06,Active,60973,43971.0,17002.0,35612,200276.17,No,2026-07-17
CCA00343,CUST00509,CC003,Millennia Credit Card,XXXX-XXXX-XXXX-4007,Visa,Premium,2023-03-20,2023-03-25,2028-03-18,Active,776267,292939.95,483327.05,2075,4001011.02,Yes,2026-08-08
CCA00344,CUST00510,CC010,Tata Neu Infinity,XXXX-XXXX-XXXX-2090,RuPay,Premium,2021-10-12,2021-10-18,2026-10-11,Active,795198,504849.69,290348.31,38691,2193484.09,No,2026-07-07
CCA00345,CUST00511,CC009,Swiggy HDFC Bank Credit Card,XXXX-XXXX-XXXX-1269,Mastercard,Premium,2025-06-26,2025-06-30,2030-06-25,Active,424982,245535.21,179446.79,10676,258610.52,No,2026-07-30
CCA00346,CUST00512,CC009,Swiggy HDFC Bank Credit Card,XXXX-XXXX-XXXX-6898,Mastercard,Premium,2025-09-02,2025-09-07,2030-09-01,Active,633640,508915.31,124724.69,35264,4309453.9,No,2026-08-14
CCA00347,CUST00513,CC010,Tata Neu Infinity,XXXX-XXXX-XXXX-9451,RuPay,Premium,2017-05-22,2017-05-23,2022-05-21,Active,791064,489364.75,301699.25,41279,4424007.26,No,2026-07-05
CCA00348,CUST00515,CC014,Women's Advantage Credit Card,XXXX-XXXX-XXXX-7855,Visa,Classic,2024-12-15,2024-12-20,2029-12-14,Active,55883,31879.94,24003.06,18858,174706.49,Yes,2026-07-24
CCA00349,CUST00519,CC010,Tata Neu Infinity,XXXX-XXXX-XXXX-9641,RuPay,Premium,2016-04-01,2016-04-05,2021-03-31,Active,485219,185263.12,299955.88,24219,3014970.6,No,2026-07-13
CCA00350,CUST00520,CC005,Infinia Metal,XXXX-XXXX-XXXX-9450,Mastercard,Super Premium,2026-04-25,2026-05-02,2031-04-24,Active,2644412,1990627.66,653784.34,11187,6578183.06,No,2026-08-02
CCA00351,CUST00521,CC012,IRCTC HDFC Bank Credit Card,XXXX-XXXX-XXXX-1791,RuPay,Classic,2023-02-15,2023-02-15,2028-02-14,Active,108920,30122.0,78798.0,24407,249894.43,No,2026-08-08
CCA00352,CUST00522,CC001,Freedom Credit Card,XXXX-XXXX-XXXX-9781,Visa,Classic,2022-04-25,2022-04-27,2027-04-24,Active,61231,52592.63,8638.37,12582,192621.1,No,2026-07-18
CCA00353,CUST00523,CC003,Millennia Credit Card,XXXX-XXXX-XXXX-1877,Visa,Premium,2023-05-09,2023-05-12,2028-05-07,Active,503505,290477.6,213027.4,25223,1359023.06,No,2026-07-30
CCA00354,CUST00525,CC010,Tata Neu Infinity,XXXX-XXXX-XXXX-8915,RuPay,Premium,2022-01-19,2022-01-23,2027-01-18,Active,441178,213375.31,227802.69,8715,1222666.24,Yes,2026-08-07
CCA00355,CUST00526,CC010,Tata Neu Infinity,XXXX-XXXX-XXXX-5285,RuPay,Premium,2025-03-15,2025-03-20,2030-03-14,Active,597816,320095.68,277720.32,7098,716710.65,No,2026-07-10
CCA00356,CUST00527,CC006,Diners Black,XXXX-XXXX-XXXX-3583,Diners Club,Super Premium,2024-12-23,2024-12-27,2029-12-22,Active,4990135,2342755.18,2647379.82,4651,23830531.88,Yes,2026-07-17
CCA00357,CUST00528,CC009,Swiggy HDFC Bank Credit Card,XXXX-XXXX-XXXX-2168,Mastercard,Premium,2023-09-10,2023-09-10,2028-09-08,Active,710308,379955.47,330352.53,24767,788003.79,No,2026-07-27
CCA00358,CUST00531,CC009,Swiggy HDFC Bank Credit Card,XXXX-XXXX-XXXX-7968,Mastercard,Premium,2024-07-28,2024-08-04,2029-07-27,Active,296526,254910.35,41615.65,18354,740409.68,No,2026-08-06
CCA00359,CUST00532,CC008,BizBlack Credit Card,XXXX-XXXX-XXXX-9224,Mastercard,Super Premium,2020-10-01,2020-10-04,2025-09-30,Active,2266642,1640127.97,626514.03,41655,13543399.83,No,2026-07-19
CCA00360,CUST00533,CC009,Swiggy HDFC Bank Credit Card,XXXX-XXXX-XXXX-2852,Mastercard,Premium,2017-04-25,2017-04-28,2022-04-24,Active,563640,248268.16,315371.84,15254,3247462.91,No,2026-07-23
CCA00361,CUST00533,CC011,IndianOil HDFC Bank Credit Card,XXXX-XXXX-XXXX-8486,Visa,Classic,2023-10-07,2026-06-13,2028-07-21,Active,35444,17718.52,17725.48,40724,188617.57,Yes,2026-08-12
CCA00362,CUST00534,CC007,Business Credit Card,XXXX-XXXX-XXXX-4238,Visa,Classic,2024-11-19,2024-11-21,2029-11-18,Active,34467,15320.53,19146.47,25793,198669.19,No,2026-08-03
CCA00363,CUST00535,CC006,Diners Black,XXXX-XXXX-XXXX-8507,Diners Club,Super Premium,2026-06-03,2026-06-05,2031-06-02,Active,1558408,854843.44,703564.56,12264,10156910.1,Yes,2026-07-26
CCA00364,CUST00536,CC009,Swiggy HDFC Bank Credit Card,XXXX-XXXX-XXXX-1523,Mastercard,Premium,2023-03-14,2023-03-15,2028-03-12,Active,376584,268720.62,107863.38,14475,2635630.59,No,2026-08-10
CCA00365,CUST00537,CC012,IRCTC HDFC Bank Credit Card,XXXX-XXXX-XXXX-4311,RuPay,Classic,2019-10-04,2019-10-05,2024-10-02,Active,70816,40491.18,30324.82,28210,73358.19,Yes,2026-07-07
CCA00366,CUST00538,CC003,Millennia Credit Card,XXXX-XXXX-XXXX-6205,Visa,Premium,2021-09-24,2021-09-28,2026-09-23,Active,385378,270740.83,114637.17,1866,618902.92,No,2026-08-09
CCA00367,CUST00541,CC009,Swiggy HDFC Bank Credit Card,XXXX-XXXX-XXXX-1126,Mastercard,Premium,2017-04-24,2017-05-01,2022-04-23,Active,114938,17790.19,97147.81,6925,346952.36,Yes,2026-07-13
CCA00368,CUST00541,CC004,Regalia Gold,XXXX-XXXX-XXXX-3377,Visa,Premium,2023-10-17,2026-01-14,2031-03-04,Active,795458,486421.56,309036.44,12463,2611284.47,No,2026-08-03
CCA00369,CUST00542,CC010,Tata Neu Infinity,XXXX-XXXX-XXXX-6614,RuPay,Premium,2025-12-11,2025-12-14,2030-12-10,Active,759222,287287.62,471934.38,32234,2467453.86,No,2026-08-12
CCA00370,CUST00544,CC010,Tata Neu Infinity,XXXX-XXXX-XXXX-7039,RuPay,Premium,2025-02-03,2025-02-10,2030-02-02,Active,652854,279138.09,373715.91,8869,2918715.36,No,2026-07-09
CCA00371,CUST00545,CC010,Tata Neu Infinity,XXXX-XXXX-XXXX-5370,RuPay,Premium,2026-06-05,2026-06-12,2031-06-04,Active,786439,562308.69,224130.31,33343,4435066.2,No,2026-07-07
CCA00372,CUST00546,CC009,Swiggy HDFC Bank Credit Card,XXXX-XXXX-XXXX-6422,Mastercard,Premium,2025-12-06,2025-12-06,2030-12-05,Active,203197,184886.52,18310.48,42039,403149.53,Yes,2026-07-28
CCA00373,CUST00547,CC007,Business Credit Card,XXXX-XXXX-XXXX-9390,Visa,Classic,2023-08-22,2023-08-25,2028-08-20,Active,148845,53186.55,95658.45,44823,925233.79,No,2026-07-07
CCA00374,CUST00549,CC012,IRCTC HDFC Bank Credit Card,XXXX-XXXX-XXXX-2508,RuPay,Classic,2024-02-17,2024-02-23,2029-02-15,Active,125033,65206.64,59826.36,25701,202059.53,Yes,2026-07-26
CCA00375,CUST00551,CC010,Tata Neu Infinity,XXXX-XXXX-XXXX-9046,RuPay,Premium,2025-07-09,2025-07-14,2030-07-08,Active,543289,386160.05,157128.95,18805,1428804.35,No,2026-07-24
CCA00376,CUST00552,CC011,IndianOil HDFC Bank Credit Card,XXXX-XXXX-XXXX-9229,Visa,Classic,2025-11-10,2025-11-10,2030-11-09,Active,143794,12134.65,131659.35,31541,970852.7,Yes,2026-08-08
CCA00377,CUST00553,CC004,Regalia Gold,XXXX-XXXX-XXXX-6748,Visa,Premium,2025-01-11,2025-01-11,2030-01-10,Active,353369,289546.84,63822.16,35466,1083065.34,Yes,2026-08-08
CCA00378,CUST00556,CC011,IndianOil HDFC Bank Credit Card,XXXX-XXXX-XXXX-8706,Visa,Classic,2025-01-06,2025-01-12,2030-01-05,Active,30698,13262.82,17435.18,45468,127688.8,No,2026-07-04
CCA00379,CUST00557,CC009,Swiggy HDFC Bank Credit Card,XXXX-XXXX-XXXX-7121,Mastercard,Premium,2026-03-01,2026-03-02,2031-02-28,Active,343223,165752.74,177470.26,29309,1068512.06,No,2026-08-04
CCA00380,CUST00559,CC010,Tata Neu Infinity,XXXX-XXXX-XXXX-4059,RuPay,Premium,2023-10-23,2023-10-30,2028-10-21,Active,840732,299021.06,541710.94,42039,5035093.29,Yes,2026-07-25
CCA00381,CUST00560,CC003,Millennia Credit Card,XXXX-XXXX-XXXX-3489,Visa,Premium,2024-10-18,2024-10-18,2029-10-17,Active,1362151,1013742.52,348408.48,46199,2369483.17,No,2026-08-12
CCA00382,CUST00561,CC011,IndianOil HDFC Bank Credit Card,XXXX-XXXX-XXXX-7433,Visa,Classic,2024-08-14,2024-08-20,2029-08-13,Active,124273,91671.54,32601.46,49834,491449.19,No,2026-07-27
CCA00383,CUST00562,CC009,Swiggy HDFC Bank Credit Card,XXXX-XXXX-XXXX-5832,Mastercard,Premium,2021-04-10,2021-04-14,2026-04-09,Active,828871,446154.44,382716.56,28028,2603673.35,No,2026-07-06
CCA00384,CUST00563,CC003,Millennia Credit Card,XXXX-XXXX-XXXX-2862,Visa,Premium,2023-04-23,2023-04-24,2028-04-21,Active,130984,69918.32,61065.68,29116,828935.31,Yes,2026-07-16
CCA00385,CUST00564,CC013,Pixel Go Credit Card,XXXX-XXXX-XXXX-5737,Visa,Classic,2021-02-14,2021-02-18,2026-02-13,Active,29567,20715.43,8851.57,9786,77974.63,Yes,2026-08-15
CCA00386,CUST00565,CC007,Business Credit Card,XXXX-XXXX-XXXX-5895,Visa,Classic,2025-10-25,2025-10-26,2030-10-24,Active,174750,117402.89,57347.11,22983,1088183.84,Yes,2026-07-18
CCA00387,CUST00567,CC009,Swiggy HDFC Bank Credit Card,XXXX-XXXX-XXXX-4400,Mastercard,Premium,2022-07-13,2022-07-15,2027-07-12,Active,497448,283808.12,213639.88,42532,1496299.95,Yes,2026-07-11
CCA00388,CUST00568,CC010,Tata Neu Infinity,XXXX-XXXX-XXXX-2128,RuPay,Premium,2025-03-26,2025-03-27,2030-03-25,Active,170013,67561.19,102451.81,45954,306149.82,No,2026-07-29
CCA00389,CUST00569,CC011,IndianOil HDFC Bank Credit Card,XXXX-XXXX-XXXX-7682,Visa,Classic,2025-03-15,2025-03-21,2030-03-14,Active,129200,103999.11,25200.89,22744,713325.6,Yes,2026-08-12
CCA00390,CUST00570,CC007,Business Credit Card,XXXX-XXXX-XXXX-4150,Visa,Classic,2026-02-22,2026-02-27,2031-02-21,Active,112425,47833.63,64591.37,45170,238095.95,No,2026-08-06
CCA00391,CUST00571,CC011,IndianOil HDFC Bank Credit Card,XXXX-XXXX-XXXX-7705,Visa,Classic,2021-03-10,2021-03-13,2026-03-09,Active,40879,31509.47,9369.53,41150,55795.07,No,2026-08-09
CCA00392,CUST00573,CC011,IndianOil HDFC Bank Credit Card,XXXX-XXXX-XXXX-7495,Visa,Classic,2025-10-23,2025-10-26,2030-10-22,Active,44642,28489.15,16152.85,29693,83472.77,Yes,2026-08-07
CCA00393,CUST00574,CC009,Swiggy HDFC Bank Credit Card,XXXX-XXXX-XXXX-6435,Mastercard,Premium,2024-07-29,2024-08-02,2029-07-28,Active,624625,438277.4,186347.6,13356,1351082.16,Yes,2026-08-11
CCA00394,CUST00576,CC012,IRCTC HDFC Bank Credit Card,XXXX-XXXX-XXXX-9796,RuPay,Classic,2024-04-21,2024-04-21,2029-04-20,Active,117184,99598.21,17585.79,39678,671150.71,Yes,2026-08-17
CCA00395,CUST00577,CC008,BizBlack Credit Card,XXXX-XXXX-XXXX-1121,Mastercard,Super Premium,2020-08-22,2020-08-25,2025-08-21,Active,2327070,1712028.88,615041.12,12213,6255909.07,No,2026-07-22
CCA00396,CUST00578,CC004,Regalia Gold,XXXX-XXXX-XXXX-8321,Visa,Premium,2025-04-15,2025-04-18,2030-04-14,Active,373793,234905.24,138887.76,46663,808059.69,No,2026-07-26
CCA00397,CUST00580,CC011,IndianOil HDFC Bank Credit Card,XXXX-XXXX-XXXX-1681,Visa,Classic,2025-07-31,2025-08-03,2030-07-30,Active,251495,95064.56,156430.44,35698,588637.17,No,2026-07-04
CCA00398,CUST00580,CC001,Freedom Credit Card,XXXX-XXXX-XXXX-4013,Visa,Classic,2025-08-01,2023-09-06,2030-07-26,Active,124767,86374.01,38392.99,74227,277434.37,Yes,2026-07-29
CCA00399,CUST00581,CC004,Regalia Gold,XXXX-XXXX-XXXX-6415,Visa,Premium,2024-06-03,2024-06-04,2029-06-02,Active,591480,249745.04,341734.96,45497,2937248.1,No,2026-08-08
CCA00400,CUST00582,CC013,Pixel Go Credit Card,XXXX-XXXX-XXXX-9482,Visa,Classic,2025-06-18,2025-06-22,2030-06-17,Active,149724,130992.47,18731.53,15572,972246.56,Yes,2026-08-10
CCA00401,CUST00583,CC001,Freedom Credit Card,XXXX-XXXX-XXXX-5320,Visa,Classic,2023-08-17,2023-08-18,2028-08-15,Active,104492,54073.43,50418.57,26827,110975.95,No,2026-08-04
CCA00402,CUST00584,CC009,Swiggy HDFC Bank Credit Card,XXXX-XXXX-XXXX-8106,Mastercard,Premium,2025-12-09,2025-12-15,2030-12-08,Active,481350,365230.68,116119.32,32796,1100146.69,No,2026-08-05
CCA00403,CUST00584,CC014,Women's Advantage Credit Card,XXXX-XXXX-XXXX-2646,Visa,Classic,2026-02-19,2025-06-30,2031-05-20,Active,30387,16829.79,13557.21,13238,172277.89,No,2026-07-05
CCA00404,CUST00585,CC007,Business Credit Card,XXXX-XXXX-XXXX-5186,Visa,Classic,2025-10-01,2025-10-08,2030-09-30,Active,36618,20154.95,16463.05,15243,254272.98,No,2026-07-13
CCA00405,CUST00585,CC010,Tata Neu Infinity,XXXX-XXXX-XXXX-4531,RuPay,Premium,2025-10-30,2026-01-19,2029-09-01,Active,222605,106673.1,115931.9,67000,322742.86,No,2026-08-12
CCA00406,CUST00586,CC010,Tata Neu Infinity,XXXX-XXXX-XXXX-2160,RuPay,Premium,2026-01-10,2026-01-11,2031-01-09,Active,365244,225490.46,139753.54,35032,1106697.12,No,2026-08-09
CCA00407,CUST00586,CC005,Infinia Metal,XXXX-XXXX-XXXX-1913,Mastercard,Super Premium,2024-08-20,2024-06-02,2030-06-18,Active,2334157,1170833.5,1163323.5,18636,12087487.96,Yes,2026-07-19
CCA00408,CUST00587,CC008,BizBlack Credit Card,XXXX-XXXX-XXXX-7874,Mastercard,Super Premium,2023-07-03,2023-07-10,2028-07-01,Active,2091775,1112958.37,978816.63,6234,5603053.82,No,2026-08-10
CCA00409,CUST00588,CC004,Regalia Gold,XXXX-XXXX-XXXX-5051,Visa,Premium,2024-08-13,2024-08-20,2029-08-12,Active,120135,71827.84,48307.16,27549,329232.28,No,2026-07-06
CCA00410,CUST00590,CC013,Pixel Go Credit Card,XXXX-XXXX-XXXX-9730,Visa,Classic,2024-09-01,2024-09-07,2029-08-31,Active,36062,22005.77,14056.23,28960,139122.4,No,2026-07-25
CCA00411,CUST00591,CC008,BizBlack Credit Card,XXXX-XXXX-XXXX-9192,Mastercard,Super Premium,2024-08-09,2024-08-13,2029-08-08,Active,5743650,2741767.3,3001882.7,16318,38868895.67,Yes,2026-08-13
CCA00412,CUST00592,CC003,Millennia Credit Card,XXXX-XXXX-XXXX-1551,Visa,Premium,2025-11-11,2025-11-13,2030-11-10,Active,219018,79240.65,139777.35,34516,146297.12,No,2026-07-11
CCA00413,CUST00594,CC006,Diners Black,XXXX-XXXX-XXXX-2767,Diners Club,Super Premium,2024-10-20,2024-10-21,2029-10-19,Active,4573583,2928901.74,1644681.26,36095,16167549.44,No,2026-08-02
CCA00414,CUST00595,CC002,MoneyBack+ Credit Card,XXXX-XXXX-XXXX-7667,Visa,Classic,2023-08-11,2023-08-16,2028-08-09,Active,52812,23814.64,28997.36,6071,208779.73,No,2026-07-28
CCA00415,CUST00596,CC009,Swiggy HDFC Bank Credit Card,XXXX-XXXX-XXXX-8967,Mastercard,Premium,2023-11-02,2023-11-09,2028-10-31,Active,401113,333774.0,67339.0,12822,2598129.85,Yes,2026-07-14
CCA00416,CUST00598,CC010,Tata Neu Infinity,XXXX-XXXX-XXXX-6432,RuPay,Premium,2024-10-01,2024-10-08,2029-09-30,Active,204187,80553.24,123633.76,11629,1410665.96,Yes,2026-07-29
CCA00417,CUST00599,CC003,Millennia Credit Card,XXXX-XXXX-XXXX-1435,Visa,Premium,2023-12-27,2024-01-03,2028-12-25,Active,98487,79063.79,19423.21,15854,232931.97,No,2026-07-16
CCA00418,CUST00600,CC011,IndianOil HDFC Bank Credit Card,XXXX-XXXX-XXXX-8491,Visa,Classic,2025-03-20,2025-03-27,2030-03-19,Active,137517,124890.14,12626.86,40617,697556.4,No,2026-07-07
CCA00419,CUST00604,CC010,Tata Neu Infinity,XXXX-XXXX-XXXX-7745,RuPay,Premium,2024-05-10,2024-05-11,2029-05-09,Active,716347,278336.03,438010.97,18222,1130291.38,No,2026-08-17
CCA00420,CUST00605,CC012,IRCTC HDFC Bank Credit Card,XXXX-XXXX-XXXX-5937,RuPay,Classic,2023-01-19,2023-01-20,2028-01-18,Active,77582,43818.7,33763.3,18689,67077.47,No,2026-07-11
CCA00421,CUST00607,CC001,Freedom Credit Card,XXXX-XXXX-XXXX-1285,Visa,Classic,2016-12-22,2016-12-29,2021-12-21,Active,127974,77568.7,50405.3,20526,482117.38,No,2026-07-25
CCA00422,CUST00608,CC001,Freedom Credit Card,XXXX-XXXX-XXXX-7033,Visa,Classic,2025-04-06,2025-04-12,2030-04-05,Active,30482,16508.95,13973.05,41051,210568.2,Yes,2026-07-30
CCA00423,CUST00610,CC012,IRCTC HDFC Bank Credit Card,XXXX-XXXX-XXXX-6083,RuPay,Classic,2023-11-29,2023-12-05,2028-11-27,Active,90758,66823.93,23934.07,36757,383648.86,Yes,2026-07-04
CCA00424,CUST00611,CC010,Tata Neu Infinity,XXXX-XXXX-XXXX-7952,RuPay,Premium,2025-09-21,2025-09-27,2030-09-20,Active,1513599,1369378.05,144220.95,23271,5242626.59,No,2026-07-30
CCA00425,CUST00615,CC012,IRCTC HDFC Bank Credit Card,XXXX-XXXX-XXXX-5206,RuPay,Classic,2025-09-07,2025-09-08,2030-09-06,Active,154739,116308.41,38430.59,18273,487440.87,No,2026-07-25
CCA00426,CUST00618,CC004,Regalia Gold,XXXX-XXXX-XXXX-6770,Visa,Premium,2023-07-05,2023-07-11,2028-07-03,Active,857860,688374.94,169485.06,10981,4398262.23,No,2026-07-19
CCA00427,CUST00620,CC008,BizBlack Credit Card,XXXX-XXXX-XXXX-5042,Mastercard,Super Premium,2024-12-20,2024-12-22,2029-12-19,Active,3461943,1693835.71,1768107.29,17569,8457147.78,Yes,2026-07-14
CCA00428,CUST00621,CC009,Swiggy HDFC Bank Credit Card,XXXX-XXXX-XXXX-3802,Mastercard,Premium,2019-02-23,2019-02-23,2024-02-22,Active,1445046,274070.26,1170975.74,38028,8492101.44,No,2026-07-08
CCA00429,CUST00621,CC010,Tata Neu Infinity,XXXX-XXXX-XXXX-6660,RuPay,Premium,2025-01-05,2023-09-28,2031-03-01,Active,201200,171469.67,29730.33,10747,334733.89,No,2026-07-17
CCA00430,CUST00622,CC013,Pixel Go Credit Card,XXXX-XXXX-XXXX-1818,Visa,Classic,2025-02-12,2025-02-17,2030-02-11,Active,111777,50473.09,61303.91,7672,743255.06,Yes,2026-08-06
CCA00431,CUST00623,CC011,IndianOil HDFC Bank Credit Card,XXXX-XXXX-XXXX-8234,Visa,Classic,2026-01-19,2026-01-25,2031-01-18,Active,75098,39183.89,35914.11,41203,276852.51,No,2026-07-06
CCA00432,CUST00625,CC013,Pixel Go Credit Card,XXXX-XXXX-XXXX-6501,Visa,Classic,2023-11-07,2023-11-08,2028-11-05,Active,53783,27248.16,26534.84,31186,98658.35,No,2026-07-24
CCA00433,CUST00626,CC003,Millennia Credit Card,XXXX-XXXX-XXXX-1668,Visa,Premium,2026-02-03,2026-02-06,2031-02-02,Active,413179,313004.06,100174.94,17676,1192726.04,No,2026-07-14
CCA00434,CUST00627,CC007,Business Credit Card,XXXX-XXXX-XXXX-7311,Visa,Classic,2026-02-03,2026-02-08,2031-02-02,Active,64338,56070.33,8267.67,16782,402016.89,No,2026-08-01
CCA00435,CUST00628,CC007,Business Credit Card,XXXX-XXXX-XXXX-6096,Visa,Classic,2020-09-05,2020-09-07,2025-09-04,Active,45452,30161.43,15290.57,17252,137661.0,No,2026-07-04
CCA00436,CUST00629,CC010,Tata Neu Infinity,XXXX-XXXX-XXXX-5874,RuPay,Premium,2023-01-17,2023-01-19,2028-01-16,Active,559677,401133.92,158543.08,924,3799010.44,Yes,2026-07-28
CCA00437,CUST00631,CC011,IndianOil HDFC Bank Credit Card,XXXX-XXXX-XXXX-7612,Visa,Classic,2024-01-27,2024-01-31,2029-01-25,Active,72692,57245.24,15446.76,45683,275943.94,No,2026-07-22
CCA00438,CUST00632,CC006,Diners Black,XXXX-XXXX-XXXX-2185,Diners Club,Super Premium,2024-05-13,2024-05-17,2029-05-12,Active,5271534,4804088.11,467445.89,17442,36687742.37,No,2026-07-08
CCA00439,CUST00634,CC009,Swiggy HDFC Bank Credit Card,XXXX-XXXX-XXXX-8526,Mastercard,Premium,2023-11-25,2023-11-28,2028-11-23,Active,270787,176244.24,94542.76,37597,1729776.75,No,2026-08-17
CCA00440,CUST00637,CC004,Regalia Gold,XXXX-XXXX-XXXX-4117,Visa,Premium,2025-12-04,2025-12-06,2030-12-03,Active,640522,547019.24,93502.76,33881,4212402.2,No,2026-08-12
CCA00441,CUST00638,CC003,Millennia Credit Card,XXXX-XXXX-XXXX-2364,Visa,Premium,2021-06-19,2021-06-23,2026-06-18,Active,369837,283515.51,86321.49,38847,1633384.79,No,2026-07-07
CCA00442,CUST00639,CC009,Swiggy HDFC Bank Credit Card,XXXX-XXXX-XXXX-8878,Mastercard,Premium,2026-06-18,2026-06-25,2031-06-17,Active,113297,33810.96,79486.04,14508,298007.96,No,2026-07-11
CCA00443,CUST00640,CC007,Business Credit Card,XXXX-XXXX-XXXX-5671,Visa,Classic,2025-08-14,2025-08-19,2030-08-13,Active,107220,79255.93,27964.07,900,299376.53,No,2026-08-04
CCA00444,CUST00641,CC002,MoneyBack+ Credit Card,XXXX-XXXX-XXXX-6726,Visa,Classic,2026-05-16,2026-05-16,2031-05-15,Active,22672,20275.64,2396.36,12006,107100.51,Yes,2026-08-17
CCA00445,CUST00642,CC008,BizBlack Credit Card,XXXX-XXXX-XXXX-4860,Mastercard,Super Premium,2026-01-20,2026-01-23,2031-01-19,Active,631386,469974.05,161411.95,751,3519682.26,No,2026-07-11
CCA00446,CUST00643,CC004,Regalia Gold,XXXX-XXXX-XXXX-2438,Visa,Premium,2023-02-11,2023-02-11,2028-02-10,Active,336136,168976.78,167159.22,8032,2029677.64,Yes,2026-07-06
CCA00447,CUST00644,CC007,Business Credit Card,XXXX-XXXX-XXXX-3680,Visa,Classic,2024-09-24,2024-09-29,2029-09-23,Active,132601,101644.19,30956.81,17990,220119.69,No,2026-07-19
CCA00448,CUST00644,CC003,Millennia Credit Card,XXXX-XXXX-XXXX-2770,Visa,Premium,2024-09-05,2024-11-08,2030-03-26,Active,454929,290125.84,164803.16,53174,1319317.3,No,2026-08-17
CCA00449,CUST00645,CC010,Tata Neu Infinity,XXXX-XXXX-XXXX-3731,RuPay,Premium,2024-10-07,2024-10-13,2029-10-06,Active,392119,342434.03,49684.97,41812,241670.55,No,2026-08-16
CCA00450,CUST00646,CC012,IRCTC HDFC Bank Credit Card,XXXX-XXXX-XXXX-5166,RuPay,Classic,2021-07-10,2021-07-14,2026-07-09,Active,30178,18892.09,11285.91,35516,199009.1,Yes,2026-07-06
CCA00451,CUST00647,CC010,Tata Neu Infinity,XXXX-XXXX-XXXX-4287,RuPay,Premium,2026-03-21,2026-03-21,2031-03-20,Active,467223,254707.54,212515.46,14311,1726631.13,No,2026-07-25
CCA00452,CUST00650,CC009,Swiggy HDFC Bank Credit Card,XXXX-XXXX-XXXX-8998,Mastercard,Premium,2020-10-11,2020-10-18,2025-10-10,Active,793711,508098.56,285612.44,34037,5020426.98,No,2026-07-16
CCA00453,CUST00651,CC007,Business Credit Card,XXXX-XXXX-XXXX-4740,Visa,Classic,2026-01-14,2026-01-16,2031-01-13,Active,145715,75770.63,69944.37,45495,240895.22,No,2026-07-18
CCA00454,CUST00652,CC007,Business Credit Card,XXXX-XXXX-XXXX-6620,Visa,Classic,2017-03-21,2017-03-25,2022-03-20,Active,92914,56579.64,36334.36,43837,146999.73,No,2026-08-06
CCA00455,CUST00653,CC005,Infinia Metal,XXXX-XXXX-XXXX-6775,Mastercard,Super Premium,2025-04-22,2025-04-25,2030-04-21,Active,9993746,6295167.89,3698578.11,46036,65074716.92,No,2026-07-27
CCA00456,CUST00654,CC010,Tata Neu Infinity,XXXX-XXXX-XXXX-4782,RuPay,Premium,2025-07-21,2025-07-23,2030-07-20,Active,242332,45232.34,197099.66,10544,868957.2,No,2026-07-07
CCA00457,CUST00655,CC002,MoneyBack+ Credit Card,XXXX-XXXX-XXXX-6178,Visa,Classic,2025-06-15,2025-06-16,2030-06-14,Active,36615,14013.76,22601.24,23942,121676.27,Yes,2026-08-06
CCA00458,CUST00657,CC003,Millennia Credit Card,XXXX-XXXX-XXXX-8763,Visa,Premium,2025-11-20,2025-11-22,2030-11-19,Active,534231,380778.72,153452.28,9122,3266430.49,No,2026-07-18
CCA00459,CUST00660,CC011,IndianOil HDFC Bank Credit Card,XXXX-XXXX-XXXX-4975,Visa,Classic,2022-12-31,2022-12-31,2027-12-30,Active,148971,83155.2,65815.8,22945,596294.27,No,2026-08-15
CCA00460,CUST00661,CC007,Business Credit Card,XXXX-XXXX-XXXX-9828,Visa,Classic,2025-12-03,2025-12-04,2030-12-02,Active,65991,27320.54,38670.46,27908,338114.16,No,2026-08-15
CCA00461,CUST00664,CC007,Business Credit Card,XXXX-XXXX-XXXX-1214,Visa,Classic,2022-02-26,2022-03-04,2027-02-25,Active,249222,172577.15,76644.85,16831,624267.33,No,2026-07-11
CCA00462,CUST00666,CC004,Regalia Gold,XXXX-XXXX-XXXX-4156,Visa,Premium,2025-10-09,2025-10-11,2030-10-08,Active,248809,142458.4,106350.6,29180,980211.09,Yes,2026-07-15
CCA00463,CUST00669,CC010,Tata Neu Infinity,XXXX-XXXX-XXXX-4411,RuPay,Premium,2026-02-10,2026-02-14,2031-02-09,Active,219126,93416.89,125709.11,34700,409966.0,Yes,2026-07-05
CCA00464,CUST00670,CC006,Diners Black,XXXX-XXXX-XXXX-4955,Diners Club,Super Premium,2016-05-30,2016-06-03,2021-05-29,Active,6499658,3151052.24,3348605.76,2688,31285823.13,No,2026-07-04
CCA00465,CUST00670,CC013,Pixel Go Credit Card,XXXX-XXXX-XXXX-7622,Visa,Classic,2023-08-23,2024-11-09,2030-12-13,Active,141023,72122.9,68900.1,51418,360237.15,No,2026-07-29
CCA00466,CUST00672,CC004,Regalia Gold,XXXX-XXXX-XXXX-9642,Visa,Premium,2025-01-22,2025-01-23,2030-01-21,Active,1594122,1019882.08,574239.92,17585,7732607.06,No,2026-07-07
CCA00467,CUST00673,CC010,Tata Neu Infinity,XXXX-XXXX-XXXX-7395,RuPay,Premium,2017-08-28,2017-08-28,2022-08-27,Active,226873,124907.18,101965.82,24529,1055756.48,No,2026-08-11
CCA00468,CUST00674,CC009,Swiggy HDFC Bank Credit Card,XXXX-XXXX-XXXX-4348,Mastercard,Premium,2026-04-30,2026-05-01,2031-04-29,Active,390398,267994.1,122403.9,29023,544562.52,No,2026-08-14
CCA00469,CUST00676,CC006,Diners Black,XXXX-XXXX-XXXX-6500,Diners Club,Super Premium,2025-01-21,2025-01-23,2030-01-20,Active,7506119,3664493.84,3841625.16,29407,32569666.55,No,2026-07-30
CCA00470,CUST00677,CC002,MoneyBack+ Credit Card,XXXX-XXXX-XXXX-1120,Visa,Classic,2026-03-22,2026-03-25,2031-03-21,Active,132252,51255.29,80996.71,15076,511265.76,No,2026-08-10
CCA00471,CUST00679,CC012,IRCTC HDFC Bank Credit Card,XXXX-XXXX-XXXX-8476,RuPay,Classic,2022-01-13,2022-01-13,2027-01-12,Active,297726,244678.96,53047.04,49556,838263.57,No,2026-07-06
CCA00472,CUST00680,CC004,Regalia Gold,XXXX-XXXX-XXXX-5904,Visa,Premium,2022-12-30,2023-01-06,2027-12-29,Active,789196,297524.43,491671.57,26287,581042.73,No,2026-07-20
CCA00473,CUST00681,CC011,IndianOil HDFC Bank Credit Card,XXXX-XXXX-XXXX-8379,Visa,Classic,2021-05-13,2021-05-16,2026-05-12,Active,132444,82277.09,50166.91,8595,69018.08,Yes,2026-08-12
CCA00474,CUST00684,CC010,Tata Neu Infinity,XXXX-XXXX-XXXX-4640,RuPay,Premium,2020-03-22,2020-03-27,2025-03-21,Active,334017,278792.19,55224.81,37256,2009258.17,Yes,2026-07-14
CCA00475,CUST00685,CC004,Regalia Gold,XXXX-XXXX-XXXX-1723,Visa,Premium,2024-04-26,2024-04-27,2029-04-25,Active,587430,249067.37,338362.63,28483,3371761.99,No,2026-07-13
CCA00476,CUST00686,CC007,Business Credit Card,XXXX-XXXX-XXXX-9921,Visa,Classic,2025-05-01,2025-05-01,2030-04-30,Active,137501,120796.87,16704.13,29891,323380.91,No,2026-08-10
CCA00477,CUST00687,CC010,Tata Neu Infinity,XXXX-XXXX-XXXX-1237,RuPay,Premium,2023-09-13,2023-09-17,2028-09-11,Active,699160,173698.01,525461.99,21043,4364210.0,No,2026-08-17
CCA00478,CUST00688,CC004,Regalia Gold,XXXX-XXXX-XXXX-8470,Visa,Premium,2025-01-16,2025-01-19,2030-01-15,Active,639386,516181.5,123204.5,46070,2001157.12,Yes,2026-08-14
CCA00479,CUST00690,CC007,Business Credit Card,XXXX-XXXX-XXXX-1905,Visa,Classic,2016-07-23,2016-07-24,2021-07-22,Active,49233,31069.54,18163.46,24522,165158.12,Yes,2026-08-12
CCA00480,CUST00692,CC007,Business Credit Card,XXXX-XXXX-XXXX-6475,Visa,Classic,2025-01-18,2025-01-19,2030-01-17,Active,26293,16606.33,9686.67,31111,141008.25,Yes,2026-08-01
CCA00481,CUST00692,CC001,Freedom Credit Card,XXXX-XXXX-XXXX-1358,Visa,Classic,2023-07-13,2024-01-10,2031-02-17,Active,89139,63316.86,25822.14,71176,447517.6,Yes,2026-08-09
CCA00482,CUST00693,CC002,MoneyBack+ Credit Card,XXXX-XXXX-XXXX-5987,Visa,Classic,2024-11-06,2024-11-07,2029-11-05,Active,104572,46183.39,58388.61,46869,563683.67,No,2026-07-12
CCA00483,CUST00696,CC009,Swiggy HDFC Bank Credit Card,XXXX-XXXX-XXXX-7154,Mastercard,Premium,2025-07-21,2025-07-22,2030-07-20,Active,187649,85228.02,102420.98,12119,1234648.57,Yes,2026-08-16
CCA00484,CUST00697,CC014,Women's Advantage Credit Card,XXXX-XXXX-XXXX-5561,Visa,Classic,2024-07-06,2024-07-10,2029-07-05,Active,148832,111733.8,37098.2,32191,527501.62,No,2026-08-06
CCA00485,CUST00698,CC005,Infinia Metal,XXXX-XXXX-XXXX-8844,Mastercard,Super Premium,2026-05-01,2026-05-06,2031-04-30,Active,5452430,2136567.27,3315862.73,23234,3472375.13,No,2026-08-03
CCA00486,CUST00700,CC003,Millennia Credit Card,XXXX-XXXX-XXXX-2081,Visa,Premium,2026-05-19,2026-05-22,2031-05-18,Active,1220190,519232.82,700957.18,9453,2959239.45,Yes,2026-08-08
CCA00487,CUST00701,CC011,IndianOil HDFC Bank Credit Card,XXXX-XXXX-XXXX-3460,Visa,Classic,2026-06-02,2026-06-07,2031-06-01,Active,112816,77329.86,35486.14,1166,414144.35,No,2026-08-03
CCA00488,CUST00703,CC004,Regalia Gold,XXXX-XXXX-XXXX-8197,Visa,Premium,2022-11-10,2022-11-13,2027-11-09,Active,502074,443217.15,58856.85,12214,2835709.98,Yes,2026-07-07
CCA00489,CUST00704,CC009,Swiggy HDFC Bank Credit Card,XXXX-XXXX-XXXX-9251,Mastercard,Premium,2024-05-11,2024-05-18,2029-05-10,Active,489076,388340.64,100735.36,36314,3098630.82,Yes,2026-07-24
CCA00490,CUST00705,CC010,Tata Neu Infinity,XXXX-XXXX-XXXX-4806,RuPay,Premium,2024-10-19,2024-10-25,2029-10-18,Active,647172,450173.32,196998.68,47995,3455344.53,No,2026-07-21
CCA00491,CUST00706,CC010,Tata Neu Infinity,XXXX-XXXX-XXXX-1060,RuPay,Premium,2024-05-04,2024-05-06,2029-05-03,Active,323648,290352.26,33295.74,36765,216796.83,Yes,2026-08-06
CCA00492,CUST00708,CC007,Business Credit Card,XXXX-XXXX-XXXX-5258,Visa,Classic,2024-05-26,2024-05-31,2029-05-25,Active,98774,22878.52,75895.48,42901,501396.26,Yes,2026-07-08
CCA00493,CUST00710,CC012,IRCTC HDFC Bank Credit Card,XXXX-XXXX-XXXX-5159,RuPay,Classic,2021-02-12,2021-02-18,2026-02-11,Active,40209,21937.53,18271.47,35417,270051.21,Yes,2026-07-24
CCA00494,CUST00711,CC001,Freedom Credit Card,XXXX-XXXX-XXXX-4173,Visa,Classic,2025-08-21,2025-08-23,2030-08-20,Active,23002,17847.52,5154.48,42791,147215.45,No,2026-07-22
CCA00495,CUST00712,CC009,Swiggy HDFC Bank Credit Card,XXXX-XXXX-XXXX-4111,Mastercard,Premium,2025-04-06,2025-04-07,2030-04-05,Active,164297,119933.36,44363.64,11634,380983.85,Yes,2026-07-11
CCA00496,CUST00714,CC004,Regalia Gold,XXXX-XXXX-XXXX-2914,Visa,Premium,2021-11-03,2021-11-10,2026-11-02,Active,337721,246219.69,91501.31,44167,1670646.93,Yes,2026-07-27
CCA00497,CUST00715,CC012,IRCTC HDFC Bank Credit Card,XXXX-XXXX-XXXX-3415,RuPay,Classic,2020-09-08,2020-09-09,2025-09-07,Active,42408,33916.11,8491.89,562,95637.47,No,2026-07-13
CCA00498,CUST00716,CC001,Freedom Credit Card,XXXX-XXXX-XXXX-2725,Visa,Classic,2016-10-28,2016-10-28,2021-10-27,Active,110889,16688.26,94200.74,12276,714786.65,No,2026-07-17
CCA00499,CUST00717,CC007,Business Credit Card,XXXX-XXXX-XXXX-2446,Visa,Classic,2024-09-29,2024-10-04,2029-09-28,Active,101897,88100.56,13796.44,19731,482372.65,No,2026-07-16
CCA00500,CUST00718,CC011,IndianOil HDFC Bank Credit Card,XXXX-XXXX-XXXX-9784,Visa,Classic,2024-12-31,2025-01-06,2029-12-30,Active,77606,67729.57,9876.43,28040,269443.66,No,2026-07-30
CCA00501,CUST00720,CC010,Tata Neu Infinity,XXXX-XXXX-XXXX-7662,RuPay,Premium,2025-03-27,2025-04-01,2030-03-26,Active,629093,138016.71,491076.29,43665,2456594.87,No,2026-07-21
CCA00502,CUST00721,CC010,Tata Neu Infinity,XXXX-XXXX-XXXX-4038,RuPay,Premium,2026-03-19,2026-03-23,2031-03-18,Active,566911,368905.53,198005.47,48844,932895.06,Yes,2026-07-18
CCA00503,CUST00722,CC012,IRCTC HDFC Bank Credit Card,XXXX-XXXX-XXXX-4182,RuPay,Classic,2026-02-05,2026-02-11,2031-02-04,Active,34459,13195.99,21263.01,20770,32810.5,Yes,2026-07-27
CCA00504,CUST00723,CC011,IndianOil HDFC Bank Credit Card,XXXX-XXXX-XXXX-4589,Visa,Classic,2023-05-30,2023-06-04,2028-05-28,Active,109212,66551.55,42660.45,39520,713525.99,Yes,2026-08-14
CCA00505,CUST00725,CC004,Regalia Gold,XXXX-XXXX-XXXX-6589,Visa,Premium,2021-01-26,2021-02-01,2026-01-25,Active,1002231,383559.94,618671.06,28458,5268756.22,No,2026-08-11
CCA00506,CUST00728,CC009,Swiggy HDFC Bank Credit Card,XXXX-XXXX-XXXX-5361,Mastercard,Premium,2026-01-28,2026-01-28,2031-01-27,Active,756993,293145.34,463847.66,38072,2505437.53,No,2026-07-12
CCA00507,CUST00732,CC008,BizBlack Credit Card,XXXX-XXXX-XXXX-3508,Mastercard,Super Premium,2018-11-10,2018-11-10,2023-11-09,Active,7478680,3476406.81,4002273.19,35597,22024698.93,Yes,2026-08-16
CCA00508,CUST00732,CC004,Regalia Gold,XXXX-XXXX-XXXX-6955,Visa,Premium,2026-04-30,2024-05-10,2029-04-27,Active,71931,42831.31,29099.69,34109,227788.45,Yes,2026-07-30
CCA00509,CUST00734,CC009,Swiggy HDFC Bank Credit Card,XXXX-XXXX-XXXX-6115,Mastercard,Premium,2025-12-19,2025-12-20,2030-12-18,Active,74808,38997.46,35810.54,3578,84053.0,No,2026-07-26
CCA00510,CUST00735,CC003,Millennia Credit Card,XXXX-XXXX-XXXX-1993,Visa,Premium,2026-03-30,2026-04-04,2031-03-29,Active,792761,511244.99,281516.01,5050,3033380.21,Yes,2026-07-08
CCA00511,CUST00738,CC001,Freedom Credit Card,XXXX-XXXX-XXXX-5278,Visa,Classic,2026-03-02,2026-03-06,2031-03-01,Active,74188,63071.11,11116.89,35203,361448.39,No,2026-07-04
CCA00512,CUST00740,CC013,Pixel Go Credit Card,XXXX-XXXX-XXXX-4301,Visa,Classic,2024-06-18,2024-06-19,2029-06-17,Active,140917,109125.26,31791.74,27461,583210.58,Yes,2026-07-04
CCA00513,CUST00741,CC007,Business Credit Card,XXXX-XXXX-XXXX-4571,Visa,Classic,2020-07-02,2020-07-02,2025-07-01,Active,122245,53704.55,68540.45,25082,629089.57,No,2026-07-30
CCA00514,CUST00744,CC014,Women's Advantage Credit Card,XXXX-XXXX-XXXX-1781,Visa,Classic,2025-01-31,2025-02-01,2030-01-30,Active,68200,41871.89,26328.11,35721,398256.33,Yes,2026-08-11
CCA00515,CUST00745,CC009,Swiggy HDFC Bank Credit Card,XXXX-XXXX-XXXX-1289,Mastercard,Premium,2025-09-24,2025-09-29,2030-09-23,Active,127800,116098.96,11701.04,42012,496644.58,Yes,2026-07-08
CCA00516,CUST00748,CC009,Swiggy HDFC Bank Credit Card,XXXX-XXXX-XXXX-5870,Mastercard,Premium,2025-12-13,2025-12-13,2030-12-12,Active,151267,92254.88,59012.12,3781,381248.46,No,2026-07-10
CCA00517,CUST00749,CC009,Swiggy HDFC Bank Credit Card,XXXX-XXXX-XXXX-8589,Mastercard,Premium,2021-04-14,2021-04-21,2026-04-13,Active,138740,74401.72,64338.28,47674,531160.74,Yes,2026-08-10
CCA00518,CUST00750,CC006,Diners Black,XXXX-XXXX-XXXX-7625,Diners Club,Super Premium,2022-06-11,2022-06-11,2027-06-10,Active,4347400,3993964.04,353435.96,27930,26224372.91,No,2026-07-29
CCA00519,CUST00751,CC009,Swiggy HDFC Bank Credit Card,XXXX-XXXX-XXXX-5008,Mastercard,Premium,2025-09-28,2025-10-04,2030-09-27,Active,71567,56039.48,15527.52,35647,140412.73,Yes,2026-08-11
CCA00520,CUST00752,CC007,Business Credit Card,XXXX-XXXX-XXXX-7820,Visa,Classic,2016-05-21,2016-05-27,2021-05-20,Active,120629,73025.24,47603.76,28171,459681.61,No,2026-08-05
CCA00521,CUST00754,CC007,Business Credit Card,XXXX-XXXX-XXXX-2471,Visa,Classic,2021-12-13,2021-12-14,2026-12-12,Active,144623,93692.34,50930.66,1040,543532.32,Yes,2026-08-06
CCA00522,CUST00757,CC001,Freedom Credit Card,XXXX-XXXX-XXXX-6902,Visa,Classic,2026-01-06,2026-01-08,2031-01-05,Active,86812,38244.08,48567.92,32520,76979.39,No,2026-07-08
CCA00523,CUST00758,CC005,Infinia Metal,XXXX-XXXX-XXXX-2171,Mastercard,Super Premium,2022-05-02,2022-05-05,2027-05-01,Active,4295619,3589238.62,706380.38,43030,18500413.57,No,2026-08-06
CCA00524,CUST00759,CC012,IRCTC HDFC Bank Credit Card,XXXX-XXXX-XXXX-2254,RuPay,Classic,2024-09-25,2024-09-28,2029-09-24,Active,106047,50225.2,55821.8,28453,89545.64,Yes,2026-08-12
CCA00525,CUST00760,CC013,Pixel Go Credit Card,XXXX-XXXX-XXXX-5274,Visa,Classic,2022-04-07,2022-04-08,2027-04-06,Active,135393,84483.42,50909.58,27673,813620.97,Yes,2026-07-28
CCA00526,CUST00763,CC006,Diners Black,XXXX-XXXX-XXXX-1271,Diners Club,Super Premium,2020-03-20,2020-03-23,2025-03-19,Active,650021,463221.14,186799.86,29937,1692473.38,Yes,2026-08-01
CCA00527,CUST00765,CC009,Swiggy HDFC Bank Credit Card,XXXX-XXXX-XXXX-6656,Mastercard,Premium,2020-11-11,2020-11-11,2025-11-10,Active,93940,36496.86,57443.14,36000,127582.38,No,2026-07-26
CCA00528,CUST00767,CC010,Tata Neu Infinity,XXXX-XXXX-XXXX-3563,RuPay,Premium,2020-04-28,2020-04-28,2025-04-27,Active,638255,488513.73,149741.27,24882,1127779.45,No,2026-08-13
CCA00529,CUST00769,CC008,BizBlack Credit Card,XXXX-XXXX-XXXX-6959,Mastercard,Super Premium,2021-05-21,2021-05-27,2026-05-20,Active,3135319,2413395.93,721923.07,20168,9887450.85,No,2026-07-10
CCA00530,CUST00771,CC007,Business Credit Card,XXXX-XXXX-XXXX-5462,Visa,Classic,2024-03-28,2024-04-02,2029-03-27,Active,30444,16592.33,13851.67,7357,56675.99,No,2026-07-31
CCA00531,CUST00771,CC014,Women's Advantage Credit Card,XXXX-XXXX-XXXX-3445,Visa,Classic,2026-03-22,2024-08-17,2031-04-13,Active,93207,80378.99,12828.01,42115,47925.94,Yes,2026-08-11
CCA00532,CUST00772,CC013,Pixel Go Credit Card,XXXX-XXXX-XXXX-5821,Visa,Classic,2026-05-31,2026-06-06,2031-05-30,Active,46629,19650.33,26978.67,36243,174449.09,Yes,2026-08-10
CCA00533,CUST00773,CC003,Millennia Credit Card,XXXX-XXXX-XXXX-5006,Visa,Premium,2023-12-23,2023-12-29,2028-12-21,Active,768524,624313.14,144210.86,40756,1759587.99,No,2026-07-26
CCA00534,CUST00773,CC001,Freedom Credit Card,XXXX-XXXX-XXXX-6731,Visa,Classic,2024-04-19,2024-06-07,2030-12-31,Active,15842,11498.45,4343.55,18606,37206.17,Yes,2026-07-16
CCA00535,CUST00774,CC008,BizBlack Credit Card,XXXX-XXXX-XXXX-9375,Mastercard,Super Premium,2025-04-27,2025-04-28,2030-04-26,Active,8985598,4032879.64,4952718.36,23017,56141913.65,No,2026-07-09
CCA00536,CUST00775,CC009,Swiggy HDFC Bank Credit Card,XXXX-XXXX-XXXX-4147,Mastercard,Premium,2019-10-29,2019-10-30,2024-10-27,Active,490012,250653.05,239358.95,42535,2269860.64,No,2026-07-22
CCA00537,CUST00776,CC007,Business Credit Card,XXXX-XXXX-XXXX-5190,Visa,Classic,2024-05-11,2024-05-18,2029-05-10,Active,96395,86300.42,10094.58,45673,49406.85,Yes,2026-08-05
CCA00538,CUST00776,CC014,Women's Advantage Credit Card,XXXX-XXXX-XXXX-3345,Visa,Classic,2024-06-27,2023-08-16,2031-01-22,Active,113830,101862.72,11967.28,17503,484330.51,No,2026-07-04
CCA00539,CUST00777,CC003,Millennia Credit Card,XXXX-XXXX-XXXX-8283,Visa,Premium,2025-10-02,2025-10-07,2030-10-01,Active,436011,273292.63,162718.37,5437,1982063.91,No,2026-07-05
CCA00540,CUST00778,CC012,IRCTC HDFC Bank Credit Card,XXXX-XXXX-XXXX-3394,RuPay,Classic,2021-07-26,2021-07-29,2026-07-25,Active,22497,9876.5,12620.5,3352,11764.16,Yes,2026-08-12
CCA00541,CUST00780,CC009,Swiggy HDFC Bank Credit Card,XXXX-XXXX-XXXX-8289,Mastercard,Premium,2022-07-12,2022-07-16,2027-07-11,Active,143055,92732.62,50322.38,22196,85563.33,No,2026-08-16
CCA00542,CUST00781,CC007,Business Credit Card,XXXX-XXXX-XXXX-6296,Visa,Classic,2026-02-26,2026-02-27,2031-02-25,Active,213893,173547.28,40345.72,23092,1224503.19,Yes,2026-08-04
CCA00543,CUST00783,CC014,Women's Advantage Credit Card,XXXX-XXXX-XXXX-1440,Visa,Classic,2024-12-20,2024-12-26,2029-12-19,Active,122473,57675.05,64797.95,40028,274884.3,No,2026-07-16
CCA00544,CUST00784,CC009,Swiggy HDFC Bank Credit Card,XXXX-XXXX-XXXX-6404,Mastercard,Premium,2023-07-11,2023-07-11,2028-07-09,Active,170081,71312.03,98768.97,42834,1189316.69,No,2026-07-13
CCA00545,CUST00785,CC005,Infinia Metal,XXXX-XXXX-XXXX-2417,Mastercard,Super Premium,2019-11-15,2019-11-15,2024-11-13,Active,1478775,886051.19,592723.81,37241,3358988.66,No,2026-07-05
CCA00546,CUST00786,CC004,Regalia Gold,XXXX-XXXX-XXXX-4592,Visa,Premium,2026-05-25,2026-05-28,2031-05-24,Active,1053357,378428.51,674928.49,21639,6958288.3,No,2026-07-04
CCA00547,CUST00787,CC006,Diners Black,XXXX-XXXX-XXXX-8960,Diners Club,Super Premium,2026-01-14,2026-01-14,2031-01-13,Active,4950331,2896365.81,2053965.19,11535,20102881.98,No,2026-07-17
CCA00548,CUST00789,CC012,IRCTC HDFC Bank Credit Card,XXXX-XXXX-XXXX-1640,RuPay,Classic,2026-05-08,2026-05-14,2031-05-07,Active,84667,39389.59,45277.41,44108,259526.57,No,2026-07-05
CCA00549,CUST00792,CC007,Business Credit Card,XXXX-XXXX-XXXX-1454,Visa,Classic,2017-02-02,2017-02-03,2022-02-01,Active,15867,12058.48,3808.52,2288,52772.44,No,2026-07-04
CCA00550,CUST00793,CC011,IndianOil HDFC Bank Credit Card,XXXX-XXXX-XXXX-7329,Visa,Classic,2022-10-20,2022-10-20,2027-10-19,Active,70661,43004.29,27656.71,15394,333819.14,No,2026-07-16
CCA00551,CUST00796,CC007,Business Credit Card,XXXX-XXXX-XXXX-4084,Visa,Classic,2023-05-21,2023-05-22,2028-05-19,Active,72394,58076.78,14317.22,41305,339630.87,No,2026-07-21
CCA00552,CUST00797,CC008,BizBlack Credit Card,XXXX-XXXX-XXXX-7251,Mastercard,Super Premium,2026-03-31,2026-04-04,2031-03-30,Active,3059305,1196181.68,1863123.32,33703,6965239.07,No,2026-07-11
CCA00553,CUST00797,CC010,Tata Neu Infinity,XXXX-XXXX-XXXX-1662,RuPay,Premium,2023-10-01,2024-05-27,2029-06-06,Active,80703,41129.87,39573.13,18992,393698.73,No,2026-07-08
CCA00554,CUST00798,CC009,Swiggy HDFC Bank Credit Card,XXXX-XXXX-XXXX-9595,Mastercard,Premium,2025-10-10,2025-10-15,2030-10-09,Active,594657,320857.15,273799.85,30840,772337.94,No,2026-07-24
CCA00555,CUST00804,CC009,Swiggy HDFC Bank Credit Card,XXXX-XXXX-XXXX-9741,Mastercard,Premium,2025-04-04,2025-04-06,2030-04-03,Active,659823,74535.4,585287.6,1073,2473794.68,No,2026-07-12
CCA00556,CUST00805,CC001,Freedom Credit Card,XXXX-XXXX-XXXX-4677,Visa,Classic,2018-05-20,2018-05-24,2023-05-19,Active,22457,19026.99,3430.01,14475,107835.47,No,2026-08-11
CCA00557,CUST00806,CC005,Infinia Metal,XXXX-XXXX-XXXX-3764,Mastercard,Super Premium,2019-07-01,2019-07-02,2024-06-29,Active,2918851,2237671.0,681180.0,15519,16290565.61,No,2026-08-05
CCA00558,CUST00808,CC005,Infinia Metal,XXXX-XXXX-XXXX-5868,Mastercard,Super Premium,2024-08-19,2024-08-21,2029-08-18,Active,401094,293875.08,107218.92,43386,1608928.65,No,2026-07-07
CCA00559,CUST00809,CC010,Tata Neu Infinity,XXXX-XXXX-XXXX-7030,RuPay,Premium,2021-11-23,2021-11-25,2026-11-22,Active,1425142,1167808.05,257333.95,42475,7100601.03,No,2026-08-04
CCA00560,CUST00813,CC004,Regalia Gold,XXXX-XXXX-XXXX-8521,Visa,Premium,2025-04-05,2025-04-09,2030-04-04,Active,704352,392812.23,311539.77,10176,2358863.84,No,2026-07-10
CCA00561,CUST00814,CC004,Regalia Gold,XXXX-XXXX-XXXX-2291,Visa,Premium,2025-01-24,2025-01-29,2030-01-23,Active,524693,387089.56,137603.44,25980,3065751.26,Yes,2026-07-06
CCA00562,CUST00815,CC003,Millennia Credit Card,XXXX-XXXX-XXXX-8529,Visa,Premium,2025-03-29,2025-04-04,2030-03-28,Active,519358,90638.99,428719.01,39267,1020840.33,No,2026-08-06
CCA00563,CUST00818,CC003,Millennia Credit Card,XXXX-XXXX-XXXX-6573,Visa,Premium,2017-05-16,2017-05-23,2022-05-15,Active,365886,169795.91,196090.09,33608,2101441.46,No,2026-08-02
CCA00564,CUST00818,CC001,Freedom Credit Card,XXXX-XXXX-XXXX-4622,Visa,Classic,2025-02-15,2025-11-04,2029-12-18,Active,143740,65049.82,78690.18,51609,676033.79,No,2026-08-17
CCA00565,CUST00820,CC004,Regalia Gold,XXXX-XXXX-XXXX-3166,Visa,Premium,2022-04-27,2022-05-03,2027-04-26,Active,1467350,1297952.36,169397.64,4911,8043264.99,No,2026-07-05
CCA00566,CUST00821,CC001,Freedom Credit Card,XXXX-XXXX-XXXX-3834,Visa,Classic,2025-09-23,2025-09-23,2030-09-22,Active,77730,55134.45,22595.55,21148,285124.05,No,2026-08-13
CCA00567,CUST00823,CC007,Business Credit Card,XXXX-XXXX-XXXX-2633,Visa,Classic,2024-01-11,2024-01-12,2029-01-09,Active,173944,146481.32,27462.68,43202,574052.53,No,2026-08-03
CCA00568,CUST00826,CC009,Swiggy HDFC Bank Credit Card,XXXX-XXXX-XXXX-7072,Mastercard,Premium,2019-11-23,2019-11-25,2024-11-21,Active,625069,451065.39,174003.61,17175,2670420.0,Yes,2026-08-17
CCA00569,CUST00827,CC007,Business Credit Card,XXXX-XXXX-XXXX-4586,Visa,Classic,2019-01-28,2019-01-30,2024-01-27,Active,135646,55090.61,80555.39,6321,165877.4,No,2026-08-07
CCA00570,CUST00828,CC011,IndianOil HDFC Bank Credit Card,XXXX-XXXX-XXXX-7398,Visa,Classic,2022-06-07,2022-06-14,2027-06-06,Active,81314,70052.57,11261.43,4236,306793.89,Yes,2026-07-31
CCA00571,CUST00829,CC013,Pixel Go Credit Card,XXXX-XXXX-XXXX-1023,Visa,Classic,2018-01-10,2018-01-14,2023-01-09,Active,97587,46673.04,50913.96,40041,531720.94,No,2026-07-09
CCA00572,CUST00832,CC007,Business Credit Card,XXXX-XXXX-XXXX-4372,Visa,Classic,2023-08-15,2023-08-22,2028-08-13,Active,209656,100240.88,109415.12,6095,1434036.03,No,2026-08-13
CCA00573,CUST00833,CC007,Business Credit Card,XXXX-XXXX-XXXX-9452,Visa,Classic,2025-09-10,2025-09-15,2030-09-09,Active,91387,81754.93,9632.07,38778,68533.57,Yes,2026-07-20
CCA00574,CUST00834,CC011,IndianOil HDFC Bank Credit Card,XXXX-XXXX-XXXX-3110,Visa,Classic,2021-08-07,2021-08-13,2026-08-06,Active,121665,49245.26,72419.74,25408,525830.87,No,2026-07-24
CCA00575,CUST00836,CC008,BizBlack Credit Card,XXXX-XXXX-XXXX-7270,Mastercard,Super Premium,2025-05-01,2025-05-01,2030-04-30,Active,8717176,4288947.57,4428228.43,35,19994629.05,No,2026-07-28
CCA00576,CUST00837,CC009,Swiggy HDFC Bank Credit Card,XXXX-XXXX-XXXX-3134,Mastercard,Premium,2026-05-20,2026-05-26,2031-05-19,Active,332608,200885.04,131722.96,14590,2123166.42,No,2026-08-09
CCA00577,CUST00838,CC011,IndianOil HDFC Bank Credit Card,XXXX-XXXX-XXXX-2227,Visa,Classic,2020-01-23,2020-01-24,2025-01-21,Active,139109,82193.62,56915.38,23759,736442.8,Yes,2026-08-13
CCA00578,CUST00839,CC002,MoneyBack+ Credit Card,XXXX-XXXX-XXXX-5131,Visa,Classic,2024-02-04,2024-02-05,2029-02-02,Active,121653,54601.28,67051.72,48711,693305.71,No,2026-08-15
CCA00579,CUST00841,CC010,Tata Neu Infinity,XXXX-XXXX-XXXX-9838,RuPay,Premium,2016-08-06,2016-08-07,2021-08-05,Active,393220,112042.23,281177.77,12133,2542536.36,Yes,2026-08-16
CCA00580,CUST00842,CC008,BizBlack Credit Card,XXXX-XXXX-XXXX-8946,Mastercard,Super Premium,2024-04-16,2024-04-19,2029-04-15,Active,8243793,3815321.86,4428471.14,36550,4565475.1,No,2026-08-11
CCA00581,CUST00843,CC003,Millennia Credit Card,XXXX-XXXX-XXXX-4136,Visa,Premium,2025-03-30,2025-04-05,2030-03-29,Active,557538,337938.78,219599.22,17703,3335802.4,No,2026-07-08
CCA00582,CUST00844,CC001,Freedom Credit Card,XXXX-XXXX-XXXX-5599,Visa,Classic,2026-01-19,2026-01-25,2031-01-18,Active,82769,62034.19,20734.81,48843,365352.25,No,2026-08-06
CCA00583,CUST00846,CC007,Business Credit Card,XXXX-XXXX-XXXX-6953,Visa,Classic,2021-07-12,2021-07-17,2026-07-11,Active,124124,15281.87,108842.13,48112,188268.94,No,2026-07-10
CCA00584,CUST00847,CC004,Regalia Gold,XXXX-XXXX-XXXX-1174,Visa,Premium,2023-04-17,2023-04-24,2028-04-15,Active,1092838,943686.55,149151.45,16819,4486990.91,Yes,2026-07-16
CCA00585,CUST00847,CC013,Pixel Go Credit Card,XXXX-XXXX-XXXX-2341,Visa,Classic,2025-08-30,2026-04-20,2028-10-21,Active,52941,28415.43,24525.57,14094,291538.58,No,2026-07-23
CCA00586,CUST00848,CC007,Business Credit Card,XXXX-XXXX-XXXX-7188,Visa,Classic,2025-07-20,2025-07-20,2030-07-19,Active,148713,61686.19,87026.81,27587,139794.5,No,2026-08-13
CCA00587,CUST00850,CC001,Freedom Credit Card,XXXX-XXXX-XXXX-8008,Visa,Classic,2025-12-22,2025-12-24,2030-12-21,Active,73151,63051.76,10099.24,17109,209450.05,Yes,2026-08-10
CCA00588,CUST00851,CC004,Regalia Gold,XXXX-XXXX-XXXX-8087,Visa,Premium,2026-03-24,2026-03-28,2031-03-23,Active,363940,208662.43,155277.57,4900,942520.22,No,2026-07-06
CCA00589,CUST00852,CC012,IRCTC HDFC Bank Credit Card,XXXX-XXXX-XXXX-9903,RuPay,Classic,2025-05-02,2025-05-03,2030-05-01,Active,26135,20162.92,5972.08,31336,97991.09,No,2026-07-24
CCA00590,CUST00854,CC013,Pixel Go Credit Card,XXXX-XXXX-XXXX-8402,Visa,Classic,2021-12-09,2021-12-09,2026-12-08,Active,16052,7072.68,8979.32,46017,9902.78,Yes,2026-07-21
CCA00591,CUST00855,CC009,Swiggy HDFC Bank Credit Card,XXXX-XXXX-XXXX-4901,Mastercard,Premium,2025-12-29,2026-01-03,2030-12-28,Active,433884,309603.79,124280.21,29484,1762992.05,Yes,2026-08-08
CCA00592,CUST00857,CC009,Swiggy HDFC Bank Credit Card,XXXX-XXXX-XXXX-2371,Mastercard,Premium,2026-04-08,2026-04-09,2031-04-07,Active,528544,420292.49,108251.51,47076,2819518.08,No,2026-08-08
CCA00593,CUST00858,CC004,Regalia Gold,XXXX-XXXX-XXXX-4322,Visa,Premium,2017-09-11,2017-09-18,2022-09-10,Active,264117,96224.79,167892.21,44133,738061.53,No,2026-07-20
CCA00594,CUST00859,CC009,Swiggy HDFC Bank Credit Card,XXXX-XXXX-XXXX-2362,Mastercard,Premium,2025-03-22,2025-03-23,2030-03-21,Active,107706,55685.26,52020.74,15270,362671.94,No,2026-08-09
CCA00595,CUST00860,CC013,Pixel Go Credit Card,XXXX-XXXX-XXXX-3105,Visa,Classic,2018-09-30,2018-10-06,2023-09-29,Active,79178,66237.03,12940.97,39754,188778.39,No,2026-07-23
CCA00596,CUST00862,CC004,Regalia Gold,XXXX-XXXX-XXXX-1642,Visa,Premium,2020-09-03,2020-09-04,2025-09-02,Active,797024,90728.5,706295.5,23717,4320539.52,Yes,2026-07-22
CCA00597,CUST00865,CC004,Regalia Gold,XXXX-XXXX-XXXX-3362,Visa,Premium,2025-04-10,2025-04-16,2030-04-09,Active,288754,129983.69,158770.31,19798,287279.69,Yes,2026-07-08
CCA00598,CUST00867,CC011,IndianOil HDFC Bank Credit Card,XXXX-XXXX-XXXX-8664,Visa,Classic,2020-07-14,2020-07-20,2025-07-13,Active,63044,46068.19,16975.81,15939,152179.53,No,2026-07-06
CCA00599,CUST00868,CC012,IRCTC HDFC Bank Credit Card,XXXX-XXXX-XXXX-3132,RuPay,Classic,2021-07-08,2021-07-09,2026-07-07,Active,136538,40121.97,96416.03,23617,850655.82,Yes,2026-07-16
CCA00600,CUST00871,CC006,Diners Black,XXXX-XXXX-XXXX-6510,Diners Club,Super Premium,2022-05-10,2022-05-15,2027-05-09,Active,3693925,2017212.56,1676712.44,29193,23173878.29,No,2026-08-11
CCA00601,CUST00874,CC002,MoneyBack+ Credit Card,XXXX-XXXX-XXXX-5502,Visa,Classic,2025-02-10,2025-02-12,2030-02-09,Active,146570,31653.41,114916.59,9970,847850.79,No,2026-07-06
CCA00602,CUST00875,CC009,Swiggy HDFC Bank Credit Card,XXXX-XXXX-XXXX-3623,Mastercard,Premium,2025-12-15,2025-12-20,2030-12-14,Active,663558,124304.56,539253.44,8389,799645.45,No,2026-08-02
CCA00603,CUST00877,CC006,Diners Black,XXXX-XXXX-XXXX-8607,Diners Club,Super Premium,2024-05-25,2024-05-28,2029-05-24,Active,936565,447272.6,489292.4,11257,6041728.35,Yes,2026-07-12
CCA00604,CUST00878,CC013,Pixel Go Credit Card,XXXX-XXXX-XXXX-3042,Visa,Classic,2024-04-25,2024-04-26,2029-04-24,Active,137726,95226.5,42499.5,35093,402020.2,Yes,2026-08-14
CCA00605,CUST00879,CC001,Freedom Credit Card,XXXX-XXXX-XXXX-8448,Visa,Classic,2021-10-22,2021-10-29,2026-10-21,Active,64823,27020.75,37802.25,45074,68443.02,No,2026-08-12
CCA00606,CUST00881,CC013,Pixel Go Credit Card,XXXX-XXXX-XXXX-2600,Visa,Classic,2024-09-07,2024-09-13,2029-09-06,Active,31454,25783.51,5670.49,22616,57178.07,No,2026-07-17
CCA00607,CUST00882,CC004,Regalia Gold,XXXX-XXXX-XXXX-1919,Visa,Premium,2022-12-10,2022-12-10,2027-12-09,Active,649349,486924.73,162424.27,37255,1602074.64,Yes,2026-07-18
CCA00608,CUST00884,CC007,Business Credit Card,XXXX-XXXX-XXXX-3380,Visa,Classic,2026-02-15,2026-02-15,2031-02-14,Active,72485,30393.29,42091.71,46430,173731.91,No,2026-07-15
CCA00609,CUST00885,CC004,Regalia Gold,XXXX-XXXX-XXXX-4069,Visa,Premium,2022-12-03,2022-12-03,2027-12-02,Active,992667,866392.87,126274.13,19908,861967.6,No,2026-07-23
CCA00610,CUST00887,CC004,Regalia Gold,XXXX-XXXX-XXXX-8474,Visa,Premium,2026-06-16,2026-06-23,2031-06-15,Active,1085467,990814.15,94652.85,6634,6946629.26,No,2026-07-15
CCA00611,CUST00889,CC012,IRCTC HDFC Bank Credit Card,XXXX-XXXX-XXXX-3514,RuPay,Classic,2025-03-16,2025-03-23,2030-03-15,Active,120337,83728.79,36608.21,9406,541478.23,No,2026-08-05
CCA00612,CUST00890,CC012,IRCTC HDFC Bank Credit Card,XXXX-XXXX-XXXX-4352,RuPay,Classic,2023-02-01,2023-02-08,2028-01-31,Active,62795,6391.73,56403.27,22010,274266.13,No,2026-07-26
CCA00613,CUST00892,CC009,Swiggy HDFC Bank Credit Card,XXXX-XXXX-XXXX-7377,Mastercard,Premium,2026-03-23,2026-03-28,2031-03-22,Active,733377,456127.31,277249.69,47754,3464178.96,No,2026-08-11
CCA00614,CUST00894,CC014,Women's Advantage Credit Card,XXXX-XXXX-XXXX-7757,Visa,Classic,2025-11-14,2025-11-14,2030-11-13,Active,26874,18202.71,8671.29,49312,120588.31,No,2026-07-16
CCA00615,CUST00895,CC010,Tata Neu Infinity,XXXX-XXXX-XXXX-3559,RuPay,Premium,2024-04-28,2024-05-04,2029-04-27,Active,153091,79076.68,74014.32,1813,410322.93,No,2026-07-16
CCA00616,CUST00896,CC006,Diners Black,XXXX-XXXX-XXXX-2443,Diners Club,Super Premium,2025-11-09,2025-11-10,2030-11-08,Active,2849824,270855.4,2578968.6,27924,2228648.38,No,2026-07-22
CCA00617,CUST00896,CC004,Regalia Gold,XXXX-XXXX-XXXX-8104,Visa,Premium,2025-12-14,2025-05-27,2030-02-20,Active,642853,377999.82,264853.18,12197,1467893.05,Yes,2026-08-17
CCA00618,CUST00897,CC002,MoneyBack+ Credit Card,XXXX-XXXX-XXXX-3195,Visa,Classic,2026-02-10,2026-02-15,2031-02-09,Active,117170,51708.27,65461.73,48051,132603.51,Yes,2026-07-25
CCA00619,CUST00899,CC009,Swiggy HDFC Bank Credit Card,XXXX-XXXX-XXXX-3890,Mastercard,Premium,2024-01-22,2024-01-29,2029-01-20,Active,586104,492168.52,93935.48,9256,1584616.45,No,2026-08-02
CCA00620,CUST00900,CC010,Tata Neu Infinity,XXXX-XXXX-XXXX-6454,RuPay,Premium,2024-10-26,2024-10-30,2029-10-25,Active,617495,384937.38,232557.62,6580,873504.37,Yes,2026-07-18
CCA00621,CUST00901,CC014,Women's Advantage Credit Card,XXXX-XXXX-XXXX-9259,Visa,Classic,2019-08-27,2019-08-31,2024-08-25,Active,142632,89900.79,52731.21,21176,249728.53,Yes,2026-08-07
CCA00622,CUST00906,CC004,Regalia Gold,XXXX-XXXX-XXXX-1932,Visa,Premium,2025-10-19,2025-10-26,2030-10-18,Active,872205,572109.35,300095.65,31236,1375121.95,No,2026-07-25
CCA00623,CUST00906,CC003,Millennia Credit Card,XXXX-XXXX-XXXX-7632,Visa,Premium,2024-02-15,2025-09-03,2030-07-13,Active,91725,59528.45,32196.55,17476,217414.55,Yes,2026-08-17
CCA00624,CUST00907,CC009,Swiggy HDFC Bank Credit Card,XXXX-XXXX-XXXX-2445,Mastercard,Premium,2024-08-13,2024-08-15,2029-08-12,Active,767584,529354.11,238229.89,12659,5329949.39,No,2026-08-08
CCA00625,CUST00910,CC010,Tata Neu Infinity,XXXX-XXXX-XXXX-7184,RuPay,Premium,2026-02-25,2026-03-01,2031-02-24,Active,624921,315784.18,309136.82,25482,3715812.65,Yes,2026-07-19
CCA00626,CUST00912,CC007,Business Credit Card,XXXX-XXXX-XXXX-3417,Visa,Classic,2022-03-17,2022-03-21,2027-03-16,Active,145280,128169.18,17110.82,47857,452946.44,Yes,2026-07-26
CCA00627,CUST00915,CC011,IndianOil HDFC Bank Credit Card,XXXX-XXXX-XXXX-1023,Visa,Classic,2020-07-02,2020-07-09,2025-07-01,Active,100631,77432.2,23198.8,8074,183798.55,No,2026-07-23
CCA00628,CUST00915,CC013,Pixel Go Credit Card,XXXX-XXXX-XXXX-2126,Visa,Classic,2025-11-19,2025-06-23,2028-05-13,Active,22002,17505.73,4496.27,17105,57591.77,Yes,2026-07-06
CCA00629,CUST00917,CC012,IRCTC HDFC Bank Credit Card,XXXX-XXXX-XXXX-9751,RuPay,Classic,2023-06-11,2023-06-15,2028-06-09,Active,61214,27045.93,34168.07,2441,212458.77,No,2026-07-30
CCA00630,CUST00917,CC001,Freedom Credit Card,XXXX-XXXX-XXXX-4476,Visa,Classic,2024-12-01,2024-04-13,2031-06-20,Active,107963,68679.3,39283.7,67590,575810.26,Yes,2026-07-19
CCA00631,CUST00918,CC010,Tata Neu Infinity,XXXX-XXXX-XXXX-8284,RuPay,Premium,2022-07-03,2022-07-06,2027-07-02,Active,162917,135980.61,26936.39,25277,505171.4,Yes,2026-07-22
CCA00632,CUST00919,CC014,Women's Advantage Credit Card,XXXX-XXXX-XXXX-6253,Visa,Classic,2026-01-30,2026-02-04,2031-01-29,Active,17032,15317.42,1714.58,22671,112171.4,Yes,2026-07-06
CCA00633,CUST00922,CC010,Tata Neu Infinity,XXXX-XXXX-XXXX-8589,RuPay,Premium,2026-02-13,2026-02-13,2031-02-12,Active,1070148,264619.89,805528.11,18211,6132873.43,No,2026-07-30
CCA00634,CUST00923,CC007,Business Credit Card,XXXX-XXXX-XXXX-7020,Visa,Classic,2024-12-26,2025-01-02,2029-12-25,Active,125666,103712.88,21953.12,34100,293430.02,No,2026-08-17
CCA00635,CUST00923,CC003,Millennia Credit Card,XXXX-XXXX-XXXX-4611,Visa,Premium,2023-08-16,2023-08-24,2030-05-22,Active,190332,173760.93,16571.07,8914,676032.22,Yes,2026-08-16
CCA00636,CUST00926,CC007,Business Credit Card,XXXX-XXXX-XXXX-4278,Visa,Classic,2021-03-26,2021-03-31,2026-03-25,Active,222116,165013.39,57102.61,31027,1003715.97,No,2026-07-29
CCA00637,CUST00927,CC002,MoneyBack+ Credit Card,XXXX-XXXX-XXXX-7144,Visa,Classic,2025-06-27,2025-07-01,2030-06-26,Active,56951,39956.01,16994.99,14398,65130.68,Yes,2026-08-10
CCA00638,CUST00931,CC007,Business Credit Card,XXXX-XXXX-XXXX-3260,Visa,Classic,2025-04-15,2025-04-22,2030-04-14,Active,75222,62511.05,12710.95,3879,369166.47,No,2026-07-21
CCA00639,CUST00932,CC007,Business Credit Card,XXXX-XXXX-XXXX-9768,Visa,Classic,2023-08-27,2023-09-02,2028-08-25,Active,64072,31993.97,32078.03,39494,399739.71,No,2026-08-12
CCA00640,CUST00935,CC007,Business Credit Card,XXXX-XXXX-XXXX-7387,Visa,Classic,2023-08-25,2023-08-25,2028-08-23,Active,224276,78976.41,145299.59,4598,980395.89,No,2026-07-17
CCA00641,CUST00936,CC008,BizBlack Credit Card,XXXX-XXXX-XXXX-7486,Mastercard,Super Premium,2018-12-15,2018-12-17,2023-12-14,Active,1356655,1052818.31,303836.69,22869,7996266.93,No,2026-07-10
CCA00642,CUST00937,CC003,Millennia Credit Card,XXXX-XXXX-XXXX-4770,Visa,Premium,2026-05-13,2026-05-19,2031-05-12,Active,127602,24421.7,103180.3,35685,328614.81,No,2026-07-19
CCA00643,CUST00939,CC013,Pixel Go Credit Card,XXXX-XXXX-XXXX-3531,Visa,Classic,2025-01-15,2025-01-15,2030-01-14,Active,66709,48783.66,17925.34,40511,263388.21,No,2026-07-26
CCA00644,CUST00940,CC014,Women's Advantage Credit Card,XXXX-XXXX-XXXX-5306,Visa,Classic,2026-01-20,2026-01-27,2031-01-19,Active,96739,44274.6,52464.4,18453,293012.29,Yes,2026-07-25
CCA00645,CUST00941,CC014,Women's Advantage Credit Card,XXXX-XXXX-XXXX-8151,Visa,Classic,2024-02-18,2024-02-23,2029-02-16,Active,99504,49633.97,49870.03,9374,126364.53,No,2026-08-04
CCA00646,CUST00943,CC007,Business Credit Card,XXXX-XXXX-XXXX-4648,Visa,Classic,2021-03-22,2021-03-24,2026-03-21,Active,65255,41864.25,23390.75,43268,223592.95,Yes,2026-07-31
CCA00647,CUST00944,CC010,Tata Neu Infinity,XXXX-XXXX-XXXX-4306,RuPay,Premium,2020-12-10,2020-12-11,2025-12-09,Active,458484,392391.23,66092.77,35912,1990608.47,No,2026-07-08
CCA00648,CUST00945,CC010,Tata Neu Infinity,XXXX-XXXX-XXXX-3188,RuPay,Premium,2025-10-27,2025-11-02,2030-10-26,Active,285354,126006.46,159347.54,23646,215268.24,No,2026-08-10
CCA00649,CUST00947,CC011,IndianOil HDFC Bank Credit Card,XXXX-XXXX-XXXX-6776,Visa,Classic,2023-11-01,2023-11-03,2028-10-30,Active,60050,41691.62,18358.38,40716,381800.96,No,2026-07-05
CCA00650,CUST00948,CC014,Women's Advantage Credit Card,XXXX-XXXX-XXXX-3580,Visa,Classic,2024-12-05,2024-12-08,2029-12-04,Active,102383,45388.15,56994.85,37953,381208.95,Yes,2026-07-19
CCA00651,CUST00949,CC010,Tata Neu Infinity,XXXX-XXXX-XXXX-3188,RuPay,Premium,2024-02-27,2024-02-29,2029-02-25,Active,182532,123133.67,59398.33,32908,103617.45,No,2026-08-07
CCA00652,CUST00950,CC004,Regalia Gold,XXXX-XXXX-XXXX-9762,Visa,Premium,2025-12-06,2025-12-07,2030-12-05,Active,353989,232989.82,120999.18,28478,1662471.76,No,2026-07-23
CCA00653,CUST00951,CC004,Regalia Gold,XXXX-XXXX-XXXX-7176,Visa,Premium,2024-02-14,2024-02-21,2029-02-12,Active,298587,132079.59,166507.41,2603,734888.64,No,2026-07-25
CCA00654,CUST00952,CC002,MoneyBack+ Credit Card,XXXX-XXXX-XXXX-4663,Visa,Classic,2025-07-15,2025-07-19,2030-07-14,Active,145882,104967.2,40914.8,24060,819663.44,Yes,2026-08-04
CCA00655,CUST00954,CC010,Tata Neu Infinity,XXXX-XXXX-XXXX-9071,RuPay,Premium,2024-10-22,2024-10-23,2029-10-21,Active,163216,58731.89,104484.11,23885,1092890.44,No,2026-07-12
CCA00656,CUST00956,CC007,Business Credit Card,XXXX-XXXX-XXXX-5035,Visa,Classic,2022-07-20,2022-07-23,2027-07-19,Active,43053,19574.3,23478.7,25624,261378.9,Yes,2026-07-11
CCA00657,CUST00957,CC003,Millennia Credit Card,XXXX-XXXX-XXXX-7057,Visa,Premium,2026-01-25,2026-01-28,2031-01-24,Active,795256,484126.51,311129.49,7044,2608068.49,Yes,2026-08-14
CCA00658,CUST00958,CC013,Pixel Go Credit Card,XXXX-XXXX-XXXX-4432,Visa,Classic,2021-09-27,2021-09-29,2026-09-26,Active,122517,78628.74,43888.26,49192,246305.6,No,2026-08-11
CCA00659,CUST00959,CC011,IndianOil HDFC Bank Credit Card,XXXX-XXXX-XXXX-8380,Visa,Classic,2024-04-16,2024-04-23,2029-04-15,Active,62265,36733.55,25531.45,2555,288677.59,Yes,2026-07-14
CCA00660,CUST00963,CC009,Swiggy HDFC Bank Credit Card,XXXX-XXXX-XXXX-8475,Mastercard,Premium,2023-02-18,2023-02-19,2028-02-17,Active,709388,312879.11,396508.89,3942,4515637.77,No,2026-07-28
CCA00661,CUST00964,CC012,IRCTC HDFC Bank Credit Card,XXXX-XXXX-XXXX-5188,RuPay,Classic,2026-04-09,2026-04-10,2031-04-08,Active,144091,64540.22,79550.78,47433,357023.87,No,2026-08-06
CCA00662,CUST00965,CC007,Business Credit Card,XXXX-XXXX-XXXX-1074,Visa,Classic,2021-11-18,2021-11-19,2026-11-17,Active,58860,33794.57,25065.43,13925,321118.27,No,2026-08-15
CCA00663,CUST00967,CC010,Tata Neu Infinity,XXXX-XXXX-XXXX-1854,RuPay,Premium,2023-12-07,2023-12-08,2028-12-05,Active,1365806,1111751.62,254054.38,38725,2021971.22,No,2026-07-19
CCA00664,CUST00968,CC007,Business Credit Card,XXXX-XXXX-XXXX-3427,Visa,Classic,2022-10-18,2022-10-20,2027-10-17,Active,23840,20712.28,3127.72,13033,161458.12,No,2026-08-06
CCA00665,CUST00971,CC004,Regalia Gold,XXXX-XXXX-XXXX-2196,Visa,Premium,2026-01-10,2026-01-13,2031-01-09,Active,616213,323722.87,292490.13,8852,867492.0,No,2026-07-21
CCA00666,CUST00972,CC003,Millennia Credit Card,XXXX-XXXX-XXXX-2597,Visa,Premium,2019-06-15,2019-06-16,2024-06-13,Active,281412,219867.83,61544.17,25892,572963.83,No,2026-07-06
CCA00667,CUST00977,CC009,Swiggy HDFC Bank Credit Card,XXXX-XXXX-XXXX-9733,Mastercard,Premium,2025-09-11,2025-09-16,2030-09-10,Active,246506,151517.01,94988.99,26973,1201786.36,No,2026-08-06
CCA00668,CUST00979,CC013,Pixel Go Credit Card,XXXX-XXXX-XXXX-2615,Visa,Classic,2023-05-07,2023-05-14,2028-05-05,Active,84576,33254.32,51321.68,14661,215653.93,No,2026-07-22
CCA00669,CUST00980,CC010,Tata Neu Infinity,XXXX-XXXX-XXXX-3596,RuPay,Premium,2026-04-23,2026-04-28,2031-04-22,Active,240000,113527.94,126472.06,9453,1192587.45,No,2026-07-21
CCA00670,CUST00981,CC009,Swiggy HDFC Bank Credit Card,XXXX-XXXX-XXXX-1776,Mastercard,Premium,2022-10-25,2022-11-01,2027-10-24,Active,1478927,743519.95,735407.05,45351,4505901.92,Yes,2026-07-08
CCA00671,CUST00983,CC007,Business Credit Card,XXXX-XXXX-XXXX-2980,Visa,Classic,2024-10-31,2024-11-07,2029-10-30,Active,18495,10466.19,8028.81,11142,110287.66,No,2026-07-14
CCA00672,CUST00984,CC008,BizBlack Credit Card,XXXX-XXXX-XXXX-9660,Mastercard,Super Premium,2016-07-18,2016-07-25,2021-07-17,Active,8584119,3884635.62,4699483.38,5003,49509837.91,Yes,2026-07-04
CCA00673,CUST00984,CC013,Pixel Go Credit Card,XXXX-XXXX-XXXX-5733,Visa,Classic,2025-05-24,2025-11-01,2029-04-20,Active,122701,102246.0,20455.0,31933,702205.99,Yes,2026-08-08
CCA00674,CUST00985,CC003,Millennia Credit Card,XXXX-XXXX-XXXX-4520,Visa,Premium,2022-10-04,2022-10-09,2027-10-03,Active,95721,69281.38,26439.62,32014,222565.43,No,2026-07-16
CCA00675,CUST00986,CC012,IRCTC HDFC Bank Credit Card,XXXX-XXXX-XXXX-1972,RuPay,Classic,2026-01-09,2026-01-16,2031-01-08,Active,147657,96495.86,51161.14,15822,1028130.69,Yes,2026-08-08
CCA00676,CUST00988,CC009,Swiggy HDFC Bank Credit Card,XXXX-XXXX-XXXX-1645,Mastercard,Premium,2025-11-09,2025-11-15,2030-11-08,Active,1154117,923043.36,231073.64,46085,3766472.0,Yes,2026-07-27
CCA00677,CUST00989,CC003,Millennia Credit Card,XXXX-XXXX-XXXX-8393,Visa,Premium,2026-01-22,2026-01-28,2031-01-21,Active,512935,195173.17,317761.83,1847,583350.93,No,2026-08-05
CCA00678,CUST00991,CC009,Swiggy HDFC Bank Credit Card,XXXX-XXXX-XXXX-8270,Mastercard,Premium,2025-07-21,2025-07-24,2030-07-20,Active,1157623,720459.26,437163.74,38928,6947143.23,No,2026-07-31
CCA00679,CUST00991,CC012,IRCTC HDFC Bank Credit Card,XXXX-XXXX-XXXX-6815,RuPay,Classic,2026-03-20,2025-09-25,2030-03-15,Active,16962,11503.95,5458.05,20636,79466.79,Yes,2026-07-11
CCA00680,CUST00993,CC013,Pixel Go Credit Card,XXXX-XXXX-XXXX-4813,Visa,Classic,2025-11-05,2025-11-08,2030-11-04,Active,105746,79114.44,26631.56,44977,520916.1,No,2026-08-17
CCA00681,CUST00995,CC012,IRCTC HDFC Bank Credit Card,XXXX-XXXX-XXXX-5035,RuPay,Classic,2022-08-14,2022-08-15,2027-08-13,Active,114656,46934.91,67721.09,47899,128480.47,No,2026-07-28
CCA00682,CUST00996,CC008,BizBlack Credit Card,XXXX-XXXX-XXXX-1389,Mastercard,Super Premium,2026-03-07,2026-03-13,2031-03-06,Active,6312212,4809127.47,1503084.53,8820,5403920.76,No,2026-08-09
CCA00683,CUST00997,CC010,Tata Neu Infinity,XXXX-XXXX-XXXX-7190,RuPay,Premium,2022-02-07,2022-02-09,2027-02-06,Active,67349,43728.77,23620.23,4735,189505.72,No,2026-07-17
CCA00684,CUST01000,CC012,IRCTC HDFC Bank Credit Card,XXXX-XXXX-XXXX-4899,RuPay,Classic,2025-04-15,2025-04-21,2030-04-14,Active,143351,61440.07,81910.93,23520,567348.77,No,2026-08-16
