customer_insurance_id,customer_id,insurance_product_id,insurance_product_name,insurance_type,insurance_company,sum_insured,annual_premium,premium_frequency,policy_start_date,policy_end_date,policy_status,nominee_name
INS00001,CUST00001,INS001,HDFC Life Click 2 Protect,Life,HDFC Life,5150151,23327,Yearly,2023-08-09,2023-03-16,Active,Family of Aditya
INS00002,CUST00002,INS001,HDFC Life Click 2 Protect,Life,HDFC Life,12799347,6427,Yearly,2024-03-28,2026-01-16,Active,Family of Ishita
INS00003,CUST00002,INS008,HDFC ERGO Personal Accident,Personal Accident,HDFC ERGO,2349638,10929,Yearly,2023-06-16,2025-03-21,Active,Family of Ishita
INS00004,CUST00003,INS004,HDFC ERGO Optima Family Floater,Health,HDFC ERGO,525404,10000,Yearly,2021-04-07,2022-07-25,Active,Family of Anika
INS00005,CUST00004,INS003,HDFC ERGO Optima Secure,Health,HDFC ERGO,5056163,37610,Yearly,2020-10-22,2021-10-27,Active,Family of Karan
INS00006,CUST00005,INS003,HDFC ERGO Optima Secure,Health,HDFC ERGO,4136245,9197,Yearly,2024-08-15,2026-10-19,Active,Family of Yogesh
INS00007,CUST00005,INS008,HDFC ERGO Personal Accident,Personal Accident,HDFC ERGO,1643161,5682,Yearly,2022-01-11,2024-04-07,Active,Family of Yogesh
INS00008,CUST00005,INS010,HDFC Life Click 2 Wealth ULIP,ULIP,HDFC Life,1571634,39859,Yearly,2023-08-22,2024-12-16,Active,Family of Yogesh
INS00009,CUST00006,INS003,HDFC ERGO Optima Secure,Health,HDFC ERGO,3765368,39813,Yearly,2024-03-16,2027-04-23,Active,Family of Aadhya
INS00010,CUST00006,INS008,HDFC ERGO Personal Accident,Personal Accident,HDFC ERGO,4442837,10859,Yearly,2026-06-18,2027-06-29,Active,Family of Aadhya
INS00011,CUST00007,INS001,HDFC Life Click 2 Protect,Life,HDFC Life,4081493,14307,Yearly,2023-10-15,2027-03-29,Active,Family of Anmol
INS00012,CUST00007,INS004,HDFC ERGO Optima Family Floater,Health,HDFC ERGO,6122902,41586,Yearly,2024-04-19,2022-05-28,Active,Family of Anmol
INS00013,CUST00007,INS007,HDFC ERGO Motor Insurance,Motor,HDFC ERGO,4625032,13821,Yearly,2025-09-23,2023-08-31,Active,Family of Anmol
INS00014,CUST00008,INS007,HDFC ERGO Motor Insurance,Motor,HDFC ERGO,1072689,27474,Yearly,2018-12-03,2027-02-01,Active,Family of Jayesh
INS00015,CUST00008,INS006,HDFC ERGO Travel Insurance,Travel,HDFC ERGO,12131544,2601,Yearly,2025-10-12,2023-12-16,Active,Family of Jayesh
INS00016,CUST00009,INS001,HDFC Life Click 2 Protect,Life,HDFC Life,4029933,17327,Yearly,2025-08-07,2026-02-15,Active,Family of Vaibhav
INS00017,CUST00010,INS001,HDFC Life Click 2 Protect,Life,HDFC Life,19290425,38266,Yearly,2021-07-27,2024-04-07,Active,Family of Anshul
INS00018,CUST00010,INS007,HDFC ERGO Motor Insurance,Motor,HDFC ERGO,1004266,9124,Yearly,2022-06-06,2026-08-24,Active,Family of Anshul
INS00019,CUST00011,INS004,HDFC ERGO Optima Family Floater,Health,HDFC ERGO,7308805,52709,Yearly,2025-10-06,2022-12-28,Active,Family of Alisha
INS00020,CUST00011,INS006,HDFC ERGO Travel Insurance,Travel,HDFC ERGO,11246419,4341,Yearly,2024-01-12,2027-05-30,Active,Family of Alisha
INS00021,CUST00012,INS004,HDFC ERGO Optima Family Floater,Health,HDFC ERGO,9104517,40072,Yearly,2024-09-29,2022-04-03,Active,Family of Mihir
INS00022,CUST00014,INS001,HDFC Life Click 2 Protect,Life,HDFC Life,3218276,31023,Yearly,2026-06-10,2024-05-01,Active,Family of Bhumika
INS00023,CUST00015,INS005,HDFC ERGO Optima Senior,Health,HDFC ERGO,810079,12000,Yearly,2018-01-28,2026-03-01,Active,Family of Rhea
INS00024,CUST00017,INS004,HDFC ERGO Optima Family Floater,Health,HDFC ERGO,13265092,57209,Yearly,2026-04-21,2027-03-27,Active,Family of Siddharth
INS00025,CUST00017,INS006,HDFC ERGO Travel Insurance,Travel,HDFC ERGO,15188104,6605,Yearly,2025-11-25,2027-01-03,Active,Family of Siddharth
INS00026,CUST00018,INS008,HDFC ERGO Personal Accident,Personal Accident,HDFC ERGO,5780331,11171,Yearly,2021-01-18,2023-10-01,Active,Family of Tejas
INS00027,CUST00019,INS004,HDFC ERGO Optima Family Floater,Health,HDFC ERGO,6415526,25663,Yearly,2020-08-27,2024-05-29,Active,Family of Anjali
INS00028,CUST00020,INS010,HDFC Life Click 2 Wealth ULIP,ULIP,HDFC Life,7204052,83720,Yearly,2022-08-27,2024-09-29,Active,Family of Akanksha
INS00029,CUST00021,INS003,HDFC ERGO Optima Secure,Health,HDFC ERGO,1906539,21338,Yearly,2024-06-09,2026-09-21,Active,Family of Riddhi
INS00030,CUST00022,INS004,HDFC ERGO Optima Family Floater,Health,HDFC ERGO,778405,10000,Yearly,2026-05-10,2027-03-19,Active,Family of Namrata
INS00031,CUST00023,INS010,HDFC Life Click 2 Wealth ULIP,ULIP,HDFC Life,7345108,25035,Yearly,2020-04-24,2027-04-29,Active,Family of Anmol
INS00032,CUST00024,INS005,HDFC ERGO Optima Senior,Health,HDFC ERGO,1165758,12000,Yearly,2023-10-07,2026-09-08,Active,Family of Lakshya
INS00033,CUST00025,INS003,HDFC ERGO Optima Secure,Health,HDFC ERGO,9500464,10509,Yearly,2024-04-30,2025-06-20,Active,Family of Anirudh
INS00034,CUST00025,INS007,HDFC ERGO Motor Insurance,Motor,HDFC ERGO,3656468,28847,Yearly,2022-06-06,2023-01-07,Active,Family of Anirudh
INS00035,CUST00025,INS009,HDFC ERGO Home Insurance,Home,HDFC ERGO,14426842,9981,Yearly,2022-07-08,2024-10-23,Active,Family of Anirudh
INS00036,CUST00025,INS006,HDFC ERGO Travel Insurance,Travel,HDFC ERGO,1702439,3326,Yearly,2016-11-24,2027-02-16,Active,Family of Anirudh
INS00037,CUST00025,INS010,HDFC Life Click 2 Wealth ULIP,ULIP,HDFC Life,5211332,56055,Yearly,2020-07-25,2018-01-11,Active,Family of Anirudh
INS00038,CUST00026,INS004,HDFC ERGO Optima Family Floater,Health,HDFC ERGO,4544506,38076,Yearly,2021-12-13,2021-05-27,Active,Family of Charvi
INS00039,CUST00026,INS007,HDFC ERGO Motor Insurance,Motor,HDFC ERGO,1185498,14586,Yearly,2020-10-15,2023-10-07,Active,Family of Charvi
INS00040,CUST00026,INS008,HDFC ERGO Personal Accident,Personal Accident,HDFC ERGO,4475270,2325,Yearly,2019-12-26,2026-01-02,Active,Family of Charvi
INS00041,CUST00026,INS011,HDFC Life Young Star Child Plan,Child Insurance,HDFC Life,2756487,27911,Yearly,2026-03-04,2024-12-23,Active,Family of Charvi
INS00042,CUST00027,INS004,HDFC ERGO Optima Family Floater,Health,HDFC ERGO,7461646,42402,Yearly,2021-02-07,2018-01-23,Active,Family of Sahil
INS00043,CUST00027,INS007,HDFC ERGO Motor Insurance,Motor,HDFC ERGO,4108306,20195,Yearly,2024-05-04,2020-03-03,Active,Family of Sahil
INS00044,CUST00027,INS006,HDFC ERGO Travel Insurance,Travel,HDFC ERGO,7795250,2790,Yearly,2023-09-01,2024-04-22,Active,Family of Sahil
INS00045,CUST00028,INS001,HDFC Life Click 2 Protect,Life,HDFC Life,15343090,10161,Yearly,2021-01-08,2024-08-15,Active,Family of Meera
INS00046,CUST00030,INS004,HDFC ERGO Optima Family Floater,Health,HDFC ERGO,5618532,49104,Yearly,2025-02-27,2023-12-08,Active,Family of Anika
INS00047,CUST00030,INS007,HDFC ERGO Motor Insurance,Motor,HDFC ERGO,4354002,21368,Yearly,2019-02-16,2020-04-29,Active,Family of Anika
INS00048,CUST00031,INS001,HDFC Life Click 2 Protect,Life,HDFC Life,3761178,10352,Yearly,2019-10-21,2025-03-15,Active,Family of Mitali
INS00049,CUST00031,INS003,HDFC ERGO Optima Secure,Health,HDFC ERGO,3756981,22904,Yearly,2019-07-13,2022-06-11,Active,Family of Mitali
INS00050,CUST00031,INS007,HDFC ERGO Motor Insurance,Motor,HDFC ERGO,1866212,25768,Yearly,2025-12-06,2025-12-30,Active,Family of Mitali
INS00051,CUST00032,INS001,HDFC Life Click 2 Protect,Life,HDFC Life,9009399,19262,Yearly,2016-06-28,2023-08-31,Active,Family of Mihika
INS00052,CUST00032,INS004,HDFC ERGO Optima Family Floater,Health,HDFC ERGO,7209927,40821,Yearly,2021-09-30,2024-04-26,Active,Family of Mihika
INS00053,CUST00033,INS001,HDFC Life Click 2 Protect,Life,HDFC Life,14354989,19834,Yearly,2019-04-26,2017-02-22,Active,Family of Yash
INS00054,CUST00033,INS007,HDFC ERGO Motor Insurance,Motor,HDFC ERGO,1539911,7345,Yearly,2023-04-09,2018-12-08,Active,Family of Yash
INS00055,CUST00033,INS008,HDFC ERGO Personal Accident,Personal Accident,HDFC ERGO,9311570,11604,Yearly,2025-11-19,2025-11-25,Active,Family of Yash
INS00056,CUST00034,INS007,HDFC ERGO Motor Insurance,Motor,HDFC ERGO,3049040,19219,Yearly,2019-04-06,2025-01-24,Active,Family of Suraj
INS00057,CUST00035,INS001,HDFC Life Click 2 Protect,Life,HDFC Life,6421299,27739,Yearly,2023-07-25,2026-04-11,Active,Family of Pragya
INS00058,CUST00035,INS004,HDFC ERGO Optima Family Floater,Health,HDFC ERGO,4695115,47269,Yearly,2022-10-14,2023-08-18,Active,Family of Pragya
INS00059,CUST00035,INS010,HDFC Life Click 2 Wealth ULIP,ULIP,HDFC Life,13643969,54211,Yearly,2023-12-23,2023-12-22,Active,Family of Pragya
INS00060,CUST00036,INS001,HDFC Life Click 2 Protect,Life,HDFC Life,8761552,45728,Yearly,2026-02-05,2026-02-25,Active,Family of Sonia
INS00061,CUST00037,INS007,HDFC ERGO Motor Insurance,Motor,HDFC ERGO,742345,14098,Yearly,2021-07-02,2024-07-29,Active,Family of Aditi
INS00062,CUST00038,INS004,HDFC ERGO Optima Family Floater,Health,HDFC ERGO,14300001,14675,Yearly,2026-02-28,2027-02-09,Active,Family of Rajiv
INS00063,CUST00038,INS007,HDFC ERGO Motor Insurance,Motor,HDFC ERGO,2511910,24195,Yearly,2024-01-21,2021-05-16,Active,Family of Rajiv
INS00064,CUST00038,INS006,HDFC ERGO Travel Insurance,Travel,HDFC ERGO,3974270,9663,Yearly,2025-02-27,2022-12-14,Active,Family of Rajiv
INS00065,CUST00039,INS001,HDFC Life Click 2 Protect,Life,HDFC Life,2906104,8542,Yearly,2024-04-02,2026-03-26,Active,Family of Kunal
INS00066,CUST00039,INS004,HDFC ERGO Optima Family Floater,Health,HDFC ERGO,2271934,13183,Yearly,2022-12-31,2024-06-04,Active,Family of Kunal
INS00067,CUST00041,INS008,HDFC ERGO Personal Accident,Personal Accident,HDFC ERGO,4058622,7302,Yearly,2018-02-22,2022-01-05,Active,Family of Manav
INS00068,CUST00042,INS004,HDFC ERGO Optima Family Floater,Health,HDFC ERGO,14922946,36975,Yearly,2015-11-15,2016-06-16,Active,Family of Ananya
INS00069,CUST00042,INS011,HDFC Life Young Star Child Plan,Child Insurance,HDFC Life,49866104,35710,Yearly,2020-08-30,2023-01-21,Active,Family of Ananya
INS00070,CUST00044,INS001,HDFC Life Click 2 Protect,Life,HDFC Life,22323313,41160,Yearly,2025-10-21,2022-08-11,Active,Family of Aastha
INS00071,CUST00044,INS003,HDFC ERGO Optima Secure,Health,HDFC ERGO,11894554,38790,Yearly,2022-01-17,2023-07-27,Active,Family of Aastha
INS00072,CUST00044,INS008,HDFC ERGO Personal Accident,Personal Accident,HDFC ERGO,4903274,6862,Yearly,2022-09-08,2022-09-07,Active,Family of Aastha
INS00073,CUST00045,INS001,HDFC Life Click 2 Protect,Life,HDFC Life,4656361,16643,Yearly,2020-11-05,2019-11-06,Active,Family of Himanshu
INS00074,CUST00045,INS004,HDFC ERGO Optima Family Floater,Health,HDFC ERGO,3169923,23710,Yearly,2022-08-25,2026-10-16,Active,Family of Himanshu
INS00075,CUST00045,INS007,HDFC ERGO Motor Insurance,Motor,HDFC ERGO,4522710,9882,Yearly,2025-05-09,2023-09-08,Active,Family of Himanshu
INS00076,CUST00046,INS001,HDFC Life Click 2 Protect,Life,HDFC Life,16197426,44760,Yearly,2022-08-17,2024-05-27,Active,Family of Akanksha
INS00077,CUST00046,INS007,HDFC ERGO Motor Insurance,Motor,HDFC ERGO,3203578,22931,Yearly,2024-11-16,2025-04-02,Active,Family of Akanksha
INS00078,CUST00046,INS006,HDFC ERGO Travel Insurance,Travel,HDFC ERGO,14599848,1352,Yearly,2024-12-13,2026-10-12,Active,Family of Akanksha
INS00079,CUST00047,INS001,HDFC Life Click 2 Protect,Life,HDFC Life,8241464,25105,Yearly,2021-08-11,2027-05-23,Active,Family of Ananya
INS00080,CUST00047,INS004,HDFC ERGO Optima Family Floater,Health,HDFC ERGO,2227697,58086,Yearly,2021-04-11,2024-07-01,Active,Family of Ananya
INS00081,CUST00048,INS001,HDFC Life Click 2 Protect,Life,HDFC Life,2760345,9439,Yearly,2025-11-30,2024-03-08,Active,Family of Kavya
INS00082,CUST00048,INS007,HDFC ERGO Motor Insurance,Motor,HDFC ERGO,1066344,12317,Yearly,2023-06-25,2027-05-31,Active,Family of Kavya
INS00083,CUST00049,INS001,HDFC Life Click 2 Protect,Life,HDFC Life,5194921,31307,Yearly,2017-10-09,2026-06-08,Active,Family of Kamla
INS00084,CUST00050,INS001,HDFC Life Click 2 Protect,Life,HDFC Life,11876182,38739,Yearly,2024-02-09,2025-04-29,Active,Family of Aaradhya
INS00085,CUST00052,INS001,HDFC Life Click 2 Protect,Life,HDFC Life,3573102,23238,Yearly,2024-12-27,2026-01-22,Active,Family of Bhavesh
INS00086,CUST00052,INS003,HDFC ERGO Optima Secure,Health,HDFC ERGO,3971805,26538,Yearly,2022-12-25,2024-07-10,Active,Family of Bhavesh
INS00087,CUST00053,INS001,HDFC Life Click 2 Protect,Life,HDFC Life,2812502,16919,Yearly,2023-08-18,2026-04-25,Active,Family of Janhvi
INS00088,CUST00053,INS004,HDFC ERGO Optima Family Floater,Health,HDFC ERGO,2577057,16709,Yearly,2021-08-14,2017-03-11,Active,Family of Janhvi
INS00089,CUST00054,INS007,HDFC ERGO Motor Insurance,Motor,HDFC ERGO,3756009,14737,Yearly,2023-09-08,2022-06-15,Active,Family of Keshav
INS00090,CUST00055,INS003,HDFC ERGO Optima Secure,Health,HDFC ERGO,3797311,19368,Yearly,2023-11-29,2026-05-01,Active,Family of Sahil
INS00091,CUST00055,INS007,HDFC ERGO Motor Insurance,Motor,HDFC ERGO,1938561,13932,Yearly,2024-09-08,2027-06-03,Active,Family of Sahil
INS00092,CUST00055,INS009,HDFC ERGO Home Insurance,Home,HDFC ERGO,7196322,19268,Yearly,2024-06-21,2027-06-01,Active,Family of Sahil
INS00093,CUST00056,INS001,HDFC Life Click 2 Protect,Life,HDFC Life,3216020,6395,Yearly,2020-11-19,2024-12-06,Active,Family of Amit
INS00094,CUST00059,INS001,HDFC Life Click 2 Protect,Life,HDFC Life,5290014,25302,Yearly,2022-10-01,2022-11-02,Active,Family of Ved
INS00095,CUST00059,INS004,HDFC ERGO Optima Family Floater,Health,HDFC ERGO,4999705,14737,Yearly,2023-01-17,2027-05-29,Active,Family of Ved
INS00096,CUST00060,INS001,HDFC Life Click 2 Protect,Life,HDFC Life,17417908,31243,Yearly,2025-04-20,2027-03-25,Active,Family of Manav
INS00097,CUST00060,INS003,HDFC ERGO Optima Secure,Health,HDFC ERGO,16912807,38289,Yearly,2026-04-10,2026-12-21,Active,Family of Manav
INS00098,CUST00060,INS007,HDFC ERGO Motor Insurance,Motor,HDFC ERGO,1144260,12530,Yearly,2024-06-06,2023-02-10,Active,Family of Manav
INS00099,CUST00062,INS010,HDFC Life Click 2 Wealth ULIP,ULIP,HDFC Life,11999276,46820,Yearly,2024-11-21,2027-04-05,Active,Family of Gayatri
INS00100,CUST00063,INS004,HDFC ERGO Optima Family Floater,Health,HDFC ERGO,10772151,31833,Yearly,2023-04-16,2023-06-09,Active,Family of Soham
INS00101,CUST00064,INS006,HDFC ERGO Travel Insurance,Travel,HDFC ERGO,1619723,5802,Yearly,2021-06-13,2022-11-15,Active,Family of Anand
INS00102,CUST00064,INS008,HDFC ERGO Personal Accident,Personal Accident,HDFC ERGO,1208770,8756,Yearly,2023-02-07,2026-02-22,Active,Family of Anand
INS00103,CUST00065,INS004,HDFC ERGO Optima Family Floater,Health,HDFC ERGO,1897786,17155,Yearly,2025-05-27,2024-05-11,Active,Family of Kavya
INS00104,CUST00065,INS007,HDFC ERGO Motor Insurance,Motor,HDFC ERGO,2035176,25435,Yearly,2023-04-08,2026-04-28,Active,Family of Kavya
INS00105,CUST00065,INS010,HDFC Life Click 2 Wealth ULIP,ULIP,HDFC Life,8662832,60998,Yearly,2023-03-29,2025-06-09,Active,Family of Kavya
INS00106,CUST00066,INS008,HDFC ERGO Personal Accident,Personal Accident,HDFC ERGO,2445360,11387,Yearly,2024-07-16,2027-02-24,Active,Family of Rekha
INS00107,CUST00067,INS004,HDFC ERGO Optima Family Floater,Health,HDFC ERGO,19132125,25195,Yearly,2026-03-22,2027-01-23,Active,Family of Krisha
INS00108,CUST00067,INS007,HDFC ERGO Motor Insurance,Motor,HDFC ERGO,4786007,15621,Yearly,2026-02-18,2026-12-07,Active,Family of Krisha
INS00109,CUST00068,INS001,HDFC Life Click 2 Protect,Life,HDFC Life,8219439,6280,Yearly,2024-08-08,2024-11-21,Active,Family of Anjali
INS00110,CUST00068,INS004,HDFC ERGO Optima Family Floater,Health,HDFC ERGO,10471563,39819,Yearly,2026-04-03,2025-12-31,Active,Family of Anjali
INS00111,CUST00069,INS001,HDFC Life Click 2 Protect,Life,HDFC Life,2547847,32319,Yearly,2025-11-09,2022-04-09,Active,Family of Anand
INS00112,CUST00069,INS003,HDFC ERGO Optima Secure,Health,HDFC ERGO,5952213,17927,Yearly,2024-06-15,2027-01-30,Active,Family of Anand
INS00113,CUST00069,INS008,HDFC ERGO Personal Accident,Personal Accident,HDFC ERGO,5095794,8213,Yearly,2021-09-30,2017-10-13,Active,Family of Anand
INS00114,CUST00070,INS004,HDFC ERGO Optima Family Floater,Health,HDFC ERGO,6859994,28345,Yearly,2018-05-01,2023-07-30,Active,Family of Rajat
INS00115,CUST00071,INS004,HDFC ERGO Optima Family Floater,Health,HDFC ERGO,16595097,11957,Yearly,2024-08-20,2024-02-22,Active,Family of Sakshi
INS00116,CUST00071,INS006,HDFC ERGO Travel Insurance,Travel,HDFC ERGO,1419828,7002,Yearly,2025-12-31,2021-05-30,Active,Family of Sakshi
INS00117,CUST00071,INS008,HDFC ERGO Personal Accident,Personal Accident,HDFC ERGO,2682067,13330,Yearly,2020-04-12,2020-10-04,Active,Family of Sakshi
INS00118,CUST00071,INS010,HDFC Life Click 2 Wealth ULIP,ULIP,HDFC Life,1646979,149969,Yearly,2019-06-07,2026-05-10,Active,Family of Sakshi
INS00119,CUST00072,INS001,HDFC Life Click 2 Protect,Life,HDFC Life,3562329,23242,Yearly,2016-02-28,2022-05-14,Active,Family of Sarthak
INS00120,CUST00072,INS004,HDFC ERGO Optima Family Floater,Health,HDFC ERGO,829592,15311,Yearly,2023-12-14,2017-07-19,Active,Family of Sarthak
INS00121,CUST00072,INS007,HDFC ERGO Motor Insurance,Motor,HDFC ERGO,1409543,18979,Yearly,2019-11-18,2024-10-05,Active,Family of Sarthak
INS00122,CUST00073,INS001,HDFC Life Click 2 Protect,Life,HDFC Life,3304260,19885,Yearly,2023-08-13,2024-05-03,Active,Family of Sourabh
INS00123,CUST00074,INS004,HDFC ERGO Optima Family Floater,Health,HDFC ERGO,12980705,45096,Yearly,2022-06-02,2021-03-14,Active,Family of Nikita
INS00124,CUST00074,INS007,HDFC ERGO Motor Insurance,Motor,HDFC ERGO,3821452,9914,Yearly,2019-09-26,2022-12-19,Active,Family of Nikita
INS00125,CUST00075,INS001,HDFC Life Click 2 Protect,Life,HDFC Life,10258452,24942,Yearly,2023-11-17,2024-09-29,Active,Family of Bhumika
INS00126,CUST00075,INS004,HDFC ERGO Optima Family Floater,Health,HDFC ERGO,6571727,34667,Yearly,2023-08-22,2022-08-02,Active,Family of Bhumika
INS00127,CUST00076,INS001,HDFC Life Click 2 Protect,Life,HDFC Life,12463977,22150,Yearly,2017-01-28,2026-09-13,Active,Family of Aman
INS00128,CUST00076,INS004,HDFC ERGO Optima Family Floater,Health,HDFC ERGO,13617939,37039,Yearly,2022-01-28,2018-12-10,Active,Family of Aman
INS00129,CUST00076,INS007,HDFC ERGO Motor Insurance,Motor,HDFC ERGO,809077,27919,Yearly,2023-05-28,2027-02-02,Active,Family of Aman
INS00130,CUST00077,INS007,HDFC ERGO Motor Insurance,Motor,HDFC ERGO,3211141,8358,Yearly,2024-04-07,2026-03-09,Active,Family of Saloni
INS00131,CUST00078,INS003,HDFC ERGO Optima Secure,Health,HDFC ERGO,8840024,28307,Yearly,2025-12-30,2026-10-10,Active,Family of Pranita
INS00132,CUST00078,INS007,HDFC ERGO Motor Insurance,Motor,HDFC ERGO,3649225,10536,Yearly,2026-02-20,2026-11-05,Active,Family of Pranita
INS00133,CUST00078,INS006,HDFC ERGO Travel Insurance,Travel,HDFC ERGO,9005984,8293,Yearly,2025-09-26,2027-07-03,Active,Family of Pranita
INS00134,CUST00079,INS007,HDFC ERGO Motor Insurance,Motor,HDFC ERGO,1972453,27344,Yearly,2026-06-04,2023-03-07,Active,Family of Kunal
INS00135,CUST00079,INS010,HDFC Life Click 2 Wealth ULIP,ULIP,HDFC Life,2346755,54831,Yearly,2022-06-09,2027-06-18,Active,Family of Kunal
INS00136,CUST00080,INS004,HDFC ERGO Optima Family Floater,Health,HDFC ERGO,1727380,38561,Yearly,2025-12-10,2026-07-24,Active,Family of Ajay
INS00137,CUST00081,INS001,HDFC Life Click 2 Protect,Life,HDFC Life,53418542,31231,Yearly,2025-09-07,2026-07-27,Active,Family of Rajiv
INS00138,CUST00081,INS006,HDFC ERGO Travel Insurance,Travel,HDFC ERGO,10974512,8350,Yearly,2025-04-19,2024-06-09,Active,Family of Rajiv
INS00139,CUST00082,INS001,HDFC Life Click 2 Protect,Life,HDFC Life,2643399,17208,Yearly,2026-01-23,2023-08-14,Active,Family of Kavita
INS00140,CUST00082,INS004,HDFC ERGO Optima Family Floater,Health,HDFC ERGO,923525,26102,Yearly,2017-04-08,2022-02-02,Active,Family of Kavita
INS00141,CUST00083,INS005,HDFC ERGO Optima Senior,Health,HDFC ERGO,354589,19928,Yearly,2025-05-08,2026-01-25,Active,Family of Manisha
INS00142,CUST00084,INS001,HDFC Life Click 2 Protect,Life,HDFC Life,3217438,6894,Yearly,2023-06-10,2021-06-22,Active,Family of Kamlesh
INS00143,CUST00084,INS004,HDFC ERGO Optima Family Floater,Health,HDFC ERGO,3519568,22195,Yearly,2020-07-13,2027-06-11,Active,Family of Kamlesh
INS00144,CUST00085,INS001,HDFC Life Click 2 Protect,Life,HDFC Life,3912741,9760,Yearly,2020-12-13,2025-04-13,Active,Family of Aastha
INS00145,CUST00085,INS008,HDFC ERGO Personal Accident,Personal Accident,HDFC ERGO,813356,5592,Yearly,2020-08-31,2022-09-23,Active,Family of Aastha
INS00146,CUST00086,INS001,HDFC Life Click 2 Protect,Life,HDFC Life,6473141,14210,Yearly,2025-11-28,2027-07-12,Active,Family of Pooja
INS00147,CUST00086,INS004,HDFC ERGO Optima Family Floater,Health,HDFC ERGO,5228628,46153,Yearly,2025-08-30,2026-08-30,Active,Family of Pooja
INS00148,CUST00086,INS007,HDFC ERGO Motor Insurance,Motor,HDFC ERGO,1442770,7743,Yearly,2025-07-16,2027-05-15,Active,Family of Pooja
INS00149,CUST00086,INS011,HDFC Life Young Star Child Plan,Child Insurance,HDFC Life,4437704,50244,Yearly,2026-02-09,2026-01-10,Active,Family of Pooja
INS00150,CUST00087,INS001,HDFC Life Click 2 Protect,Life,HDFC Life,7212781,10144,Yearly,2022-03-24,2023-10-25,Active,Family of Jai
INS00151,CUST00088,INS004,HDFC ERGO Optima Family Floater,Health,HDFC ERGO,536285,10000,Yearly,2016-12-01,2019-11-22,Active,Family of Akanksha
INS00152,CUST00089,INS005,HDFC ERGO Optima Senior,Health,HDFC ERGO,833621,12000,Yearly,2021-10-20,2022-12-30,Active,Family of Roshni
INS00153,CUST00090,INS001,HDFC Life Click 2 Protect,Life,HDFC Life,19839739,21536,Yearly,2021-01-02,2026-06-20,Active,Family of Balram
INS00154,CUST00090,INS004,HDFC ERGO Optima Family Floater,Health,HDFC ERGO,8769703,52574,Yearly,2024-10-09,2022-06-03,Active,Family of Balram
INS00155,CUST00090,INS007,HDFC ERGO Motor Insurance,Motor,HDFC ERGO,3925162,4754,Yearly,2025-06-25,2021-04-09,Active,Family of Balram
INS00156,CUST00090,INS006,HDFC ERGO Travel Insurance,Travel,HDFC ERGO,32743896,4135,Yearly,2023-09-27,2024-09-13,Active,Family of Balram
INS00157,CUST00091,INS004,HDFC ERGO Optima Family Floater,Health,HDFC ERGO,15748139,16800,Yearly,2023-07-22,2026-07-11,Active,Family of Janhvi
INS00158,CUST00092,INS004,HDFC ERGO Optima Family Floater,Health,HDFC ERGO,1402658,10136,Yearly,2019-04-02,2024-04-12,Active,Family of Alok
INS00159,CUST00093,INS008,HDFC ERGO Personal Accident,Personal Accident,HDFC ERGO,1029082,6778,Yearly,2025-08-10,2027-04-02,Active,Family of Arun
INS00160,CUST00094,INS003,HDFC ERGO Optima Secure,Health,HDFC ERGO,11662058,23281,Yearly,2025-10-08,2027-07-08,Active,Family of Dhruv
INS00161,CUST00094,INS007,HDFC ERGO Motor Insurance,Motor,HDFC ERGO,4010801,25159,Yearly,2025-09-20,2027-03-11,Active,Family of Dhruv
INS00162,CUST00095,INS005,HDFC ERGO Optima Senior,Health,HDFC ERGO,711323,12000,Yearly,2021-01-05,2022-11-20,Active,Family of Chaitanya
INS00163,CUST00096,INS001,HDFC Life Click 2 Protect,Life,HDFC Life,7575106,6593,Yearly,2025-09-01,2021-02-11,Active,Family of Suhani
INS00164,CUST00096,INS004,HDFC ERGO Optima Family Floater,Health,HDFC ERGO,8534655,42747,Yearly,2020-10-17,2024-08-01,Active,Family of Suhani
INS00165,CUST00096,INS007,HDFC ERGO Motor Insurance,Motor,HDFC ERGO,567969,14394,Yearly,2024-03-13,2022-09-17,Active,Family of Suhani
INS00166,CUST00096,INS011,HDFC Life Young Star Child Plan,Child Insurance,HDFC Life,10182589,43352,Yearly,2020-12-09,2022-07-18,Active,Family of Suhani
INS00167,CUST00096,INS010,HDFC Life Click 2 Wealth ULIP,ULIP,HDFC Life,7046024,41461,Yearly,2022-06-25,2026-02-01,Active,Family of Suhani
INS00168,CUST00097,INS001,HDFC Life Click 2 Protect,Life,HDFC Life,2577060,6398,Yearly,2021-07-31,2024-11-27,Active,Family of Pranav
INS00169,CUST00098,INS004,HDFC ERGO Optima Family Floater,Health,HDFC ERGO,11447037,35923,Yearly,2020-06-18,2022-06-25,Active,Family of Charita
INS00170,CUST00098,INS006,HDFC ERGO Travel Insurance,Travel,HDFC ERGO,1807561,1997,Yearly,2019-12-05,2024-10-17,Active,Family of Charita
INS00171,CUST00098,INS011,HDFC Life Young Star Child Plan,Child Insurance,HDFC Life,20872545,50100,Yearly,2025-10-01,2023-08-04,Active,Family of Charita
INS00172,CUST00099,INS001,HDFC Life Click 2 Protect,Life,HDFC Life,6739954,23248,Yearly,2018-12-27,2019-06-24,Active,Family of Vaishnavi
INS00173,CUST00099,INS003,HDFC ERGO Optima Secure,Health,HDFC ERGO,7059282,34566,Yearly,2021-03-23,2025-10-09,Active,Family of Vaishnavi
INS00174,CUST00099,INS007,HDFC ERGO Motor Insurance,Motor,HDFC ERGO,4685175,4003,Yearly,2021-06-28,2022-07-09,Active,Family of Vaishnavi
INS00175,CUST00099,INS008,HDFC ERGO Personal Accident,Personal Accident,HDFC ERGO,2093561,6893,Yearly,2023-10-05,2023-10-31,Active,Family of Vaishnavi
INS00176,CUST00100,INS004,HDFC ERGO Optima Family Floater,Health,HDFC ERGO,1233670,10962,Yearly,2023-08-16,2027-04-02,Active,Family of Shalini
INS00177,CUST00100,INS007,HDFC ERGO Motor Insurance,Motor,HDFC ERGO,1142167,8014,Yearly,2024-05-15,2024-01-30,Active,Family of Shalini
INS00178,CUST00101,INS004,HDFC ERGO Optima Family Floater,Health,HDFC ERGO,6042780,29334,Yearly,2026-05-08,2025-04-18,Active,Family of Arun
INS00179,CUST00102,INS001,HDFC Life Click 2 Protect,Life,HDFC Life,4142133,38686,Yearly,2021-12-16,2025-01-17,Active,Family of Sachin
INS00180,CUST00102,INS004,HDFC ERGO Optima Family Floater,Health,HDFC ERGO,1680243,59042,Yearly,2020-05-12,2027-06-08,Active,Family of Sachin
INS00181,CUST00103,INS004,HDFC ERGO Optima Family Floater,Health,HDFC ERGO,636661,52273,Yearly,2024-10-25,2023-03-15,Active,Family of Kunal
INS00182,CUST00104,INS004,HDFC ERGO Optima Family Floater,Health,HDFC ERGO,16503831,34799,Yearly,2025-02-11,2024-11-24,Active,Family of Sanket
INS00183,CUST00104,INS006,HDFC ERGO Travel Insurance,Travel,HDFC ERGO,16901597,1138,Yearly,2026-01-20,2024-05-06,Active,Family of Sanket
INS00184,CUST00104,INS008,HDFC ERGO Personal Accident,Personal Accident,HDFC ERGO,2141846,8755,Yearly,2026-01-06,2025-10-11,Active,Family of Sanket
INS00185,CUST00105,INS001,HDFC Life Click 2 Protect,Life,HDFC Life,13564212,45132,Yearly,2020-10-30,2024-03-07,Active,Family of Eshan
INS00186,CUST00105,INS004,HDFC ERGO Optima Family Floater,Health,HDFC ERGO,12852877,30575,Yearly,2024-04-27,2026-07-09,Active,Family of Eshan
INS00187,CUST00105,INS006,HDFC ERGO Travel Insurance,Travel,HDFC ERGO,8119952,7235,Yearly,2025-09-24,2024-04-11,Active,Family of Eshan
INS00188,CUST00105,INS008,HDFC ERGO Personal Accident,Personal Accident,HDFC ERGO,5686980,8350,Yearly,2023-06-08,2025-07-01,Active,Family of Eshan
INS00189,CUST00106,INS004,HDFC ERGO Optima Family Floater,Health,HDFC ERGO,2653103,10143,Yearly,2022-06-08,2023-06-03,Active,Family of Mahi
INS00190,CUST00106,INS011,HDFC Life Young Star Child Plan,Child Insurance,HDFC Life,2280448,33365,Yearly,2026-03-10,2023-01-03,Active,Family of Mahi
INS00191,CUST00107,INS001,HDFC Life Click 2 Protect,Life,HDFC Life,3460539,15721,Yearly,2025-09-27,2026-03-06,Active,Family of Prachi
INS00192,CUST00108,INS001,HDFC Life Click 2 Protect,Life,HDFC Life,3389459,42809,Yearly,2026-06-23,2024-01-20,Active,Family of Sagar
INS00193,CUST00108,INS004,HDFC ERGO Optima Family Floater,Health,HDFC ERGO,7531100,56116,Yearly,2023-06-21,2025-03-29,Active,Family of Sagar
INS00194,CUST00108,INS008,HDFC ERGO Personal Accident,Personal Accident,HDFC ERGO,7495360,10803,Yearly,2026-01-04,2026-04-21,Active,Family of Sagar
INS00195,CUST00109,INS004,HDFC ERGO Optima Family Floater,Health,HDFC ERGO,15181635,17833,Yearly,2019-10-26,2020-07-13,Active,Family of Sourabh
INS00196,CUST00109,INS007,HDFC ERGO Motor Insurance,Motor,HDFC ERGO,725218,19144,Yearly,2025-04-21,2025-04-10,Active,Family of Sourabh
INS00197,CUST00109,INS011,HDFC Life Young Star Child Plan,Child Insurance,HDFC Life,2992111,46380,Yearly,2024-01-08,2024-10-03,Active,Family of Sourabh
INS00198,CUST00110,INS001,HDFC Life Click 2 Protect,Life,HDFC Life,5769227,38714,Yearly,2025-07-16,2026-04-28,Active,Family of Esha
INS00199,CUST00110,INS004,HDFC ERGO Optima Family Floater,Health,HDFC ERGO,1362111,38580,Yearly,2023-07-16,2023-06-09,Active,Family of Esha
INS00200,CUST00110,INS007,HDFC ERGO Motor Insurance,Motor,HDFC ERGO,967890,18313,Yearly,2025-07-17,2022-10-15,Active,Family of Esha
INS00201,CUST00111,INS004,HDFC ERGO Optima Family Floater,Health,HDFC ERGO,1020473,10000,Yearly,2025-04-08,2024-02-07,Active,Family of Deepti
INS00202,CUST00111,INS007,HDFC ERGO Motor Insurance,Motor,HDFC ERGO,124789,4446,Yearly,2023-03-20,2020-07-30,Active,Family of Deepti
INS00203,CUST00112,INS001,HDFC Life Click 2 Protect,Life,HDFC Life,10083690,23626,Yearly,2019-12-01,2025-09-23,Active,Family of Aakanksha
INS00204,CUST00113,INS004,HDFC ERGO Optima Family Floater,Health,HDFC ERGO,3564481,23703,Yearly,2022-03-15,2024-06-30,Active,Family of Tanish
INS00205,CUST00113,INS011,HDFC Life Young Star Child Plan,Child Insurance,HDFC Life,2018827,35277,Yearly,2019-12-10,2026-02-11,Active,Family of Tanish
INS00206,CUST00115,INS007,HDFC ERGO Motor Insurance,Motor,HDFC ERGO,230819,3000,Yearly,2023-06-05,2026-08-29,Active,Family of Akash
INS00207,CUST00115,INS006,HDFC ERGO Travel Insurance,Travel,HDFC ERGO,500000,1055,Yearly,2021-04-10,2022-09-08,Active,Family of Akash
INS00208,CUST00116,INS001,HDFC Life Click 2 Protect,Life,HDFC Life,9548915,15039,Yearly,2019-06-19,2026-10-10,Active,Family of Amar
INS00209,CUST00117,INS001,HDFC Life Click 2 Protect,Life,HDFC Life,13202184,10083,Yearly,2023-11-30,2025-06-14,Active,Family of Rakesh
INS00210,CUST00118,INS005,HDFC ERGO Optima Senior,Health,HDFC ERGO,926326,12000,Yearly,2025-09-03,2023-11-30,Active,Family of Komal
INS00211,CUST00118,INS006,HDFC ERGO Travel Insurance,Travel,HDFC ERGO,523307,1762,Yearly,2022-06-03,2021-08-03,Active,Family of Komal
INS00212,CUST00119,INS003,HDFC ERGO Optima Secure,Health,HDFC ERGO,530421,18179,Yearly,2024-10-05,2023-03-30,Active,Family of Kanchan
INS00213,CUST00120,INS007,HDFC ERGO Motor Insurance,Motor,HDFC ERGO,3873767,21967,Yearly,2025-07-19,2024-03-12,Active,Family of Vineeta
INS00214,CUST00120,INS008,HDFC ERGO Personal Accident,Personal Accident,HDFC ERGO,5180151,9309,Yearly,2025-12-28,2024-05-13,Active,Family of Vineeta
INS00215,CUST00121,INS004,HDFC ERGO Optima Family Floater,Health,HDFC ERGO,8011013,45671,Yearly,2022-11-08,2025-01-24,Active,Family of Keshav
INS00216,CUST00121,INS006,HDFC ERGO Travel Insurance,Travel,HDFC ERGO,26506720,9480,Yearly,2020-12-04,2021-07-03,Active,Family of Keshav
INS00217,CUST00121,INS011,HDFC Life Young Star Child Plan,Child Insurance,HDFC Life,12780093,50662,Yearly,2022-07-11,2023-05-24,Active,Family of Keshav
INS00218,CUST00122,INS004,HDFC ERGO Optima Family Floater,Health,HDFC ERGO,8102276,14043,Yearly,2026-03-31,2027-07-17,Active,Family of Anshul
INS00219,CUST00122,INS006,HDFC ERGO Travel Insurance,Travel,HDFC ERGO,7116222,1717,Yearly,2026-03-12,2026-04-01,Active,Family of Anshul
INS00220,CUST00122,INS008,HDFC ERGO Personal Accident,Personal Accident,HDFC ERGO,3603349,2599,Yearly,2024-08-18,2026-03-18,Active,Family of Anshul
INS00221,CUST00123,INS003,HDFC ERGO Optima Secure,Health,HDFC ERGO,10091100,37339,Yearly,2022-09-23,2026-09-16,Active,Family of Anushka
INS00222,CUST00124,INS007,HDFC ERGO Motor Insurance,Motor,HDFC ERGO,4531632,20859,Yearly,2019-10-03,2026-06-15,Active,Family of Dhruv
INS00223,CUST00125,INS008,HDFC ERGO Personal Accident,Personal Accident,HDFC ERGO,2509632,9793,Yearly,2024-07-29,2024-11-10,Active,Family of Lakshya
INS00224,CUST00126,INS001,HDFC Life Click 2 Protect,Life,HDFC Life,2937843,30845,Yearly,2026-04-14,2025-06-28,Active,Family of Mohit
INS00225,CUST00126,INS006,HDFC ERGO Travel Insurance,Travel,HDFC ERGO,5792494,1398,Yearly,2026-02-07,2027-06-08,Active,Family of Mohit
INS00226,CUST00128,INS004,HDFC ERGO Optima Family Floater,Health,HDFC ERGO,9160318,12132,Yearly,2024-07-13,2026-07-08,Active,Family of Ananya
INS00227,CUST00128,INS006,HDFC ERGO Travel Insurance,Travel,HDFC ERGO,18852262,7399,Yearly,2026-02-10,2026-08-17,Active,Family of Ananya
INS00228,CUST00129,INS003,HDFC ERGO Optima Secure,Health,HDFC ERGO,3292127,7450,Yearly,2022-07-18,2023-07-10,Active,Family of Vineeta
INS00229,CUST00131,INS007,HDFC ERGO Motor Insurance,Motor,HDFC ERGO,2591071,8938,Yearly,2023-10-27,2023-09-11,Active,Family of Bhumika
INS00230,CUST00131,INS009,HDFC ERGO Home Insurance,Home,HDFC ERGO,2294099,14687,Yearly,2026-04-18,2024-07-11,Active,Family of Bhumika
INS00231,CUST00132,INS001,HDFC Life Click 2 Protect,Life,HDFC Life,2983348,10014,Yearly,2023-09-28,2025-08-30,Active,Family of Bhavana
INS00232,CUST00132,INS008,HDFC ERGO Personal Accident,Personal Accident,HDFC ERGO,993011,6628,Yearly,2026-05-22,2022-10-29,Active,Family of Bhavana
INS00233,CUST00133,INS001,HDFC Life Click 2 Protect,Life,HDFC Life,2682169,14450,Yearly,2022-12-23,2024-11-15,Active,Family of Aditi
INS00234,CUST00134,INS001,HDFC Life Click 2 Protect,Life,HDFC Life,3245511,19953,Yearly,2026-02-20,2025-01-10,Active,Family of Santosh
INS00235,CUST00135,INS004,HDFC ERGO Optima Family Floater,Health,HDFC ERGO,1110820,10000,Yearly,2024-10-25,2024-05-03,Active,Family of Pragya
INS00236,CUST00135,INS007,HDFC ERGO Motor Insurance,Motor,HDFC ERGO,1059397,7723,Yearly,2024-01-09,2027-06-22,Active,Family of Pragya
INS00237,CUST00136,INS004,HDFC ERGO Optima Family Floater,Health,HDFC ERGO,6069938,20710,Yearly,2020-02-08,2021-12-19,Active,Family of Aastha
INS00238,CUST00136,INS010,HDFC Life Click 2 Wealth ULIP,ULIP,HDFC Life,14941080,94928,Yearly,2019-08-05,2026-10-05,Active,Family of Aastha
INS00239,CUST00137,INS001,HDFC Life Click 2 Protect,Life,HDFC Life,4768384,24953,Yearly,2025-12-16,2026-11-15,Active,Family of Isha
INS00240,CUST00137,INS007,HDFC ERGO Motor Insurance,Motor,HDFC ERGO,3015990,16429,Yearly,2024-11-21,2027-01-21,Active,Family of Isha
INS00241,CUST00138,INS001,HDFC Life Click 2 Protect,Life,HDFC Life,21785607,46476,Yearly,2025-12-19,2023-10-11,Active,Family of Akanksha
INS00242,CUST00138,INS004,HDFC ERGO Optima Family Floater,Health,HDFC ERGO,7544466,33472,Yearly,2024-11-17,2025-12-04,Active,Family of Akanksha
INS00243,CUST00138,INS006,HDFC ERGO Travel Insurance,Travel,HDFC ERGO,8235912,7618,Yearly,2023-11-09,2025-01-31,Active,Family of Akanksha
INS00244,CUST00138,INS008,HDFC ERGO Personal Accident,Personal Accident,HDFC ERGO,6455113,10229,Yearly,2026-07-19,2025-11-18,Active,Family of Akanksha
INS00245,CUST00139,INS001,HDFC Life Click 2 Protect,Life,HDFC Life,4194962,33828,Yearly,2026-01-19,2026-12-15,Active,Family of Jay
INS00246,CUST00140,INS004,HDFC ERGO Optima Family Floater,Health,HDFC ERGO,1293588,20812,Yearly,2024-10-04,2024-10-25,Active,Family of Ragini
INS00247,CUST00141,INS001,HDFC Life Click 2 Protect,Life,HDFC Life,5978186,49345,Yearly,2024-10-15,2026-10-27,Active,Family of Aditya
INS00248,CUST00141,INS004,HDFC ERGO Optima Family Floater,Health,HDFC ERGO,6150849,50310,Yearly,2025-10-27,2025-12-16,Active,Family of Aditya
INS00249,CUST00141,INS007,HDFC ERGO Motor Insurance,Motor,HDFC ERGO,4821798,21229,Yearly,2025-02-15,2026-01-18,Active,Family of Aditya
INS00250,CUST00142,INS001,HDFC Life Click 2 Protect,Life,HDFC Life,60319841,39039,Yearly,2022-11-20,2027-07-08,Active,Family of Sharanya
INS00251,CUST00142,INS007,HDFC ERGO Motor Insurance,Motor,HDFC ERGO,1843762,17495,Yearly,2020-03-03,2024-01-29,Active,Family of Sharanya
INS00252,CUST00143,INS001,HDFC Life Click 2 Protect,Life,HDFC Life,11552346,20322,Yearly,2023-11-09,2026-09-10,Active,Family of Mahi
INS00253,CUST00143,INS007,HDFC ERGO Motor Insurance,Motor,HDFC ERGO,2831179,28263,Yearly,2022-02-12,2025-03-12,Active,Family of Mahi
INS00254,CUST00143,INS006,HDFC ERGO Travel Insurance,Travel,HDFC ERGO,7026187,5935,Yearly,2023-11-01,2024-04-26,Active,Family of Mahi
INS00255,CUST00143,INS011,HDFC Life Young Star Child Plan,Child Insurance,HDFC Life,7923952,45084,Yearly,2024-06-04,2026-11-12,Active,Family of Mahi
INS00256,CUST00144,INS001,HDFC Life Click 2 Protect,Life,HDFC Life,3255089,39151,Yearly,2022-02-28,2023-11-02,Active,Family of Ayush
INS00257,CUST00144,INS010,HDFC Life Click 2 Wealth ULIP,ULIP,HDFC Life,7250500,55256,Yearly,2022-06-10,2024-06-16,Active,Family of Ayush
INS00258,CUST00145,INS001,HDFC Life Click 2 Protect,Life,HDFC Life,5642406,25686,Yearly,2018-10-16,2020-01-29,Active,Family of Charita
INS00259,CUST00145,INS004,HDFC ERGO Optima Family Floater,Health,HDFC ERGO,4542640,21099,Yearly,2020-12-13,2025-08-08,Active,Family of Charita
INS00260,CUST00145,INS007,HDFC ERGO Motor Insurance,Motor,HDFC ERGO,675290,4021,Yearly,2020-11-08,2023-02-01,Active,Family of Charita
INS00261,CUST00145,INS011,HDFC Life Young Star Child Plan,Child Insurance,HDFC Life,1277142,37759,Yearly,2022-12-28,2026-01-20,Active,Family of Charita
INS00262,CUST00146,INS003,HDFC ERGO Optima Secure,Health,HDFC ERGO,7463742,20418,Yearly,2026-03-20,2023-06-12,Active,Family of Atharv
INS00263,CUST00146,INS007,HDFC ERGO Motor Insurance,Motor,HDFC ERGO,2444184,9380,Yearly,2024-11-21,2024-08-20,Active,Family of Atharv
INS00264,CUST00146,INS006,HDFC ERGO Travel Insurance,Travel,HDFC ERGO,9398181,9716,Yearly,2021-11-21,2026-05-23,Active,Family of Atharv
INS00265,CUST00146,INS008,HDFC ERGO Personal Accident,Personal Accident,HDFC ERGO,8519517,4993,Yearly,2025-06-13,2023-01-25,Active,Family of Atharv
INS00266,CUST00149,INS001,HDFC Life Click 2 Protect,Life,HDFC Life,13021004,17486,Yearly,2023-12-28,2022-03-26,Active,Family of Abhay
INS00267,CUST00149,INS004,HDFC ERGO Optima Family Floater,Health,HDFC ERGO,7052080,59332,Yearly,2024-10-15,2019-12-19,Active,Family of Abhay
INS00268,CUST00149,INS006,HDFC ERGO Travel Insurance,Travel,HDFC ERGO,7055631,2068,Yearly,2021-03-18,2024-07-24,Active,Family of Abhay
INS00269,CUST00149,INS008,HDFC ERGO Personal Accident,Personal Accident,HDFC ERGO,7225217,11822,Yearly,2019-05-23,2024-04-08,Active,Family of Abhay
INS00270,CUST00150,INS001,HDFC Life Click 2 Protect,Life,HDFC Life,5506470,7842,Yearly,2025-02-01,2026-07-30,Active,Family of Darshan
INS00271,CUST00150,INS004,HDFC ERGO Optima Family Floater,Health,HDFC ERGO,2203550,15875,Yearly,2025-08-17,2026-02-05,Active,Family of Darshan
INS00272,CUST00151,INS004,HDFC ERGO Optima Family Floater,Health,HDFC ERGO,3187186,21441,Yearly,2025-08-15,2018-07-04,Active,Family of Rohan
INS00273,CUST00151,INS006,HDFC ERGO Travel Insurance,Travel,HDFC ERGO,3813576,9318,Yearly,2022-02-09,2023-05-29,Active,Family of Rohan
INS00274,CUST00152,INS003,HDFC ERGO Optima Secure,Health,HDFC ERGO,5502756,38374,Yearly,2022-01-26,2023-01-11,Active,Family of Mahima
INS00275,CUST00152,INS010,HDFC Life Click 2 Wealth ULIP,ULIP,HDFC Life,18162604,85071,Yearly,2026-03-01,2025-10-15,Active,Family of Mahima
INS00276,CUST00153,INS001,HDFC Life Click 2 Protect,Life,HDFC Life,6810479,10387,Yearly,2026-02-27,2024-03-15,Active,Family of Kavya
INS00277,CUST00153,INS004,HDFC ERGO Optima Family Floater,Health,HDFC ERGO,14241188,51652,Yearly,2022-05-30,2022-10-24,Active,Family of Kavya
INS00278,CUST00156,INS004,HDFC ERGO Optima Family Floater,Health,HDFC ERGO,638432,10000,Yearly,2025-10-27,2023-12-05,Active,Family of Vidhi
INS00279,CUST00160,INS003,HDFC ERGO Optima Secure,Health,HDFC ERGO,3906129,38113,Yearly,2021-08-31,2024-01-22,Active,Family of Ananya
INS00280,CUST00160,INS006,HDFC ERGO Travel Insurance,Travel,HDFC ERGO,1187845,1728,Yearly,2022-04-11,2025-06-09,Active,Family of Ananya
INS00281,CUST00160,INS008,HDFC ERGO Personal Accident,Personal Accident,HDFC ERGO,4909805,6545,Yearly,2026-06-11,2022-01-08,Active,Family of Ananya
INS00282,CUST00161,INS001,HDFC Life Click 2 Protect,Life,HDFC Life,29375875,7952,Yearly,2020-03-15,2021-05-05,Active,Family of Kunal
INS00283,CUST00161,INS004,HDFC ERGO Optima Family Floater,Health,HDFC ERGO,10752645,38334,Yearly,2020-09-05,2026-09-26,Active,Family of Kunal
INS00284,CUST00161,INS007,HDFC ERGO Motor Insurance,Motor,HDFC ERGO,4369106,14922,Yearly,2022-07-05,2025-07-14,Active,Family of Kunal
INS00285,CUST00162,INS001,HDFC Life Click 2 Protect,Life,HDFC Life,5377480,39324,Yearly,2026-01-10,2026-08-22,Active,Family of Ishaan
INS00286,CUST00162,INS004,HDFC ERGO Optima Family Floater,Health,HDFC ERGO,8904621,32725,Yearly,2024-05-16,2025-12-07,Active,Family of Ishaan
INS00287,CUST00163,INS001,HDFC Life Click 2 Protect,Life,HDFC Life,9183435,39355,Yearly,2025-03-29,2025-09-30,Active,Family of Riddhi
INS00288,CUST00163,INS004,HDFC ERGO Optima Family Floater,Health,HDFC ERGO,6082889,26954,Yearly,2023-08-18,2025-10-21,Active,Family of Riddhi
INS00289,CUST00163,INS007,HDFC ERGO Motor Insurance,Motor,HDFC ERGO,3030959,29697,Yearly,2025-01-16,2024-08-28,Active,Family of Riddhi
INS00290,CUST00163,INS008,HDFC ERGO Personal Accident,Personal Accident,HDFC ERGO,9427085,5261,Yearly,2024-09-08,2025-08-03,Active,Family of Riddhi
INS00291,CUST00164,INS001,HDFC Life Click 2 Protect,Life,HDFC Life,42405298,26998,Yearly,2026-01-12,2026-11-25,Active,Family of Jay
INS00292,CUST00164,INS004,HDFC ERGO Optima Family Floater,Health,HDFC ERGO,19812792,59670,Yearly,2026-03-23,2026-12-03,Active,Family of Jay
INS00293,CUST00164,INS007,HDFC ERGO Motor Insurance,Motor,HDFC ERGO,277404,5909,Yearly,2026-01-28,2027-07-06,Active,Family of Jay
INS00294,CUST00165,INS004,HDFC ERGO Optima Family Floater,Health,HDFC ERGO,7829005,16216,Yearly,2026-02-25,2025-11-11,Active,Family of Deepak
INS00295,CUST00165,INS007,HDFC ERGO Motor Insurance,Motor,HDFC ERGO,3973194,19121,Yearly,2025-04-07,2026-07-29,Active,Family of Deepak
INS00296,CUST00165,INS010,HDFC Life Click 2 Wealth ULIP,ULIP,HDFC Life,7449170,120523,Yearly,2025-04-02,2026-12-14,Active,Family of Deepak
INS00297,CUST00166,INS007,HDFC ERGO Motor Insurance,Motor,HDFC ERGO,3371224,24732,Yearly,2024-03-18,2025-02-25,Active,Family of Neel
INS00298,CUST00166,INS006,HDFC ERGO Travel Insurance,Travel,HDFC ERGO,12985701,8568,Yearly,2025-09-08,2025-08-07,Active,Family of Neel
INS00299,CUST00167,INS001,HDFC Life Click 2 Protect,Life,HDFC Life,3374430,35337,Yearly,2024-11-23,2025-07-05,Active,Family of Muskan
INS00300,CUST00167,INS004,HDFC ERGO Optima Family Floater,Health,HDFC ERGO,5767672,38389,Yearly,2026-02-22,2026-06-09,Active,Family of Muskan
INS00301,CUST00167,INS007,HDFC ERGO Motor Insurance,Motor,HDFC ERGO,2837688,21298,Yearly,2024-06-13,2025-07-01,Active,Family of Muskan
INS00302,CUST00168,INS004,HDFC ERGO Optima Family Floater,Health,HDFC ERGO,2535971,16197,Yearly,2024-03-25,2023-07-08,Active,Family of Mayank
INS00303,CUST00169,INS004,HDFC ERGO Optima Family Floater,Health,HDFC ERGO,5463947,21090,Yearly,2021-04-08,2024-07-16,Active,Family of Gopal
INS00304,CUST00169,INS007,HDFC ERGO Motor Insurance,Motor,HDFC ERGO,1139629,19819,Yearly,2025-07-21,2025-06-27,Active,Family of Gopal
INS00305,CUST00170,INS001,HDFC Life Click 2 Protect,Life,HDFC Life,2528062,15893,Yearly,2025-05-29,2026-04-27,Active,Family of Sakshi
INS00306,CUST00171,INS001,HDFC Life Click 2 Protect,Life,HDFC Life,20293490,32942,Yearly,2021-10-27,2026-12-05,Active,Family of Trisha
INS00307,CUST00171,INS004,HDFC ERGO Optima Family Floater,Health,HDFC ERGO,16893989,37641,Yearly,2020-12-03,2022-05-02,Active,Family of Trisha
INS00308,CUST00171,INS006,HDFC ERGO Travel Insurance,Travel,HDFC ERGO,11825023,989,Yearly,2024-08-28,2025-06-10,Active,Family of Trisha
INS00309,CUST00172,INS004,HDFC ERGO Optima Family Floater,Health,HDFC ERGO,14417077,37172,Yearly,2025-08-17,2025-05-08,Active,Family of Jai
INS00310,CUST00172,INS008,HDFC ERGO Personal Accident,Personal Accident,HDFC ERGO,2037762,14665,Yearly,2024-04-13,2026-08-10,Active,Family of Jai
INS00311,CUST00174,INS004,HDFC ERGO Optima Family Floater,Health,HDFC ERGO,1490711,10039,Yearly,2025-02-05,2019-11-12,Active,Family of Uday
INS00312,CUST00174,INS008,HDFC ERGO Personal Accident,Personal Accident,HDFC ERGO,3079237,10221,Yearly,2019-10-19,2022-09-22,Active,Family of Uday
INS00313,CUST00175,INS001,HDFC Life Click 2 Protect,Life,HDFC Life,3783269,10787,Yearly,2026-07-01,2023-09-17,Active,Family of Rekha
INS00314,CUST00175,INS004,HDFC ERGO Optima Family Floater,Health,HDFC ERGO,2322229,29983,Yearly,2025-09-19,2025-06-17,Active,Family of Rekha
INS00315,CUST00175,INS008,HDFC ERGO Personal Accident,Personal Accident,HDFC ERGO,3270599,6858,Yearly,2025-10-19,2024-09-20,Active,Family of Rekha
INS00316,CUST00177,INS001,HDFC Life Click 2 Protect,Life,HDFC Life,2500000,7700,Yearly,2026-02-08,2025-12-27,Active,Family of Aakanksha
INS00317,CUST00177,INS004,HDFC ERGO Optima Family Floater,Health,HDFC ERGO,1442367,10666,Yearly,2026-07-18,2026-01-25,Active,Family of Aakanksha
INS00318,CUST00178,INS001,HDFC Life Click 2 Protect,Life,HDFC Life,8720204,42646,Yearly,2023-05-16,2023-11-17,Active,Family of Khushi
INS00319,CUST00178,INS004,HDFC ERGO Optima Family Floater,Health,HDFC ERGO,1228200,53083,Yearly,2025-12-25,2021-10-10,Active,Family of Khushi
INS00320,CUST00178,INS006,HDFC ERGO Travel Insurance,Travel,HDFC ERGO,21941584,5687,Yearly,2017-07-08,2024-01-20,Active,Family of Khushi
INS00321,CUST00178,INS008,HDFC ERGO Personal Accident,Personal Accident,HDFC ERGO,3646348,5810,Yearly,2019-01-16,2027-04-20,Active,Family of Khushi
INS00322,CUST00179,INS008,HDFC ERGO Personal Accident,Personal Accident,HDFC ERGO,1032297,3975,Yearly,2025-07-14,2025-01-26,Active,Family of Sanjana
INS00323,CUST00180,INS004,HDFC ERGO Optima Family Floater,Health,HDFC ERGO,13979022,23188,Yearly,2025-01-10,2026-12-11,Active,Family of Esha
INS00324,CUST00180,INS006,HDFC ERGO Travel Insurance,Travel,HDFC ERGO,17313905,2884,Yearly,2026-01-21,2026-09-12,Active,Family of Esha
INS00325,CUST00180,INS011,HDFC Life Young Star Child Plan,Child Insurance,HDFC Life,9817790,139774,Yearly,2024-12-08,2026-06-18,Active,Family of Esha
INS00326,CUST00182,INS001,HDFC Life Click 2 Protect,Life,HDFC Life,8424569,12095,Yearly,2024-10-07,2022-05-24,Active,Family of Rajesh
INS00327,CUST00182,INS004,HDFC ERGO Optima Family Floater,Health,HDFC ERGO,3463486,27787,Yearly,2023-04-15,2027-07-06,Active,Family of Rajesh
INS00328,CUST00183,INS007,HDFC ERGO Motor Insurance,Motor,HDFC ERGO,4622104,24035,Yearly,2020-09-13,2021-10-10,Active,Family of Yamini
INS00329,CUST00184,INS004,HDFC ERGO Optima Family Floater,Health,HDFC ERGO,500000,10000,Yearly,2022-11-11,2025-10-12,Active,Family of Pranita
INS00330,CUST00185,INS004,HDFC ERGO Optima Family Floater,Health,HDFC ERGO,1485998,10654,Yearly,2018-07-25,2026-01-24,Active,Family of Manisha
INS00331,CUST00185,INS011,HDFC Life Young Star Child Plan,Child Insurance,HDFC Life,1070452,30639,Yearly,2024-11-16,2022-05-22,Active,Family of Manisha
INS00332,CUST00186,INS007,HDFC ERGO Motor Insurance,Motor,HDFC ERGO,381294,10604,Yearly,2025-10-21,2027-06-26,Active,Family of Hrithik
INS00333,CUST00187,INS001,HDFC Life Click 2 Protect,Life,HDFC Life,3447960,13566,Yearly,2022-06-25,2026-02-19,Active,Family of Zoya
INS00334,CUST00187,INS003,HDFC ERGO Optima Secure,Health,HDFC ERGO,4268788,39396,Yearly,2020-02-24,2023-08-01,Active,Family of Zoya
INS00335,CUST00188,INS001,HDFC Life Click 2 Protect,Life,HDFC Life,3992635,26724,Yearly,2026-03-18,2026-11-09,Active,Family of Parth
INS00336,CUST00188,INS003,HDFC ERGO Optima Secure,Health,HDFC ERGO,8736936,24138,Yearly,2025-12-21,2027-04-16,Active,Family of Parth
INS00337,CUST00189,INS001,HDFC Life Click 2 Protect,Life,HDFC Life,7798953,35109,Yearly,2018-10-03,2026-02-18,Active,Family of Garima
INS00338,CUST00189,INS003,HDFC ERGO Optima Secure,Health,HDFC ERGO,6811426,8270,Yearly,2022-06-17,2025-10-28,Active,Family of Garima
INS00339,CUST00190,INS007,HDFC ERGO Motor Insurance,Motor,HDFC ERGO,2158731,8099,Yearly,2023-06-16,2026-03-21,Active,Family of Gaurav
INS00340,CUST00191,INS001,HDFC Life Click 2 Protect,Life,HDFC Life,2983424,9044,Yearly,2025-07-12,2026-01-07,Active,Family of Deepa
INS00341,CUST00191,INS008,HDFC ERGO Personal Accident,Personal Accident,HDFC ERGO,2889142,5595,Yearly,2025-03-17,2024-08-20,Active,Family of Deepa
INS00342,CUST00192,INS003,HDFC ERGO Optima Secure,Health,HDFC ERGO,4158461,28114,Yearly,2026-02-02,2027-05-19,Active,Family of Atharv
INS00343,CUST00193,INS001,HDFC Life Click 2 Protect,Life,HDFC Life,4934316,12399,Yearly,2024-03-07,2025-09-02,Active,Family of Darshan
INS00344,CUST00193,INS004,HDFC ERGO Optima Family Floater,Health,HDFC ERGO,2315287,15510,Yearly,2026-02-28,2026-04-24,Active,Family of Darshan
INS00345,CUST00193,INS006,HDFC ERGO Travel Insurance,Travel,HDFC ERGO,5374459,9957,Yearly,2024-05-28,2026-07-02,Active,Family of Darshan
INS00346,CUST00193,INS008,HDFC ERGO Personal Accident,Personal Accident,HDFC ERGO,3957683,4259,Yearly,2024-10-10,2025-04-21,Active,Family of Darshan
INS00347,CUST00193,INS011,HDFC Life Young Star Child Plan,Child Insurance,HDFC Life,7452885,23955,Yearly,2024-04-30,2027-03-05,Active,Family of Darshan
INS00348,CUST00194,INS004,HDFC ERGO Optima Family Floater,Health,HDFC ERGO,1809340,16821,Yearly,2021-02-23,2026-11-13,Active,Family of Pranita
INS00349,CUST00197,INS004,HDFC ERGO Optima Family Floater,Health,HDFC ERGO,500000,10000,Yearly,2024-12-19,2020-03-14,Active,Family of Parth
INS00350,CUST00198,INS003,HDFC ERGO Optima Secure,Health,HDFC ERGO,4422339,16238,Yearly,2026-06-29,2025-08-19,Active,Family of Saloni
INS00351,CUST00199,INS004,HDFC ERGO Optima Family Floater,Health,HDFC ERGO,1039397,12502,Yearly,2021-07-05,2024-04-16,Active,Family of Rashmi
INS00352,CUST00200,INS004,HDFC ERGO Optima Family Floater,Health,HDFC ERGO,2612325,11994,Yearly,2025-04-06,2027-06-17,Active,Family of Sumit
INS00353,CUST00200,INS007,HDFC ERGO Motor Insurance,Motor,HDFC ERGO,1279998,7664,Yearly,2025-09-29,2026-10-24,Active,Family of Sumit
INS00354,CUST00201,INS001,HDFC Life Click 2 Protect,Life,HDFC Life,2507300,13159,Yearly,2025-11-29,2023-07-21,Active,Family of Abhay
INS00355,CUST00201,INS004,HDFC ERGO Optima Family Floater,Health,HDFC ERGO,1771556,12505,Yearly,2026-01-18,2023-06-27,Active,Family of Abhay
INS00356,CUST00202,INS001,HDFC Life Click 2 Protect,Life,HDFC Life,12676763,42216,Yearly,2024-06-27,2024-12-13,Active,Family of Sumit
INS00357,CUST00202,INS006,HDFC ERGO Travel Insurance,Travel,HDFC ERGO,5199370,837,Yearly,2022-04-28,2025-11-18,Active,Family of Sumit
INS00358,CUST00203,INS001,HDFC Life Click 2 Protect,Life,HDFC Life,11000660,23201,Yearly,2025-05-03,2025-08-19,Active,Family of Khushi
INS00359,CUST00203,INS004,HDFC ERGO Optima Family Floater,Health,HDFC ERGO,2461408,33674,Yearly,2025-08-25,2025-09-16,Active,Family of Khushi
INS00360,CUST00205,INS001,HDFC Life Click 2 Protect,Life,HDFC Life,6979182,25945,Yearly,2021-07-19,2017-01-08,Active,Family of Sakshi
INS00361,CUST00205,INS004,HDFC ERGO Optima Family Floater,Health,HDFC ERGO,12381731,43826,Yearly,2024-06-24,2026-06-10,Active,Family of Sakshi
INS00362,CUST00206,INS007,HDFC ERGO Motor Insurance,Motor,HDFC ERGO,271586,6960,Yearly,2023-07-02,2023-05-04,Active,Family of Kavita
INS00363,CUST00207,INS004,HDFC ERGO Optima Family Floater,Health,HDFC ERGO,3256784,25823,Yearly,2020-03-11,2025-01-19,Active,Family of Tarun
INS00364,CUST00208,INS001,HDFC Life Click 2 Protect,Life,HDFC Life,2624125,11279,Yearly,2020-09-07,2026-05-18,Active,Family of Gaurav
INS00365,CUST00209,INS004,HDFC ERGO Optima Family Floater,Health,HDFC ERGO,1822054,12262,Yearly,2018-02-01,2025-05-05,Active,Family of Kartik
INS00366,CUST00209,INS008,HDFC ERGO Personal Accident,Personal Accident,HDFC ERGO,1581436,7014,Yearly,2018-04-15,2025-03-16,Active,Family of Kartik
INS00367,CUST00210,INS004,HDFC ERGO Optima Family Floater,Health,HDFC ERGO,5777836,31590,Yearly,2022-12-29,2025-04-11,Active,Family of Zoya
INS00368,CUST00211,INS001,HDFC Life Click 2 Protect,Life,HDFC Life,3603184,24312,Yearly,2025-12-02,2026-06-04,Active,Family of Srinivas
INS00369,CUST00211,INS004,HDFC ERGO Optima Family Floater,Health,HDFC ERGO,4630052,41022,Yearly,2026-04-15,2027-04-09,Active,Family of Srinivas
INS00370,CUST00211,INS007,HDFC ERGO Motor Insurance,Motor,HDFC ERGO,2394055,28513,Yearly,2026-07-03,2027-01-04,Active,Family of Srinivas
INS00371,CUST00212,INS004,HDFC ERGO Optima Family Floater,Health,HDFC ERGO,6547539,20299,Yearly,2025-08-09,2026-11-20,Active,Family of Sourabh
INS00372,CUST00212,INS006,HDFC ERGO Travel Insurance,Travel,HDFC ERGO,1514125,7612,Yearly,2026-07-03,2026-07-08,Active,Family of Sourabh
INS00373,CUST00212,INS008,HDFC ERGO Personal Accident,Personal Accident,HDFC ERGO,4742493,11858,Yearly,2026-03-17,2025-12-24,Active,Family of Sourabh
INS00374,CUST00213,INS009,HDFC ERGO Home Insurance,Home,HDFC ERGO,18253100,5488,Yearly,2019-05-20,2019-04-22,Active,Family of Shivam
INS00375,CUST00213,INS010,HDFC Life Click 2 Wealth ULIP,ULIP,HDFC Life,20622636,79909,Yearly,2019-02-27,2022-03-28,Active,Family of Shivam
INS00376,CUST00214,INS001,HDFC Life Click 2 Protect,Life,HDFC Life,7840952,18775,Yearly,2023-09-24,2019-11-11,Active,Family of Prachi
INS00377,CUST00214,INS004,HDFC ERGO Optima Family Floater,Health,HDFC ERGO,4345954,59283,Yearly,2025-01-31,2024-01-20,Active,Family of Prachi
INS00378,CUST00214,INS008,HDFC ERGO Personal Accident,Personal Accident,HDFC ERGO,9224649,8716,Yearly,2018-04-24,2023-09-16,Active,Family of Prachi
INS00379,CUST00215,INS001,HDFC Life Click 2 Protect,Life,HDFC Life,3366900,27274,Yearly,2026-05-02,2026-12-23,Active,Family of Kavita
INS00380,CUST00215,INS004,HDFC ERGO Optima Family Floater,Health,HDFC ERGO,8114650,55241,Yearly,2025-09-14,2027-05-21,Active,Family of Kavita
INS00381,CUST00216,INS008,HDFC ERGO Personal Accident,Personal Accident,HDFC ERGO,549439,7008,Yearly,2024-02-17,2025-09-30,Active,Family of Naman
INS00382,CUST00217,INS004,HDFC ERGO Optima Family Floater,Health,HDFC ERGO,2139245,14064,Yearly,2024-07-07,2022-10-20,Active,Family of Nidhi
INS00383,CUST00218,INS001,HDFC Life Click 2 Protect,Life,HDFC Life,12982643,34333,Yearly,2024-12-28,2027-02-28,Active,Family of Sonia
INS00384,CUST00218,INS004,HDFC ERGO Optima Family Floater,Health,HDFC ERGO,11137798,45256,Yearly,2024-12-08,2026-08-09,Active,Family of Sonia
INS00385,CUST00218,INS007,HDFC ERGO Motor Insurance,Motor,HDFC ERGO,1443080,5375,Yearly,2025-02-10,2026-12-10,Active,Family of Sonia
INS00386,CUST00219,INS001,HDFC Life Click 2 Protect,Life,HDFC Life,2826126,21329,Yearly,2025-04-23,2027-01-17,Active,Family of Om
INS00387,CUST00219,INS006,HDFC ERGO Travel Insurance,Travel,HDFC ERGO,25156480,2386,Yearly,2025-08-07,2026-06-21,Active,Family of Om
INS00388,CUST00220,INS008,HDFC ERGO Personal Accident,Personal Accident,HDFC ERGO,1229968,9664,Yearly,2021-09-27,2018-06-15,Active,Family of Mahi
INS00389,CUST00220,INS011,HDFC Life Young Star Child Plan,Child Insurance,HDFC Life,6830500,37849,Yearly,2018-01-27,2027-04-15,Active,Family of Mahi
INS00390,CUST00221,INS004,HDFC ERGO Optima Family Floater,Health,HDFC ERGO,3256756,21273,Yearly,2022-08-04,2018-04-19,Active,Family of Ayush
INS00391,CUST00221,INS007,HDFC ERGO Motor Insurance,Motor,HDFC ERGO,1935450,26388,Yearly,2021-12-15,2026-03-30,Active,Family of Ayush
INS00392,CUST00222,INS001,HDFC Life Click 2 Protect,Life,HDFC Life,18399235,29408,Yearly,2024-03-20,2022-01-01,Active,Family of Sana
INS00393,CUST00222,INS004,HDFC ERGO Optima Family Floater,Health,HDFC ERGO,16628203,26495,Yearly,2020-07-26,2017-09-02,Active,Family of Sana
INS00394,CUST00223,INS001,HDFC Life Click 2 Protect,Life,HDFC Life,4365952,21198,Yearly,2022-12-31,2023-05-30,Active,Family of Arun
INS00395,CUST00223,INS007,HDFC ERGO Motor Insurance,Motor,HDFC ERGO,2105425,21568,Yearly,2023-04-08,2027-07-06,Active,Family of Arun
INS00396,CUST00223,INS009,HDFC ERGO Home Insurance,Home,HDFC ERGO,17556061,5671,Yearly,2023-05-21,2026-08-29,Active,Family of Arun
INS00397,CUST00223,INS006,HDFC ERGO Travel Insurance,Travel,HDFC ERGO,8942024,6294,Yearly,2024-09-21,2025-11-22,Active,Family of Arun
INS00398,CUST00225,INS001,HDFC Life Click 2 Protect,Life,HDFC Life,18782166,12662,Yearly,2024-04-16,2023-10-22,Active,Family of Vaishnavi
INS00399,CUST00225,INS004,HDFC ERGO Optima Family Floater,Health,HDFC ERGO,19444476,41548,Yearly,2025-10-29,2025-06-22,Active,Family of Vaishnavi
INS00400,CUST00225,INS006,HDFC ERGO Travel Insurance,Travel,HDFC ERGO,3086319,8601,Yearly,2024-06-24,2027-03-09,Active,Family of Vaishnavi
INS00401,CUST00225,INS008,HDFC ERGO Personal Accident,Personal Accident,HDFC ERGO,5748047,14388,Yearly,2025-10-02,2026-12-26,Active,Family of Vaishnavi
INS00402,CUST00226,INS001,HDFC Life Click 2 Protect,Life,HDFC Life,4699350,23600,Yearly,2023-04-28,2019-11-06,Active,Family of Anvi
INS00403,CUST00226,INS007,HDFC ERGO Motor Insurance,Motor,HDFC ERGO,4539415,12276,Yearly,2019-02-12,2018-11-27,Active,Family of Anvi
INS00404,CUST00226,INS006,HDFC ERGO Travel Insurance,Travel,HDFC ERGO,9895906,8493,Yearly,2019-12-02,2016-12-10,Active,Family of Anvi
INS00405,CUST00227,INS001,HDFC Life Click 2 Protect,Life,HDFC Life,3536257,27391,Yearly,2024-08-24,2023-08-11,Active,Family of Pooja
INS00406,CUST00229,INS008,HDFC ERGO Personal Accident,Personal Accident,HDFC ERGO,1554569,6023,Yearly,2023-01-19,2025-03-12,Active,Family of Harendra
INS00407,CUST00230,INS001,HDFC Life Click 2 Protect,Life,HDFC Life,18466686,32795,Yearly,2025-11-19,2026-07-24,Active,Family of Gopal
INS00408,CUST00230,INS004,HDFC ERGO Optima Family Floater,Health,HDFC ERGO,19006237,34227,Yearly,2025-10-17,2025-12-21,Active,Family of Gopal
INS00409,CUST00230,INS010,HDFC Life Click 2 Wealth ULIP,ULIP,HDFC Life,9701218,61918,Yearly,2025-10-25,2027-06-04,Active,Family of Gopal
INS00410,CUST00231,INS001,HDFC Life Click 2 Protect,Life,HDFC Life,9351615,43005,Yearly,2021-11-29,2023-11-10,Active,Family of Pooja
INS00411,CUST00231,INS004,HDFC ERGO Optima Family Floater,Health,HDFC ERGO,4336380,51980,Yearly,2026-02-25,2021-09-11,Active,Family of Pooja
INS00412,CUST00231,INS006,HDFC ERGO Travel Insurance,Travel,HDFC ERGO,5064197,6974,Yearly,2024-01-10,2022-02-11,Active,Family of Pooja
INS00413,CUST00231,INS010,HDFC Life Click 2 Wealth ULIP,ULIP,HDFC Life,3180258,60959,Yearly,2020-04-21,2020-09-03,Active,Family of Pooja
INS00414,CUST00232,INS004,HDFC ERGO Optima Family Floater,Health,HDFC ERGO,920093,10016,Yearly,2021-12-08,2026-01-14,Active,Family of Vijayendra
INS00415,CUST00233,INS001,HDFC Life Click 2 Protect,Life,HDFC Life,67976994,15409,Yearly,2021-08-13,2026-12-15,Active,Family of Ramesh
INS00416,CUST00235,INS007,HDFC ERGO Motor Insurance,Motor,HDFC ERGO,770849,8169,Yearly,2019-04-02,2020-10-19,Active,Family of Rahul
INS00417,CUST00235,INS008,HDFC ERGO Personal Accident,Personal Accident,HDFC ERGO,2039576,14023,Yearly,2020-12-17,2020-04-15,Active,Family of Rahul
INS00418,CUST00236,INS004,HDFC ERGO Optima Family Floater,Health,HDFC ERGO,532726,10225,Yearly,2025-09-22,2018-12-13,Active,Family of Aryan
INS00419,CUST00237,INS001,HDFC Life Click 2 Protect,Life,HDFC Life,6483170,8053,Yearly,2023-10-08,2025-11-05,Active,Family of Esha
INS00420,CUST00237,INS004,HDFC ERGO Optima Family Floater,Health,HDFC ERGO,10027807,56753,Yearly,2024-05-09,2025-09-19,Active,Family of Esha
INS00421,CUST00237,INS011,HDFC Life Young Star Child Plan,Child Insurance,HDFC Life,10571420,76434,Yearly,2024-12-01,2025-09-17,Active,Family of Esha
INS00422,CUST00238,INS001,HDFC Life Click 2 Protect,Life,HDFC Life,11009420,17373,Yearly,2022-11-06,2022-04-09,Active,Family of Jayesh
INS00423,CUST00238,INS004,HDFC ERGO Optima Family Floater,Health,HDFC ERGO,7922634,38331,Yearly,2021-01-06,2019-07-28,Active,Family of Jayesh
INS00424,CUST00238,INS007,HDFC ERGO Motor Insurance,Motor,HDFC ERGO,4909795,4336,Yearly,2021-09-30,2020-05-01,Active,Family of Jayesh
INS00425,CUST00239,INS004,HDFC ERGO Optima Family Floater,Health,HDFC ERGO,19448451,22281,Yearly,2015-09-09,2017-09-20,Active,Family of Lalita
INS00426,CUST00239,INS006,HDFC ERGO Travel Insurance,Travel,HDFC ERGO,12613369,678,Yearly,2016-08-11,2017-05-29,Active,Family of Lalita
INS00427,CUST00239,INS011,HDFC Life Young Star Child Plan,Child Insurance,HDFC Life,9077147,45333,Yearly,2015-09-17,2021-03-10,Active,Family of Lalita
INS00428,CUST00240,INS001,HDFC Life Click 2 Protect,Life,HDFC Life,9197359,13145,Yearly,2026-01-21,2021-09-08,Active,Family of Suraj
INS00429,CUST00241,INS001,HDFC Life Click 2 Protect,Life,HDFC Life,4027834,11212,Yearly,2020-04-21,2020-04-19,Active,Family of Arun
INS00430,CUST00241,INS004,HDFC ERGO Optima Family Floater,Health,HDFC ERGO,3168042,21577,Yearly,2025-03-25,2026-11-11,Active,Family of Arun
INS00431,CUST00242,INS001,HDFC Life Click 2 Protect,Life,HDFC Life,3700333,30173,Yearly,2021-08-03,2022-02-25,Active,Family of Geetanjali
INS00432,CUST00242,INS003,HDFC ERGO Optima Secure,Health,HDFC ERGO,2584249,35813,Yearly,2020-05-22,2023-05-02,Active,Family of Geetanjali
INS00433,CUST00244,INS007,HDFC ERGO Motor Insurance,Motor,HDFC ERGO,2618720,23495,Yearly,2022-01-23,2021-06-25,Active,Family of Yuvraj
INS00434,CUST00244,INS008,HDFC ERGO Personal Accident,Personal Accident,HDFC ERGO,2366355,11724,Yearly,2019-03-13,2023-05-23,Active,Family of Yuvraj
INS00435,CUST00245,INS007,HDFC ERGO Motor Insurance,Motor,HDFC ERGO,4127429,12108,Yearly,2023-08-15,2020-03-25,Active,Family of Rajesh
INS00436,CUST00245,INS011,HDFC Life Young Star Child Plan,Child Insurance,HDFC Life,5178369,27627,Yearly,2019-03-02,2021-02-27,Active,Family of Rajesh
INS00437,CUST00246,INS001,HDFC Life Click 2 Protect,Life,HDFC Life,4828562,5145,Yearly,2025-11-05,2023-11-03,Active,Family of Amit
INS00438,CUST00246,INS004,HDFC ERGO Optima Family Floater,Health,HDFC ERGO,527644,12890,Yearly,2023-03-12,2027-01-14,Active,Family of Amit
INS00439,CUST00246,INS007,HDFC ERGO Motor Insurance,Motor,HDFC ERGO,1484602,18748,Yearly,2024-11-23,2027-04-26,Active,Family of Amit
INS00440,CUST00247,INS001,HDFC Life Click 2 Protect,Life,HDFC Life,10394317,26211,Yearly,2026-03-23,2026-11-09,Active,Family of Shruti
INS00441,CUST00247,INS003,HDFC ERGO Optima Secure,Health,HDFC ERGO,12283102,38098,Yearly,2026-04-26,2027-02-05,Active,Family of Shruti
INS00442,CUST00247,INS006,HDFC ERGO Travel Insurance,Travel,HDFC ERGO,8870362,5650,Yearly,2025-11-30,2027-01-19,Active,Family of Shruti
INS00443,CUST00248,INS001,HDFC Life Click 2 Protect,Life,HDFC Life,9532065,45462,Yearly,2019-03-09,2021-10-26,Active,Family of Tanay
INS00444,CUST00248,INS004,HDFC ERGO Optima Family Floater,Health,HDFC ERGO,7090020,40671,Yearly,2017-01-02,2023-04-07,Active,Family of Tanay
INS00445,CUST00248,INS006,HDFC ERGO Travel Insurance,Travel,HDFC ERGO,5381561,8698,Yearly,2018-04-07,2022-03-07,Active,Family of Tanay
INS00446,CUST00248,INS008,HDFC ERGO Personal Accident,Personal Accident,HDFC ERGO,6870134,3740,Yearly,2020-04-19,2027-03-20,Active,Family of Tanay
INS00447,CUST00249,INS004,HDFC ERGO Optima Family Floater,Health,HDFC ERGO,17001192,53232,Yearly,2026-05-10,2021-12-17,Active,Family of Pallavi
INS00448,CUST00250,INS001,HDFC Life Click 2 Protect,Life,HDFC Life,9361650,21126,Yearly,2024-05-10,2026-03-01,Active,Family of Bhavesh
INS00449,CUST00250,INS003,HDFC ERGO Optima Secure,Health,HDFC ERGO,18135438,38648,Yearly,2025-08-29,2024-12-08,Active,Family of Bhavesh
INS00450,CUST00252,INS004,HDFC ERGO Optima Family Floater,Health,HDFC ERGO,2082026,18175,Yearly,2021-09-30,2024-02-18,Active,Family of Mihika
INS00451,CUST00252,INS008,HDFC ERGO Personal Accident,Personal Accident,HDFC ERGO,4862256,12228,Yearly,2024-05-10,2025-08-06,Active,Family of Mihika
INS00452,CUST00253,INS007,HDFC ERGO Motor Insurance,Motor,HDFC ERGO,1616129,20897,Yearly,2024-03-21,2022-03-01,Active,Family of Jahnavi
INS00453,CUST00253,INS010,HDFC Life Click 2 Wealth ULIP,ULIP,HDFC Life,20745079,102684,Yearly,2022-03-20,2020-02-15,Active,Family of Jahnavi
INS00454,CUST00254,INS004,HDFC ERGO Optima Family Floater,Health,HDFC ERGO,5667932,11425,Yearly,2024-11-23,2026-12-28,Active,Family of Shashank
INS00455,CUST00254,INS007,HDFC ERGO Motor Insurance,Motor,HDFC ERGO,2983266,27863,Yearly,2023-11-13,2025-05-02,Active,Family of Shashank
INS00456,CUST00254,INS011,HDFC Life Young Star Child Plan,Child Insurance,HDFC Life,6087075,30144,Yearly,2024-01-18,2027-03-16,Active,Family of Shashank
INS00457,CUST00255,INS003,HDFC ERGO Optima Secure,Health,HDFC ERGO,1421166,36677,Yearly,2026-05-16,2026-05-04,Active,Family of Kavya
INS00458,CUST00255,INS007,HDFC ERGO Motor Insurance,Motor,HDFC ERGO,3593017,16627,Yearly,2024-08-27,2026-08-11,Active,Family of Kavya
INS00459,CUST00256,INS008,HDFC ERGO Personal Accident,Personal Accident,HDFC ERGO,4265929,8460,Yearly,2017-04-24,2021-07-21,Active,Family of Deepika
INS00460,CUST00257,INS004,HDFC ERGO Optima Family Floater,Health,HDFC ERGO,7520047,11112,Yearly,2024-08-20,2023-10-30,Active,Family of Shreya
INS00461,CUST00258,INS001,HDFC Life Click 2 Protect,Life,HDFC Life,9502848,20914,Yearly,2025-05-21,2024-11-17,Active,Family of Aditi
INS00462,CUST00258,INS007,HDFC ERGO Motor Insurance,Motor,HDFC ERGO,4987971,25039,Yearly,2024-10-17,2026-04-15,Active,Family of Aditi
INS00463,CUST00258,INS008,HDFC ERGO Personal Accident,Personal Accident,HDFC ERGO,6117696,2599,Yearly,2024-06-06,2027-06-12,Active,Family of Aditi
INS00464,CUST00259,INS007,HDFC ERGO Motor Insurance,Motor,HDFC ERGO,4982567,6215,Yearly,2026-04-07,2024-01-09,Active,Family of Sanjay
INS00465,CUST00259,INS006,HDFC ERGO Travel Insurance,Travel,HDFC ERGO,957301,4588,Yearly,2023-04-29,2024-09-12,Active,Family of Sanjay
INS00466,CUST00261,INS001,HDFC Life Click 2 Protect,Life,HDFC Life,10212060,46754,Yearly,2023-02-28,2026-04-26,Active,Family of Santosh
INS00467,CUST00261,INS003,HDFC ERGO Optima Secure,Health,HDFC ERGO,11763463,27442,Yearly,2024-04-11,2026-04-15,Active,Family of Santosh
INS00468,CUST00261,INS007,HDFC ERGO Motor Insurance,Motor,HDFC ERGO,4233256,20401,Yearly,2025-12-27,2024-03-22,Active,Family of Santosh
INS00469,CUST00261,INS008,HDFC ERGO Personal Accident,Personal Accident,HDFC ERGO,987676,3791,Yearly,2024-03-29,2027-07-18,Active,Family of Santosh
INS00470,CUST00262,INS004,HDFC ERGO Optima Family Floater,Health,HDFC ERGO,4787581,37497,Yearly,2019-06-05,2019-12-06,Active,Family of Aaradhya
INS00471,CUST00263,INS001,HDFC Life Click 2 Protect,Life,HDFC Life,2614515,7350,Yearly,2019-11-02,2016-08-15,Active,Family of Arjun
INS00472,CUST00263,INS005,HDFC ERGO Optima Senior,Health,HDFC ERGO,2969479,14061,Yearly,2021-01-01,2020-04-02,Active,Family of Arjun
INS00473,CUST00263,INS008,HDFC ERGO Personal Accident,Personal Accident,HDFC ERGO,3252367,11050,Yearly,2016-04-06,2020-09-23,Active,Family of Arjun
INS00474,CUST00264,INS004,HDFC ERGO Optima Family Floater,Health,HDFC ERGO,5232643,23923,Yearly,2025-12-21,2025-05-20,Active,Family of Charita
INS00475,CUST00266,INS001,HDFC Life Click 2 Protect,Life,HDFC Life,4522386,22362,Yearly,2023-12-07,2025-04-06,Active,Family of Mihika
INS00476,CUST00266,INS004,HDFC ERGO Optima Family Floater,Health,HDFC ERGO,4460672,29565,Yearly,2024-04-17,2026-06-07,Active,Family of Mihika
INS00477,CUST00267,INS004,HDFC ERGO Optima Family Floater,Health,HDFC ERGO,12857068,12429,Yearly,2016-11-19,2024-08-15,Active,Family of Kirti
INS00478,CUST00267,INS008,HDFC ERGO Personal Accident,Personal Accident,HDFC ERGO,9636807,11469,Yearly,2018-06-24,2022-11-11,Active,Family of Kirti
INS00479,CUST00268,INS004,HDFC ERGO Optima Family Floater,Health,HDFC ERGO,16256618,28291,Yearly,2025-02-18,2024-10-30,Active,Family of Anirudh
INS00480,CUST00268,INS006,HDFC ERGO Travel Insurance,Travel,HDFC ERGO,38805579,2072,Yearly,2020-12-22,2021-03-25,Active,Family of Anirudh
INS00481,CUST00269,INS001,HDFC Life Click 2 Protect,Life,HDFC Life,5690215,40826,Yearly,2023-06-08,2024-11-24,Active,Family of Pratik
INS00482,CUST00269,INS004,HDFC ERGO Optima Family Floater,Health,HDFC ERGO,5400736,43013,Yearly,2025-06-01,2024-11-11,Active,Family of Pratik
INS00483,CUST00269,INS008,HDFC ERGO Personal Accident,Personal Accident,HDFC ERGO,7158509,13610,Yearly,2023-06-21,2022-10-01,Active,Family of Pratik
INS00484,CUST00270,INS006,HDFC ERGO Travel Insurance,Travel,HDFC ERGO,7766333,1979,Yearly,2021-08-16,2022-10-14,Active,Family of Khushi
INS00485,CUST00271,INS001,HDFC Life Click 2 Protect,Life,HDFC Life,12417646,32449,Yearly,2016-04-26,2024-04-06,Active,Family of Aaliya
INS00486,CUST00271,INS004,HDFC ERGO Optima Family Floater,Health,HDFC ERGO,10775762,27160,Yearly,2023-07-10,2020-11-18,Active,Family of Aaliya
INS00487,CUST00271,INS007,HDFC ERGO Motor Insurance,Motor,HDFC ERGO,988792,23781,Yearly,2026-04-25,2026-05-07,Active,Family of Aaliya
INS00488,CUST00271,INS008,HDFC ERGO Personal Accident,Personal Accident,HDFC ERGO,5154943,6616,Yearly,2016-12-07,2017-05-21,Active,Family of Aaliya
INS00489,CUST00272,INS001,HDFC Life Click 2 Protect,Life,HDFC Life,2755276,27679,Yearly,2025-06-27,2021-11-01,Active,Family of Akanksha
INS00490,CUST00272,INS004,HDFC ERGO Optima Family Floater,Health,HDFC ERGO,2618807,16179,Yearly,2022-02-16,2020-11-14,Active,Family of Akanksha
INS00491,CUST00272,INS007,HDFC ERGO Motor Insurance,Motor,HDFC ERGO,1771014,10286,Yearly,2024-10-07,2018-06-06,Active,Family of Akanksha
INS00492,CUST00272,INS008,HDFC ERGO Personal Accident,Personal Accident,HDFC ERGO,5322703,8956,Yearly,2024-08-03,2020-08-12,Active,Family of Akanksha
INS00493,CUST00273,INS004,HDFC ERGO Optima Family Floater,Health,HDFC ERGO,2539874,12758,Yearly,2022-11-15,2025-10-31,Active,Family of Rhea
INS00494,CUST00273,INS007,HDFC ERGO Motor Insurance,Motor,HDFC ERGO,3406483,7979,Yearly,2022-10-23,2025-08-12,Active,Family of Rhea
INS00495,CUST00274,INS001,HDFC Life Click 2 Protect,Life,HDFC Life,2500000,10315,Yearly,2025-12-06,2026-05-19,Active,Family of Chirag
INS00496,CUST00275,INS004,HDFC ERGO Optima Family Floater,Health,HDFC ERGO,7106163,24360,Yearly,2026-05-03,2026-11-20,Active,Family of Darshan
INS00497,CUST00275,INS011,HDFC Life Young Star Child Plan,Child Insurance,HDFC Life,2272073,93181,Yearly,2025-10-22,2027-01-28,Active,Family of Darshan
INS00498,CUST00276,INS004,HDFC ERGO Optima Family Floater,Health,HDFC ERGO,2844278,14745,Yearly,2021-11-03,2023-10-08,Active,Family of Manav
INS00499,CUST00277,INS006,HDFC ERGO Travel Insurance,Travel,HDFC ERGO,7496283,1152,Yearly,2025-09-20,2026-12-06,Active,Family of Naveen
INS00500,CUST00277,INS008,HDFC ERGO Personal Accident,Personal Accident,HDFC ERGO,6616871,6579,Yearly,2025-07-11,2026-05-18,Active,Family of Naveen
INS00501,CUST00278,INS001,HDFC Life Click 2 Protect,Life,HDFC Life,2500000,6757,Yearly,2025-12-19,2026-02-02,Active,Family of Aakanksha
INS00502,CUST00279,INS001,HDFC Life Click 2 Protect,Life,HDFC Life,8151995,42843,Yearly,2026-01-22,2024-02-26,Active,Family of Deepak
INS00503,CUST00279,INS004,HDFC ERGO Optima Family Floater,Health,HDFC ERGO,933405,36498,Yearly,2026-05-16,2026-10-07,Active,Family of Deepak
INS00504,CUST00280,INS008,HDFC ERGO Personal Accident,Personal Accident,HDFC ERGO,3614860,4877,Yearly,2020-03-23,2021-02-15,Active,Family of Tanisha
INS00505,CUST00281,INS001,HDFC Life Click 2 Protect,Life,HDFC Life,2993857,29708,Yearly,2016-03-15,2022-09-27,Active,Family of Alok
INS00506,CUST00281,INS004,HDFC ERGO Optima Family Floater,Health,HDFC ERGO,3931014,16527,Yearly,2024-01-21,2027-03-29,Active,Family of Alok
INS00507,CUST00281,INS006,HDFC ERGO Travel Insurance,Travel,HDFC ERGO,1806521,2310,Yearly,2025-03-15,2026-09-01,Active,Family of Alok
INS00508,CUST00281,INS008,HDFC ERGO Personal Accident,Personal Accident,HDFC ERGO,2286696,8544,Yearly,2022-06-18,2016-05-12,Active,Family of Alok
INS00509,CUST00282,INS001,HDFC Life Click 2 Protect,Life,HDFC Life,18442257,9238,Yearly,2020-07-11,2018-12-20,Active,Family of Jai
INS00510,CUST00282,INS006,HDFC ERGO Travel Insurance,Travel,HDFC ERGO,10883682,2712,Yearly,2026-07-13,2027-04-14,Active,Family of Jai
INS00511,CUST00283,INS003,HDFC ERGO Optima Secure,Health,HDFC ERGO,6074204,29389,Yearly,2023-05-29,2019-01-18,Active,Family of Amit
INS00512,CUST00283,INS006,HDFC ERGO Travel Insurance,Travel,HDFC ERGO,12832481,682,Yearly,2022-11-10,2024-04-02,Active,Family of Amit
INS00513,CUST00283,INS010,HDFC Life Click 2 Wealth ULIP,ULIP,HDFC Life,10950435,34252,Yearly,2023-06-08,2016-11-12,Active,Family of Amit
INS00514,CUST00284,INS003,HDFC ERGO Optima Secure,Health,HDFC ERGO,5737950,10334,Yearly,2023-09-11,2023-12-01,Active,Family of Avantika
INS00515,CUST00285,INS006,HDFC ERGO Travel Insurance,Travel,HDFC ERGO,922151,5130,Yearly,2024-11-09,2024-02-20,Active,Family of Eshan
INS00516,CUST00286,INS005,HDFC ERGO Optima Senior,Health,HDFC ERGO,2869134,13123,Yearly,2023-01-22,2024-07-16,Active,Family of Eshan
INS00517,CUST00287,INS009,HDFC ERGO Home Insurance,Home,HDFC ERGO,10141857,11352,Yearly,2024-08-19,2024-01-27,Active,Family of Kanchan
INS00518,CUST00288,INS005,HDFC ERGO Optima Senior,Health,HDFC ERGO,1817106,20015,Yearly,2023-08-09,2022-10-20,Active,Family of Shruti
INS00519,CUST00289,INS004,HDFC ERGO Optima Family Floater,Health,HDFC ERGO,5020390,23576,Yearly,2021-01-05,2020-04-18,Active,Family of Ramesh
INS00520,CUST00290,INS004,HDFC ERGO Optima Family Floater,Health,HDFC ERGO,2407700,18764,Yearly,2025-01-28,2026-06-22,Active,Family of Kirti
INS00521,CUST00291,INS001,HDFC Life Click 2 Protect,Life,HDFC Life,2758020,26688,Yearly,2023-06-21,2021-03-05,Active,Family of Kamla
INS00522,CUST00291,INS004,HDFC ERGO Optima Family Floater,Health,HDFC ERGO,2599859,26688,Yearly,2022-12-05,2026-05-30,Active,Family of Kamla
INS00523,CUST00291,INS008,HDFC ERGO Personal Accident,Personal Accident,HDFC ERGO,4249417,2891,Yearly,2025-06-01,2026-06-29,Active,Family of Kamla
INS00524,CUST00292,INS003,HDFC ERGO Optima Secure,Health,HDFC ERGO,8253109,24701,Yearly,2025-05-16,2027-05-16,Active,Family of Aryan
INS00525,CUST00293,INS001,HDFC Life Click 2 Protect,Life,HDFC Life,2500000,6118,Yearly,2024-03-14,2026-04-26,Active,Family of Nitin
INS00526,CUST00293,INS007,HDFC ERGO Motor Insurance,Motor,HDFC ERGO,1465531,6683,Yearly,2026-06-18,2025-08-16,Active,Family of Nitin
INS00527,CUST00294,INS004,HDFC ERGO Optima Family Floater,Health,HDFC ERGO,7118563,11523,Yearly,2020-05-13,2022-02-13,Active,Family of Radhika
INS00528,CUST00295,INS001,HDFC Life Click 2 Protect,Life,HDFC Life,3572834,26750,Yearly,2023-06-28,2027-02-20,Active,Family of Manisha
INS00529,CUST00295,INS004,HDFC ERGO Optima Family Floater,Health,HDFC ERGO,3950602,26778,Yearly,2023-10-19,2025-04-25,Active,Family of Manisha
INS00530,CUST00295,INS007,HDFC ERGO Motor Insurance,Motor,HDFC ERGO,3986406,17156,Yearly,2024-07-28,2027-04-08,Active,Family of Manisha
INS00531,CUST00296,INS008,HDFC ERGO Personal Accident,Personal Accident,HDFC ERGO,4363178,14083,Yearly,2024-10-31,2025-11-22,Active,Family of Anand
INS00532,CUST00297,INS001,HDFC Life Click 2 Protect,Life,HDFC Life,3239602,29830,Yearly,2024-05-26,2027-05-11,Active,Family of Akash
INS00533,CUST00298,INS008,HDFC ERGO Personal Accident,Personal Accident,HDFC ERGO,3552997,13638,Yearly,2021-12-02,2026-01-26,Active,Family of Anmol
INS00534,CUST00299,INS001,HDFC Life Click 2 Protect,Life,HDFC Life,4803062,28062,Yearly,2017-09-12,2025-11-12,Active,Family of Sonia
INS00535,CUST00299,INS007,HDFC ERGO Motor Insurance,Motor,HDFC ERGO,1167806,24523,Yearly,2022-01-30,2019-06-02,Active,Family of Sonia
INS00536,CUST00299,INS011,HDFC Life Young Star Child Plan,Child Insurance,HDFC Life,3780741,22108,Yearly,2021-05-11,2023-01-22,Active,Family of Sonia
INS00537,CUST00300,INS004,HDFC ERGO Optima Family Floater,Health,HDFC ERGO,7975824,49869,Yearly,2021-01-08,2023-05-20,Active,Family of Suraj
INS00538,CUST00301,INS001,HDFC Life Click 2 Protect,Life,HDFC Life,2525306,12135,Yearly,2022-09-10,2027-07-13,Active,Family of Gayatri
INS00539,CUST00301,INS004,HDFC ERGO Optima Family Floater,Health,HDFC ERGO,14319363,54592,Yearly,2021-02-07,2022-11-04,Active,Family of Gayatri
INS00540,CUST00301,INS006,HDFC ERGO Travel Insurance,Travel,HDFC ERGO,7802145,8684,Yearly,2017-04-12,2023-12-26,Active,Family of Gayatri
INS00541,CUST00302,INS004,HDFC ERGO Optima Family Floater,Health,HDFC ERGO,15233204,16103,Yearly,2025-09-28,2024-03-14,Active,Family of Jahnavi
INS00542,CUST00302,INS007,HDFC ERGO Motor Insurance,Motor,HDFC ERGO,2044864,26615,Yearly,2023-09-17,2024-12-21,Active,Family of Jahnavi
INS00543,CUST00303,INS001,HDFC Life Click 2 Protect,Life,HDFC Life,11015932,19566,Yearly,2019-11-25,2023-08-09,Active,Family of Kamla
INS00544,CUST00303,INS004,HDFC ERGO Optima Family Floater,Health,HDFC ERGO,13367726,34195,Yearly,2025-12-18,2018-08-22,Active,Family of Kamla
INS00545,CUST00303,INS006,HDFC ERGO Travel Insurance,Travel,HDFC ERGO,17919776,9483,Yearly,2022-02-01,2021-07-20,Active,Family of Kamla
INS00546,CUST00304,INS001,HDFC Life Click 2 Protect,Life,HDFC Life,2561418,14995,Yearly,2021-03-03,2020-01-08,Active,Family of Anvi
INS00547,CUST00305,INS001,HDFC Life Click 2 Protect,Life,HDFC Life,6653215,32847,Yearly,2017-01-31,2024-02-23,Active,Family of Geeta
INS00548,CUST00306,INS003,HDFC ERGO Optima Secure,Health,HDFC ERGO,3067559,20465,Yearly,2023-07-08,2027-03-16,Active,Family of Shruti
INS00549,CUST00306,INS007,HDFC ERGO Motor Insurance,Motor,HDFC ERGO,1797692,7835,Yearly,2024-03-19,2024-01-18,Active,Family of Shruti
INS00550,CUST00308,INS008,HDFC ERGO Personal Accident,Personal Accident,HDFC ERGO,1593892,10663,Yearly,2025-07-22,2024-07-08,Active,Family of Rajesh
INS00551,CUST00309,INS001,HDFC Life Click 2 Protect,Life,HDFC Life,3865217,22471,Yearly,2024-09-01,2026-05-10,Active,Family of Aaradhya
INS00552,CUST00309,INS007,HDFC ERGO Motor Insurance,Motor,HDFC ERGO,2785669,23584,Yearly,2025-09-27,2024-01-17,Active,Family of Aaradhya
INS00553,CUST00309,INS009,HDFC ERGO Home Insurance,Home,HDFC ERGO,1385963,6956,Yearly,2023-02-21,2024-12-08,Active,Family of Aaradhya
INS00554,CUST00310,INS001,HDFC Life Click 2 Protect,Life,HDFC Life,4503022,25519,Yearly,2018-01-26,2023-05-14,Active,Family of Vishal
INS00555,CUST00311,INS005,HDFC ERGO Optima Senior,Health,HDFC ERGO,3613925,47670,Yearly,2022-07-25,2026-12-08,Active,Family of Savita
INS00556,CUST00311,INS007,HDFC ERGO Motor Insurance,Motor,HDFC ERGO,395429,22905,Yearly,2018-07-08,2027-03-30,Active,Family of Savita
INS00557,CUST00312,INS001,HDFC Life Click 2 Protect,Life,HDFC Life,4337406,27883,Yearly,2024-01-25,2021-07-19,Active,Family of Anirudh
INS00558,CUST00312,INS003,HDFC ERGO Optima Secure,Health,HDFC ERGO,8898315,32373,Yearly,2024-05-30,2024-10-05,Active,Family of Anirudh
INS00559,CUST00312,INS007,HDFC ERGO Motor Insurance,Motor,HDFC ERGO,4998975,8301,Yearly,2023-04-25,2025-12-03,Active,Family of Anirudh
INS00560,CUST00313,INS003,HDFC ERGO Optima Secure,Health,HDFC ERGO,19738663,11656,Yearly,2023-07-27,2025-02-25,Active,Family of Trisha
INS00561,CUST00314,INS004,HDFC ERGO Optima Family Floater,Health,HDFC ERGO,637116,10000,Yearly,2024-02-13,2023-08-15,Active,Family of Avinash
INS00562,CUST00315,INS004,HDFC ERGO Optima Family Floater,Health,HDFC ERGO,4782834,12023,Yearly,2023-02-07,2026-12-04,Active,Family of Nidhi
INS00563,CUST00316,INS004,HDFC ERGO Optima Family Floater,Health,HDFC ERGO,3752808,50014,Yearly,2025-11-08,2027-01-13,Active,Family of Balram
INS00564,CUST00318,INS004,HDFC ERGO Optima Family Floater,Health,HDFC ERGO,1313474,15986,Yearly,2022-01-19,2023-04-07,Active,Family of Sakshi
INS00565,CUST00321,INS004,HDFC ERGO Optima Family Floater,Health,HDFC ERGO,1931470,10852,Yearly,2026-07-05,2027-03-22,Active,Family of Aaryan
INS00566,CUST00321,INS006,HDFC ERGO Travel Insurance,Travel,HDFC ERGO,2523230,1148,Yearly,2022-02-12,2026-08-16,Active,Family of Aaryan
INS00567,CUST00321,INS008,HDFC ERGO Personal Accident,Personal Accident,HDFC ERGO,1693469,12181,Yearly,2024-11-02,2024-09-04,Active,Family of Aaryan
INS00568,CUST00322,INS001,HDFC Life Click 2 Protect,Life,HDFC Life,4317686,33082,Yearly,2026-02-10,2027-02-16,Active,Family of Shrey
INS00569,CUST00323,INS001,HDFC Life Click 2 Protect,Life,HDFC Life,5974015,42161,Yearly,2025-01-02,2026-11-16,Active,Family of Girish
INS00570,CUST00323,INS007,HDFC ERGO Motor Insurance,Motor,HDFC ERGO,3443764,15659,Yearly,2025-06-04,2026-06-08,Active,Family of Girish
INS00571,CUST00323,INS009,HDFC ERGO Home Insurance,Home,HDFC ERGO,15668935,3719,Yearly,2026-04-30,2026-03-23,Active,Family of Girish
INS00572,CUST00323,INS006,HDFC ERGO Travel Insurance,Travel,HDFC ERGO,1570497,627,Yearly,2026-02-13,2026-01-10,Active,Family of Girish
INS00573,CUST00323,INS011,HDFC Life Young Star Child Plan,Child Insurance,HDFC Life,5451010,96294,Yearly,2025-09-04,2027-02-03,Active,Family of Girish
INS00574,CUST00324,INS004,HDFC ERGO Optima Family Floater,Health,HDFC ERGO,4449513,34065,Yearly,2022-08-20,2025-12-12,Active,Family of Rajat
INS00575,CUST00324,INS007,HDFC ERGO Motor Insurance,Motor,HDFC ERGO,1177978,7953,Yearly,2026-02-25,2025-12-07,Active,Family of Rajat
INS00576,CUST00325,INS004,HDFC ERGO Optima Family Floater,Health,HDFC ERGO,6224328,10035,Yearly,2024-08-26,2025-07-26,Active,Family of Nitin
INS00577,CUST00325,INS009,HDFC ERGO Home Insurance,Home,HDFC ERGO,5991636,12403,Yearly,2020-08-28,2027-02-22,Active,Family of Nitin
INS00578,CUST00325,INS011,HDFC Life Young Star Child Plan,Child Insurance,HDFC Life,562409,28328,Yearly,2021-06-05,2022-01-27,Active,Family of Nitin
INS00579,CUST00326,INS011,HDFC Life Young Star Child Plan,Child Insurance,HDFC Life,2850150,33800,Yearly,2020-02-10,2021-11-04,Active,Family of Gauri
INS00580,CUST00327,INS001,HDFC Life Click 2 Protect,Life,HDFC Life,3631882,33190,Yearly,2024-12-03,2025-09-21,Active,Family of Mahima
INS00581,CUST00327,INS003,HDFC ERGO Optima Secure,Health,HDFC ERGO,16465368,19971,Yearly,2023-09-11,2025-05-13,Active,Family of Mahima
INS00582,CUST00327,INS006,HDFC ERGO Travel Insurance,Travel,HDFC ERGO,21731112,4466,Yearly,2023-09-13,2024-03-05,Active,Family of Mahima
INS00583,CUST00330,INS001,HDFC Life Click 2 Protect,Life,HDFC Life,2873418,11598,Yearly,2024-12-28,2018-10-27,Active,Family of Alisha
INS00584,CUST00330,INS004,HDFC ERGO Optima Family Floater,Health,HDFC ERGO,4361695,13858,Yearly,2022-12-24,2021-03-03,Active,Family of Alisha
INS00585,CUST00330,INS008,HDFC ERGO Personal Accident,Personal Accident,HDFC ERGO,2258816,4124,Yearly,2019-02-25,2018-05-11,Active,Family of Alisha
INS00586,CUST00331,INS001,HDFC Life Click 2 Protect,Life,HDFC Life,4911627,45399,Yearly,2022-07-03,2025-09-25,Active,Family of Ishita
INS00587,CUST00331,INS004,HDFC ERGO Optima Family Floater,Health,HDFC ERGO,6024509,53418,Yearly,2022-06-02,2025-08-05,Active,Family of Ishita
INS00588,CUST00331,INS007,HDFC ERGO Motor Insurance,Motor,HDFC ERGO,118335,24004,Yearly,2024-12-23,2025-12-02,Active,Family of Ishita
INS00589,CUST00332,INS007,HDFC ERGO Motor Insurance,Motor,HDFC ERGO,4927820,28170,Yearly,2023-01-31,2023-07-16,Active,Family of Tarun
INS00590,CUST00332,INS010,HDFC Life Click 2 Wealth ULIP,ULIP,HDFC Life,12353379,93047,Yearly,2024-07-11,2027-04-20,Active,Family of Tarun
INS00591,CUST00333,INS001,HDFC Life Click 2 Protect,Life,HDFC Life,9901536,36999,Yearly,2020-05-09,2021-05-10,Active,Family of Ananya
INS00592,CUST00333,INS004,HDFC ERGO Optima Family Floater,Health,HDFC ERGO,6473979,25246,Yearly,2023-10-17,2026-11-16,Active,Family of Ananya
INS00593,CUST00333,INS011,HDFC Life Young Star Child Plan,Child Insurance,HDFC Life,9076075,28147,Yearly,2020-06-28,2027-05-30,Active,Family of Ananya
INS00594,CUST00334,INS001,HDFC Life Click 2 Protect,Life,HDFC Life,7307265,11545,Yearly,2016-09-30,2025-11-10,Active,Family of Anmol
INS00595,CUST00335,INS001,HDFC Life Click 2 Protect,Life,HDFC Life,2783431,7990,Yearly,2024-05-30,2023-09-22,Active,Family of Sarika
INS00596,CUST00335,INS003,HDFC ERGO Optima Secure,Health,HDFC ERGO,2844114,13071,Yearly,2022-05-28,2025-09-27,Active,Family of Sarika
INS00597,CUST00335,INS007,HDFC ERGO Motor Insurance,Motor,HDFC ERGO,1447496,14802,Yearly,2020-01-22,2025-02-20,Active,Family of Sarika
INS00598,CUST00336,INS004,HDFC ERGO Optima Family Floater,Health,HDFC ERGO,5207823,41742,Yearly,2022-01-21,2026-03-02,Active,Family of Dev
INS00599,CUST00336,INS009,HDFC ERGO Home Insurance,Home,HDFC ERGO,8862007,14896,Yearly,2026-06-26,2024-10-10,Active,Family of Dev
INS00600,CUST00338,INS005,HDFC ERGO Optima Senior,Health,HDFC ERGO,3327823,23592,Yearly,2021-12-03,2025-09-16,Active,Family of Aaliya
INS00601,CUST00339,INS001,HDFC Life Click 2 Protect,Life,HDFC Life,3204622,25205,Yearly,2023-05-25,2023-12-01,Active,Family of Keshav
INS00602,CUST00339,INS004,HDFC ERGO Optima Family Floater,Health,HDFC ERGO,7771339,14411,Yearly,2021-10-29,2024-07-21,Active,Family of Keshav
INS00603,CUST00340,INS001,HDFC Life Click 2 Protect,Life,HDFC Life,3485706,23748,Yearly,2025-10-23,2027-02-26,Active,Family of Veer
INS00604,CUST00340,INS004,HDFC ERGO Optima Family Floater,Health,HDFC ERGO,1541158,20539,Yearly,2025-11-27,2026-09-23,Active,Family of Veer
INS00605,CUST00341,INS001,HDFC Life Click 2 Protect,Life,HDFC Life,4329015,17280,Yearly,2021-11-06,2027-02-04,Active,Family of Radhika
INS00606,CUST00341,INS008,HDFC ERGO Personal Accident,Personal Accident,HDFC ERGO,4089155,6464,Yearly,2022-07-30,2025-06-17,Active,Family of Radhika
INS00607,CUST00342,INS001,HDFC Life Click 2 Protect,Life,HDFC Life,7784238,30522,Yearly,2018-12-16,2023-01-12,Active,Family of Manish
INS00608,CUST00342,INS004,HDFC ERGO Optima Family Floater,Health,HDFC ERGO,8333221,27505,Yearly,2024-11-24,2023-09-11,Active,Family of Manish
INS00609,CUST00343,INS001,HDFC Life Click 2 Protect,Life,HDFC Life,3946861,40452,Yearly,2026-02-18,2027-01-03,Active,Family of Tanay
INS00610,CUST00343,INS007,HDFC ERGO Motor Insurance,Motor,HDFC ERGO,3439531,18792,Yearly,2025-11-16,2027-05-04,Active,Family of Tanay
INS00611,CUST00344,INS008,HDFC ERGO Personal Accident,Personal Accident,HDFC ERGO,6413267,7715,Yearly,2017-10-12,2018-10-13,Active,Family of Chetan
INS00612,CUST00345,INS006,HDFC ERGO Travel Insurance,Travel,HDFC ERGO,16694797,8353,Yearly,2020-10-14,2025-05-22,Active,Family of Shreya
INS00613,CUST00346,INS004,HDFC ERGO Optima Family Floater,Health,HDFC ERGO,1532139,18372,Yearly,2025-08-28,2024-02-18,Active,Family of Santosh
INS00614,CUST00348,INS001,HDFC Life Click 2 Protect,Life,HDFC Life,9316687,11004,Yearly,2024-10-02,2026-06-23,Active,Family of Vikram
INS00615,CUST00348,INS003,HDFC ERGO Optima Secure,Health,HDFC ERGO,1600661,9035,Yearly,2026-01-01,2027-01-30,Active,Family of Vikram
INS00616,CUST00348,INS006,HDFC ERGO Travel Insurance,Travel,HDFC ERGO,6530747,7889,Yearly,2025-04-20,2025-03-20,Active,Family of Vikram
INS00617,CUST00349,INS004,HDFC ERGO Optima Family Floater,Health,HDFC ERGO,10661388,12132,Yearly,2026-01-02,2026-08-08,Active,Family of Sandhya
INS00618,CUST00349,INS007,HDFC ERGO Motor Insurance,Motor,HDFC ERGO,2133594,13349,Yearly,2025-08-17,2027-07-10,Active,Family of Sandhya
INS00619,CUST00351,INS004,HDFC ERGO Optima Family Floater,Health,HDFC ERGO,3795359,20996,Yearly,2022-12-06,2024-03-13,Active,Family of Anjali
INS00620,CUST00351,INS006,HDFC ERGO Travel Insurance,Travel,HDFC ERGO,2183985,3291,Yearly,2024-09-28,2026-05-18,Active,Family of Anjali
INS00621,CUST00352,INS006,HDFC ERGO Travel Insurance,Travel,HDFC ERGO,1901576,8020,Yearly,2022-03-14,2020-01-03,Active,Family of Lakshmi
INS00622,CUST00352,INS008,HDFC ERGO Personal Accident,Personal Accident,HDFC ERGO,7754796,9598,Yearly,2018-09-27,2020-06-26,Active,Family of Lakshmi
INS00623,CUST00353,INS004,HDFC ERGO Optima Family Floater,Health,HDFC ERGO,1600811,25994,Yearly,2024-02-06,2018-06-02,Active,Family of Avantika
INS00624,CUST00354,INS004,HDFC ERGO Optima Family Floater,Health,HDFC ERGO,1582570,23271,Yearly,2020-12-28,2027-04-11,Active,Family of Harendra
INS00625,CUST00354,INS007,HDFC ERGO Motor Insurance,Motor,HDFC ERGO,222116,6146,Yearly,2026-05-12,2021-09-26,Active,Family of Harendra
INS00626,CUST00355,INS001,HDFC Life Click 2 Protect,Life,HDFC Life,11880973,33782,Yearly,2024-04-02,2022-05-08,Active,Family of Bhavesh
INS00627,CUST00355,INS008,HDFC ERGO Personal Accident,Personal Accident,HDFC ERGO,3856944,10278,Yearly,2026-03-12,2023-04-14,Active,Family of Bhavesh
INS00628,CUST00356,INS006,HDFC ERGO Travel Insurance,Travel,HDFC ERGO,8342987,5130,Yearly,2025-10-10,2027-02-22,Active,Family of Bhavana
INS00629,CUST00356,INS010,HDFC Life Click 2 Wealth ULIP,ULIP,HDFC Life,747568,54794,Yearly,2025-11-17,2027-05-22,Active,Family of Bhavana
INS00630,CUST00357,INS006,HDFC ERGO Travel Insurance,Travel,HDFC ERGO,36107852,2472,Yearly,2024-11-08,2024-11-05,Active,Family of Kamlesh
INS00631,CUST00358,INS004,HDFC ERGO Optima Family Floater,Health,HDFC ERGO,2105051,22686,Yearly,2024-12-06,2026-12-15,Active,Family of Amrita
INS00632,CUST00358,INS007,HDFC ERGO Motor Insurance,Motor,HDFC ERGO,3612163,18252,Yearly,2024-07-31,2024-09-05,Active,Family of Amrita
INS00633,CUST00359,INS004,HDFC ERGO Optima Family Floater,Health,HDFC ERGO,2044174,13845,Yearly,2015-11-15,2024-12-21,Active,Family of Vijayendra
INS00634,CUST00359,INS008,HDFC ERGO Personal Accident,Personal Accident,HDFC ERGO,2100018,6309,Yearly,2023-05-20,2019-02-16,Active,Family of Vijayendra
INS00635,CUST00360,INS004,HDFC ERGO Optima Family Floater,Health,HDFC ERGO,629934,10000,Yearly,2018-04-17,2022-01-03,Active,Family of Chaitanya
INS00636,CUST00360,INS007,HDFC ERGO Motor Insurance,Motor,HDFC ERGO,425409,4593,Yearly,2020-11-10,2025-03-27,Active,Family of Chaitanya
INS00637,CUST00361,INS006,HDFC ERGO Travel Insurance,Travel,HDFC ERGO,3417003,8043,Yearly,2024-12-01,2027-07-11,Active,Family of Shashank
INS00638,CUST00362,INS004,HDFC ERGO Optima Family Floater,Health,HDFC ERGO,8151315,44780,Yearly,2024-09-09,2025-10-25,Active,Family of Shivam
INS00639,CUST00362,INS007,HDFC ERGO Motor Insurance,Motor,HDFC ERGO,2379404,29867,Yearly,2024-08-05,2023-12-26,Active,Family of Shivam
INS00640,CUST00364,INS001,HDFC Life Click 2 Protect,Life,HDFC Life,12375153,34427,Yearly,2020-03-14,2027-07-12,Active,Family of Pranav
INS00641,CUST00364,INS004,HDFC ERGO Optima Family Floater,Health,HDFC ERGO,16800037,17657,Yearly,2021-05-17,2024-01-26,Active,Family of Pranav
INS00642,CUST00366,INS001,HDFC Life Click 2 Protect,Life,HDFC Life,2811733,7528,Yearly,2024-08-15,2025-04-11,Active,Family of Rohan
INS00643,CUST00366,INS008,HDFC ERGO Personal Accident,Personal Accident,HDFC ERGO,2320074,14596,Yearly,2016-09-19,2022-05-30,Active,Family of Rohan
INS00644,CUST00367,INS004,HDFC ERGO Optima Family Floater,Health,HDFC ERGO,3953306,13571,Yearly,2020-05-26,2021-02-19,Active,Family of Anushka
INS00645,CUST00367,INS011,HDFC Life Young Star Child Plan,Child Insurance,HDFC Life,4253352,32279,Yearly,2016-08-12,2023-12-26,Active,Family of Anushka
INS00646,CUST00368,INS003,HDFC ERGO Optima Secure,Health,HDFC ERGO,8164298,16793,Yearly,2016-10-18,2026-04-11,Active,Family of Saloni
INS00647,CUST00368,INS010,HDFC Life Click 2 Wealth ULIP,ULIP,HDFC Life,17015336,196718,Yearly,2023-04-10,2018-09-28,Active,Family of Saloni
INS00648,CUST00370,INS001,HDFC Life Click 2 Protect,Life,HDFC Life,4945842,24108,Yearly,2022-07-31,2027-04-30,Active,Family of Sarika
INS00649,CUST00370,INS004,HDFC ERGO Optima Family Floater,Health,HDFC ERGO,4654550,47350,Yearly,2021-05-16,2025-11-19,Active,Family of Sarika
INS00650,CUST00370,INS009,HDFC ERGO Home Insurance,Home,HDFC ERGO,7608020,6149,Yearly,2024-08-14,2027-04-22,Active,Family of Sarika
INS00651,CUST00371,INS004,HDFC ERGO Optima Family Floater,Health,HDFC ERGO,8326210,31147,Yearly,2023-06-16,2025-06-19,Active,Family of Sarika
INS00652,CUST00371,INS011,HDFC Life Young Star Child Plan,Child Insurance,HDFC Life,2255494,50971,Yearly,2026-02-28,2020-10-17,Active,Family of Sarika
INS00653,CUST00372,INS001,HDFC Life Click 2 Protect,Life,HDFC Life,3306349,5054,Yearly,2024-04-10,2026-07-06,Active,Family of Manav
INS00654,CUST00372,INS004,HDFC ERGO Optima Family Floater,Health,HDFC ERGO,2559775,14183,Yearly,2019-03-01,2025-02-09,Active,Family of Manav
INS00655,CUST00373,INS004,HDFC ERGO Optima Family Floater,Health,HDFC ERGO,2019688,18305,Yearly,2026-01-26,2025-05-24,Active,Family of Harish
INS00656,CUST00373,INS008,HDFC ERGO Personal Accident,Personal Accident,HDFC ERGO,574888,11407,Yearly,2024-02-06,2026-11-19,Active,Family of Harish
INS00657,CUST00374,INS004,HDFC ERGO Optima Family Floater,Health,HDFC ERGO,4058033,44625,Yearly,2024-12-30,2026-12-28,Active,Family of Naman
INS00658,CUST00375,INS001,HDFC Life Click 2 Protect,Life,HDFC Life,5755643,17636,Yearly,2019-10-25,2026-12-28,Active,Family of Vikram
INS00659,CUST00375,INS004,HDFC ERGO Optima Family Floater,Health,HDFC ERGO,9481028,26455,Yearly,2025-05-29,2026-02-11,Active,Family of Vikram
INS00660,CUST00376,INS005,HDFC ERGO Optima Senior,Health,HDFC ERGO,245819,12000,Yearly,2019-04-20,2026-07-21,Active,Family of Kanchan
INS00661,CUST00377,INS004,HDFC ERGO Optima Family Floater,Health,HDFC ERGO,16595866,41234,Yearly,2023-03-29,2021-10-20,Active,Family of Veer
INS00662,CUST00377,INS006,HDFC ERGO Travel Insurance,Travel,HDFC ERGO,21112749,5815,Yearly,2020-02-07,2022-07-27,Active,Family of Veer
INS00663,CUST00377,INS011,HDFC Life Young Star Child Plan,Child Insurance,HDFC Life,30403723,97847,Yearly,2024-08-23,2022-12-13,Active,Family of Veer
INS00664,CUST00377,INS010,HDFC Life Click 2 Wealth ULIP,ULIP,HDFC Life,21856318,151200,Yearly,2020-02-16,2025-07-21,Active,Family of Veer
INS00665,CUST00378,INS001,HDFC Life Click 2 Protect,Life,HDFC Life,12066189,43956,Yearly,2021-03-01,2022-07-05,Active,Family of Aniket
INS00666,CUST00378,INS004,HDFC ERGO Optima Family Floater,Health,HDFC ERGO,13493699,50758,Yearly,2024-02-02,2018-01-31,Active,Family of Aniket
INS00667,CUST00378,INS008,HDFC ERGO Personal Accident,Personal Accident,HDFC ERGO,3009443,3936,Yearly,2023-04-29,2027-03-20,Active,Family of Aniket
INS00668,CUST00379,INS004,HDFC ERGO Optima Family Floater,Health,HDFC ERGO,3378722,45303,Yearly,2022-06-24,2022-04-21,Active,Family of Arun
INS00669,CUST00379,INS006,HDFC ERGO Travel Insurance,Travel,HDFC ERGO,34903856,2240,Yearly,2020-10-25,2023-09-08,Active,Family of Arun
INS00670,CUST00379,INS010,HDFC Life Click 2 Wealth ULIP,ULIP,HDFC Life,30034472,168581,Yearly,2020-07-09,2024-05-21,Active,Family of Arun
INS00671,CUST00380,INS001,HDFC Life Click 2 Protect,Life,HDFC Life,3623462,5443,Yearly,2025-07-24,2026-01-29,Active,Family of Karan
INS00672,CUST00380,INS004,HDFC ERGO Optima Family Floater,Health,HDFC ERGO,2664263,33953,Yearly,2026-05-16,2027-01-27,Active,Family of Karan
INS00673,CUST00380,INS007,HDFC ERGO Motor Insurance,Motor,HDFC ERGO,4784081,14388,Yearly,2026-02-18,2026-05-31,Active,Family of Karan
INS00674,CUST00381,INS001,HDFC Life Click 2 Protect,Life,HDFC Life,5550694,40272,Yearly,2017-03-10,2019-11-13,Active,Family of Rashmi
INS00675,CUST00381,INS007,HDFC ERGO Motor Insurance,Motor,HDFC ERGO,2728566,6955,Yearly,2023-06-07,2026-10-13,Active,Family of Rashmi
INS00676,CUST00381,INS010,HDFC Life Click 2 Wealth ULIP,ULIP,HDFC Life,2222323,48291,Yearly,2018-07-12,2024-02-23,Active,Family of Rashmi
INS00677,CUST00382,INS007,HDFC ERGO Motor Insurance,Motor,HDFC ERGO,4488934,13684,Yearly,2023-11-08,2026-04-25,Active,Family of Vaishnavi
INS00678,CUST00382,INS006,HDFC ERGO Travel Insurance,Travel,HDFC ERGO,1199058,5294,Yearly,2026-04-10,2025-07-01,Active,Family of Vaishnavi
INS00679,CUST00383,INS003,HDFC ERGO Optima Secure,Health,HDFC ERGO,18522999,34808,Yearly,2021-04-11,2017-01-24,Active,Family of Siddharth
INS00680,CUST00384,INS001,HDFC Life Click 2 Protect,Life,HDFC Life,7284033,33345,Yearly,2025-11-17,2027-07-19,Active,Family of Geetanjali
INS00681,CUST00384,INS004,HDFC ERGO Optima Family Floater,Health,HDFC ERGO,3351029,27235,Yearly,2020-01-25,2020-08-24,Active,Family of Geetanjali
INS00682,CUST00385,INS001,HDFC Life Click 2 Protect,Life,HDFC Life,10224059,5237,Yearly,2021-02-03,2024-02-22,Active,Family of Bhavana
INS00683,CUST00385,INS007,HDFC ERGO Motor Insurance,Motor,HDFC ERGO,3457573,9695,Yearly,2020-04-07,2023-09-20,Active,Family of Bhavana
INS00684,CUST00385,INS008,HDFC ERGO Personal Accident,Personal Accident,HDFC ERGO,6098455,12152,Yearly,2026-03-29,2026-08-24,Active,Family of Bhavana
INS00685,CUST00386,INS001,HDFC Life Click 2 Protect,Life,HDFC Life,3519461,41393,Yearly,2026-06-13,2024-07-07,Active,Family of Shalini
INS00686,CUST00386,INS004,HDFC ERGO Optima Family Floater,Health,HDFC ERGO,8427638,44446,Yearly,2024-11-23,2026-12-04,Active,Family of Shalini
INS00687,CUST00386,INS007,HDFC ERGO Motor Insurance,Motor,HDFC ERGO,2015939,5998,Yearly,2023-12-02,2025-01-07,Active,Family of Shalini
INS00688,CUST00387,INS001,HDFC Life Click 2 Protect,Life,HDFC Life,3444753,16276,Yearly,2017-11-28,2018-04-20,Active,Family of Deepika
INS00689,CUST00387,INS003,HDFC ERGO Optima Secure,Health,HDFC ERGO,4356105,8275,Yearly,2023-07-29,2025-03-18,Active,Family of Deepika
INS00690,CUST00387,INS008,HDFC ERGO Personal Accident,Personal Accident,HDFC ERGO,1925200,8003,Yearly,2018-07-29,2020-01-04,Active,Family of Deepika
INS00691,CUST00388,INS001,HDFC Life Click 2 Protect,Life,HDFC Life,3814658,37173,Yearly,2023-05-05,2025-09-20,Active,Family of Anjali
INS00692,CUST00388,INS004,HDFC ERGO Optima Family Floater,Health,HDFC ERGO,5125537,47447,Yearly,2023-03-06,2026-07-27,Active,Family of Anjali
INS00693,CUST00389,INS001,HDFC Life Click 2 Protect,Life,HDFC Life,4358622,17969,Yearly,2023-06-22,2023-08-23,Active,Family of Vishal
INS00694,CUST00392,INS001,HDFC Life Click 2 Protect,Life,HDFC Life,7677549,46165,Yearly,2019-09-07,2025-04-05,Active,Family of Amar
INS00695,CUST00392,INS004,HDFC ERGO Optima Family Floater,Health,HDFC ERGO,5617220,32943,Yearly,2024-10-02,2022-09-02,Active,Family of Amar
INS00696,CUST00392,INS008,HDFC ERGO Personal Accident,Personal Accident,HDFC ERGO,2832001,8857,Yearly,2026-02-17,2023-04-30,Active,Family of Amar
INS00697,CUST00393,INS001,HDFC Life Click 2 Protect,Life,HDFC Life,11789704,15795,Yearly,2021-05-15,2026-02-03,Active,Family of Amrita
INS00698,CUST00393,INS004,HDFC ERGO Optima Family Floater,Health,HDFC ERGO,4044803,23380,Yearly,2024-08-25,2022-04-03,Active,Family of Amrita
INS00699,CUST00393,INS007,HDFC ERGO Motor Insurance,Motor,HDFC ERGO,4656519,28010,Yearly,2021-12-06,2025-11-03,Active,Family of Amrita
INS00700,CUST00393,INS011,HDFC Life Young Star Child Plan,Child Insurance,HDFC Life,13610406,27983,Yearly,2024-05-21,2024-04-15,Active,Family of Amrita
INS00701,CUST00394,INS007,HDFC ERGO Motor Insurance,Motor,HDFC ERGO,1105005,17153,Yearly,2020-02-26,2022-09-05,Active,Family of Isha
INS00702,CUST00395,INS005,HDFC ERGO Optima Senior,Health,HDFC ERGO,1920987,46739,Yearly,2026-03-26,2026-01-31,Active,Family of Varun
INS00703,CUST00396,INS003,HDFC ERGO Optima Secure,Health,HDFC ERGO,1322047,24176,Yearly,2022-05-06,2025-01-29,Active,Family of Ira
INS00704,CUST00397,INS004,HDFC ERGO Optima Family Floater,Health,HDFC ERGO,1869292,11320,Yearly,2020-11-09,2021-10-25,Active,Family of Suresh
INS00705,CUST00398,INS003,HDFC ERGO Optima Secure,Health,HDFC ERGO,1411446,10284,Yearly,2023-03-14,2026-02-25,Active,Family of Ansh
INS00706,CUST00398,INS008,HDFC ERGO Personal Accident,Personal Accident,HDFC ERGO,2641934,4858,Yearly,2025-02-25,2027-01-08,Active,Family of Ansh
INS00707,CUST00399,INS004,HDFC ERGO Optima Family Floater,Health,HDFC ERGO,1372827,34110,Yearly,2025-07-15,2026-06-13,Active,Family of Aadhya
INS00708,CUST00399,INS006,HDFC ERGO Travel Insurance,Travel,HDFC ERGO,896273,9175,Yearly,2026-04-21,2026-02-21,Active,Family of Aadhya
INS00709,CUST00400,INS001,HDFC Life Click 2 Protect,Life,HDFC Life,5959622,37118,Yearly,2022-09-02,2027-04-28,Active,Family of Gayatri
INS00710,CUST00400,INS004,HDFC ERGO Optima Family Floater,Health,HDFC ERGO,2157492,41278,Yearly,2026-02-06,2025-05-17,Active,Family of Gayatri
INS00711,CUST00401,INS001,HDFC Life Click 2 Protect,Life,HDFC Life,17478033,41448,Yearly,2018-06-15,2026-08-09,Active,Family of Vidhi
INS00712,CUST00401,INS004,HDFC ERGO Optima Family Floater,Health,HDFC ERGO,17844035,39362,Yearly,2017-10-17,2020-10-13,Active,Family of Vidhi
INS00713,CUST00402,INS001,HDFC Life Click 2 Protect,Life,HDFC Life,4372484,22973,Yearly,2025-07-31,2027-02-17,Active,Family of Shivam
INS00714,CUST00402,INS004,HDFC ERGO Optima Family Floater,Health,HDFC ERGO,2295722,16088,Yearly,2025-12-23,2027-03-31,Active,Family of Shivam
INS00715,CUST00403,INS003,HDFC ERGO Optima Secure,Health,HDFC ERGO,6879002,16891,Yearly,2025-07-10,2024-12-17,Active,Family of Riddhi
INS00716,CUST00403,INS006,HDFC ERGO Travel Insurance,Travel,HDFC ERGO,9458327,4901,Yearly,2020-08-26,2018-01-23,Active,Family of Riddhi
INS00717,CUST00403,INS008,HDFC ERGO Personal Accident,Personal Accident,HDFC ERGO,8830422,7888,Yearly,2024-03-13,2018-09-17,Active,Family of Riddhi
INS00718,CUST00405,INS004,HDFC ERGO Optima Family Floater,Health,HDFC ERGO,3511222,21902,Yearly,2020-03-25,2021-06-28,Active,Family of Madhuri
INS00719,CUST00407,INS001,HDFC Life Click 2 Protect,Life,HDFC Life,3376443,10919,Yearly,2018-10-20,2023-09-28,Active,Family of Jai
INS00720,CUST00407,INS004,HDFC ERGO Optima Family Floater,Health,HDFC ERGO,2792398,27199,Yearly,2020-04-29,2026-08-16,Active,Family of Jai
INS00721,CUST00408,INS001,HDFC Life Click 2 Protect,Life,HDFC Life,6569427,41504,Yearly,2017-04-01,2027-04-21,Active,Family of Vishal
INS00722,CUST00408,INS004,HDFC ERGO Optima Family Floater,Health,HDFC ERGO,5874035,35007,Yearly,2018-02-17,2027-05-01,Active,Family of Vishal
INS00723,CUST00409,INS004,HDFC ERGO Optima Family Floater,Health,HDFC ERGO,1353027,14884,Yearly,2026-03-25,2027-02-21,Active,Family of Shashank
INS00724,CUST00409,INS007,HDFC ERGO Motor Insurance,Motor,HDFC ERGO,1974316,22267,Yearly,2025-10-16,2027-04-06,Active,Family of Shashank
INS00725,CUST00409,INS009,HDFC ERGO Home Insurance,Home,HDFC ERGO,1487955,5967,Yearly,2025-09-30,2026-09-29,Active,Family of Shashank
INS00726,CUST00410,INS001,HDFC Life Click 2 Protect,Life,HDFC Life,21251935,16032,Yearly,2018-12-04,2022-02-20,Active,Family of Mihir
INS00727,CUST00410,INS004,HDFC ERGO Optima Family Floater,Health,HDFC ERGO,4363778,44288,Yearly,2026-02-27,2019-10-15,Active,Family of Mihir
INS00728,CUST00410,INS006,HDFC ERGO Travel Insurance,Travel,HDFC ERGO,15903193,8369,Yearly,2018-08-01,2024-11-04,Active,Family of Mihir
INS00729,CUST00410,INS011,HDFC Life Young Star Child Plan,Child Insurance,HDFC Life,20653810,76490,Yearly,2025-08-14,2021-07-10,Active,Family of Mihir
INS00730,CUST00411,INS001,HDFC Life Click 2 Protect,Life,HDFC Life,3589056,31874,Yearly,2026-02-09,2027-05-18,Active,Family of Shanaya
INS00731,CUST00412,INS005,HDFC ERGO Optima Senior,Health,HDFC ERGO,397699,12599,Yearly,2026-02-04,2022-04-25,Active,Family of Ayush
INS00732,CUST00413,INS001,HDFC Life Click 2 Protect,Life,HDFC Life,7966468,11107,Yearly,2021-10-14,2026-03-20,Active,Family of Kirti
INS00733,CUST00413,INS004,HDFC ERGO Optima Family Floater,Health,HDFC ERGO,3810946,47396,Yearly,2022-07-16,2023-05-14,Active,Family of Kirti
INS00734,CUST00413,INS007,HDFC ERGO Motor Insurance,Motor,HDFC ERGO,3756506,13771,Yearly,2023-04-25,2022-07-25,Active,Family of Kirti
INS00735,CUST00414,INS001,HDFC Life Click 2 Protect,Life,HDFC Life,3016361,48194,Yearly,2020-07-23,2025-02-28,Active,Family of Lakshya
INS00736,CUST00414,INS003,HDFC ERGO Optima Secure,Health,HDFC ERGO,4316491,32958,Yearly,2025-08-30,2021-01-12,Active,Family of Lakshya
INS00737,CUST00414,INS006,HDFC ERGO Travel Insurance,Travel,HDFC ERGO,5681242,8905,Yearly,2020-01-11,2026-12-31,Active,Family of Lakshya
INS00738,CUST00415,INS004,HDFC ERGO Optima Family Floater,Health,HDFC ERGO,6088365,39793,Yearly,2023-01-19,2025-01-05,Active,Family of Arjun
INS00739,CUST00415,INS006,HDFC ERGO Travel Insurance,Travel,HDFC ERGO,1979916,4976,Yearly,2025-06-18,2025-06-02,Active,Family of Arjun
INS00740,CUST00415,INS008,HDFC ERGO Personal Accident,Personal Accident,HDFC ERGO,2824584,12949,Yearly,2026-05-25,2025-02-06,Active,Family of Arjun
INS00741,CUST00416,INS007,HDFC ERGO Motor Insurance,Motor,HDFC ERGO,2449652,18472,Yearly,2026-03-17,2024-05-13,Active,Family of Kamlesh
INS00742,CUST00416,INS006,HDFC ERGO Travel Insurance,Travel,HDFC ERGO,1292510,6107,Yearly,2020-12-10,2022-01-24,Active,Family of Kamlesh
INS00743,CUST00417,INS007,HDFC ERGO Motor Insurance,Motor,HDFC ERGO,2953013,21542,Yearly,2025-12-28,2023-08-08,Active,Family of Anvi
INS00744,CUST00418,INS004,HDFC ERGO Optima Family Floater,Health,HDFC ERGO,3885781,18753,Yearly,2026-02-22,2026-10-10,Active,Family of Sunita
INS00745,CUST00419,INS003,HDFC ERGO Optima Secure,Health,HDFC ERGO,554654,14811,Yearly,2026-01-28,2024-10-13,Active,Family of Amrita
INS00746,CUST00419,INS007,HDFC ERGO Motor Insurance,Motor,HDFC ERGO,2508190,6317,Yearly,2023-11-08,2020-05-01,Active,Family of Amrita
INS00747,CUST00420,INS004,HDFC ERGO Optima Family Floater,Health,HDFC ERGO,2976368,42262,Yearly,2025-12-09,2027-05-19,Active,Family of Nirav
INS00748,CUST00421,INS005,HDFC ERGO Optima Senior,Health,HDFC ERGO,2750457,13318,Yearly,2021-03-10,2024-10-14,Active,Family of Om
INS00749,CUST00422,INS007,HDFC ERGO Motor Insurance,Motor,HDFC ERGO,4991467,3679,Yearly,2026-03-17,2027-06-26,Active,Family of Swati
INS00750,CUST00423,INS004,HDFC ERGO Optima Family Floater,Health,HDFC ERGO,9164927,13468,Yearly,2024-05-28,2027-07-15,Active,Family of Zoya
INS00751,CUST00423,INS008,HDFC ERGO Personal Accident,Personal Accident,HDFC ERGO,9149039,12827,Yearly,2025-04-21,2024-09-16,Active,Family of Zoya
INS00752,CUST00424,INS004,HDFC ERGO Optima Family Floater,Health,HDFC ERGO,8076583,52824,Yearly,2019-08-25,2020-03-05,Active,Family of Arjun
INS00753,CUST00424,INS007,HDFC ERGO Motor Insurance,Motor,HDFC ERGO,155114,28061,Yearly,2022-10-16,2025-05-08,Active,Family of Arjun
INS00754,CUST00425,INS001,HDFC Life Click 2 Protect,Life,HDFC Life,9965865,48740,Yearly,2022-05-23,2023-11-08,Active,Family of Dhruv
INS00755,CUST00425,INS004,HDFC ERGO Optima Family Floater,Health,HDFC ERGO,16863291,30116,Yearly,2024-05-10,2023-06-13,Active,Family of Dhruv
INS00756,CUST00425,INS006,HDFC ERGO Travel Insurance,Travel,HDFC ERGO,12626504,1998,Yearly,2025-03-07,2026-03-15,Active,Family of Dhruv
INS00757,CUST00427,INS001,HDFC Life Click 2 Protect,Life,HDFC Life,8163681,49041,Yearly,2021-02-19,2025-03-08,Active,Family of Amrita
INS00758,CUST00427,INS004,HDFC ERGO Optima Family Floater,Health,HDFC ERGO,5679630,44485,Yearly,2024-12-01,2023-04-02,Active,Family of Amrita
INS00759,CUST00427,INS006,HDFC ERGO Travel Insurance,Travel,HDFC ERGO,11828612,3567,Yearly,2026-07-12,2022-10-05,Active,Family of Amrita
INS00760,CUST00427,INS008,HDFC ERGO Personal Accident,Personal Accident,HDFC ERGO,9901952,14091,Yearly,2025-11-24,2026-02-04,Active,Family of Amrita
INS00761,CUST00428,INS001,HDFC Life Click 2 Protect,Life,HDFC Life,2639525,10832,Yearly,2021-01-14,2020-11-06,Active,Family of Keshav
INS00762,CUST00428,INS004,HDFC ERGO Optima Family Floater,Health,HDFC ERGO,1538244,11709,Yearly,2019-11-10,2024-05-27,Active,Family of Keshav
INS00763,CUST00429,INS001,HDFC Life Click 2 Protect,Life,HDFC Life,9124076,22173,Yearly,2025-11-27,2026-11-30,Active,Family of Garima
INS00764,CUST00429,INS004,HDFC ERGO Optima Family Floater,Health,HDFC ERGO,10328132,16541,Yearly,2026-05-30,2027-01-27,Active,Family of Garima
INS00765,CUST00430,INS004,HDFC ERGO Optima Family Floater,Health,HDFC ERGO,2700663,12121,Yearly,2024-11-02,2026-04-09,Active,Family of Nikita
INS00766,CUST00430,INS007,HDFC ERGO Motor Insurance,Motor,HDFC ERGO,1443212,15610,Yearly,2025-12-22,2026-04-19,Active,Family of Nikita
INS00767,CUST00430,INS008,HDFC ERGO Personal Accident,Personal Accident,HDFC ERGO,2825421,1719,Yearly,2024-10-27,2026-10-27,Active,Family of Nikita
INS00768,CUST00431,INS004,HDFC ERGO Optima Family Floater,Health,HDFC ERGO,5671636,55517,Yearly,2026-07-17,2023-10-20,Active,Family of Nikhil
INS00769,CUST00433,INS007,HDFC ERGO Motor Insurance,Motor,HDFC ERGO,568124,3701,Yearly,2021-11-01,2023-09-26,Active,Family of Adarsh
INS00770,CUST00433,INS006,HDFC ERGO Travel Insurance,Travel,HDFC ERGO,1847773,838,Yearly,2021-12-22,2026-09-18,Active,Family of Adarsh
INS00771,CUST00434,INS003,HDFC ERGO Optima Secure,Health,HDFC ERGO,1739955,9721,Yearly,2023-09-01,2024-05-19,Active,Family of Karan
INS00772,CUST00435,INS001,HDFC Life Click 2 Protect,Life,HDFC Life,2725447,6680,Yearly,2022-11-16,2025-10-03,Active,Family of Lalita
INS00773,CUST00435,INS003,HDFC ERGO Optima Secure,Health,HDFC ERGO,3188860,19277,Yearly,2023-11-17,2025-09-21,Active,Family of Lalita
INS00774,CUST00436,INS003,HDFC ERGO Optima Secure,Health,HDFC ERGO,8251377,36163,Yearly,2021-07-27,2022-07-02,Active,Family of Sharanya
INS00775,CUST00437,INS001,HDFC Life Click 2 Protect,Life,HDFC Life,3292940,14598,Yearly,2023-12-01,2026-10-13,Active,Family of Pooja
INS00776,CUST00437,INS007,HDFC ERGO Motor Insurance,Motor,HDFC ERGO,3849918,5206,Yearly,2023-08-31,2024-08-12,Active,Family of Pooja
INS00777,CUST00438,INS001,HDFC Life Click 2 Protect,Life,HDFC Life,8929192,11660,Yearly,2022-04-01,2026-06-16,Active,Family of Yamini
INS00778,CUST00438,INS004,HDFC ERGO Optima Family Floater,Health,HDFC ERGO,6085851,23609,Yearly,2021-05-23,2024-05-31,Active,Family of Yamini
INS00779,CUST00438,INS008,HDFC ERGO Personal Accident,Personal Accident,HDFC ERGO,1417883,12982,Yearly,2021-12-19,2023-07-18,Active,Family of Yamini
INS00780,CUST00439,INS004,HDFC ERGO Optima Family Floater,Health,HDFC ERGO,3224707,12141,Yearly,2019-07-16,2024-08-25,Active,Family of Atharv
INS00781,CUST00440,INS003,HDFC ERGO Optima Secure,Health,HDFC ERGO,19956494,31529,Yearly,2025-10-25,2023-11-29,Active,Family of Aradhana
INS00782,CUST00440,INS007,HDFC ERGO Motor Insurance,Motor,HDFC ERGO,3116313,14312,Yearly,2025-05-31,2024-11-04,Active,Family of Aradhana
INS00783,CUST00440,INS010,HDFC Life Click 2 Wealth ULIP,ULIP,HDFC Life,4720261,105755,Yearly,2024-12-13,2027-03-16,Active,Family of Aradhana
INS00784,CUST00441,INS001,HDFC Life Click 2 Protect,Life,HDFC Life,3013873,6189,Yearly,2020-04-11,2019-06-25,Active,Family of Vijayendra
INS00785,CUST00442,INS004,HDFC ERGO Optima Family Floater,Health,HDFC ERGO,5906147,54045,Yearly,2021-10-29,2027-04-14,Active,Family of Aditya
INS00786,CUST00442,INS007,HDFC ERGO Motor Insurance,Motor,HDFC ERGO,4196220,5011,Yearly,2025-03-21,2020-12-06,Active,Family of Aditya
INS00787,CUST00442,INS006,HDFC ERGO Travel Insurance,Travel,HDFC ERGO,5929077,4272,Yearly,2025-08-19,2023-06-23,Active,Family of Aditya
INS00788,CUST00442,INS011,HDFC Life Young Star Child Plan,Child Insurance,HDFC Life,14285648,83529,Yearly,2020-12-01,2026-06-16,Active,Family of Aditya
INS00789,CUST00443,INS004,HDFC ERGO Optima Family Floater,Health,HDFC ERGO,8057680,56379,Yearly,2023-05-22,2021-06-23,Active,Family of Aman
INS00790,CUST00443,INS008,HDFC ERGO Personal Accident,Personal Accident,HDFC ERGO,3120597,9732,Yearly,2019-01-02,2022-06-02,Active,Family of Aman
INS00791,CUST00444,INS003,HDFC ERGO Optima Secure,Health,HDFC ERGO,5743488,33196,Yearly,2026-03-03,2027-01-21,Active,Family of Sakshi
INS00792,CUST00445,INS003,HDFC ERGO Optima Secure,Health,HDFC ERGO,2999612,33059,Yearly,2024-02-07,2026-07-03,Active,Family of Dev
INS00793,CUST00447,INS009,HDFC ERGO Home Insurance,Home,HDFC ERGO,1752898,13312,Yearly,2026-03-05,2022-03-09,Active,Family of Kartik
INS00794,CUST00447,INS008,HDFC ERGO Personal Accident,Personal Accident,HDFC ERGO,1044911,11472,Yearly,2021-12-15,2026-10-11,Active,Family of Kartik
INS00795,CUST00448,INS001,HDFC Life Click 2 Protect,Life,HDFC Life,2842518,14234,Yearly,2026-01-28,2026-12-11,Active,Family of Mihika
INS00796,CUST00448,INS004,HDFC ERGO Optima Family Floater,Health,HDFC ERGO,655247,17626,Yearly,2026-01-07,2027-04-16,Active,Family of Mihika
INS00797,CUST00448,INS008,HDFC ERGO Personal Accident,Personal Accident,HDFC ERGO,3569126,2151,Yearly,2025-06-18,2027-05-24,Active,Family of Mihika
INS00798,CUST00449,INS004,HDFC ERGO Optima Family Floater,Health,HDFC ERGO,2722143,11854,Yearly,2020-12-10,2022-06-10,Active,Family of Shreya
INS00799,CUST00449,INS007,HDFC ERGO Motor Insurance,Motor,HDFC ERGO,436390,18021,Yearly,2023-01-23,2023-04-21,Active,Family of Shreya
INS00800,CUST00450,INS001,HDFC Life Click 2 Protect,Life,HDFC Life,9091543,7343,Yearly,2025-10-15,2027-03-26,Active,Family of Rahul
INS00801,CUST00450,INS007,HDFC ERGO Motor Insurance,Motor,HDFC ERGO,4285139,11347,Yearly,2025-11-26,2027-02-01,Active,Family of Rahul
INS00802,CUST00450,INS006,HDFC ERGO Travel Insurance,Travel,HDFC ERGO,8834547,1090,Yearly,2025-12-03,2027-05-05,Active,Family of Rahul
INS00803,CUST00451,INS007,HDFC ERGO Motor Insurance,Motor,HDFC ERGO,1238479,28930,Yearly,2025-08-03,2026-10-22,Active,Family of Aarav
INS00804,CUST00453,INS001,HDFC Life Click 2 Protect,Life,HDFC Life,5033854,34243,Yearly,2026-05-19,2024-05-31,Active,Family of Alisha
INS00805,CUST00454,INS001,HDFC Life Click 2 Protect,Life,HDFC Life,12998066,32268,Yearly,2022-11-29,2025-11-10,Active,Family of Adarsh
INS00806,CUST00454,INS004,HDFC ERGO Optima Family Floater,Health,HDFC ERGO,17445205,56510,Yearly,2021-03-20,2025-10-03,Active,Family of Adarsh
INS00807,CUST00454,INS010,HDFC Life Click 2 Wealth ULIP,ULIP,HDFC Life,10161075,99223,Yearly,2021-07-28,2023-03-28,Active,Family of Adarsh
INS00808,CUST00456,INS001,HDFC Life Click 2 Protect,Life,HDFC Life,7272356,37361,Yearly,2022-01-12,2027-06-24,Active,Family of Arjun
INS00809,CUST00456,INS007,HDFC ERGO Motor Insurance,Motor,HDFC ERGO,977898,19977,Yearly,2021-09-06,2021-05-27,Active,Family of Arjun
INS00810,CUST00456,INS006,HDFC ERGO Travel Insurance,Travel,HDFC ERGO,3981077,922,Yearly,2025-04-16,2026-10-26,Active,Family of Arjun
INS00811,CUST00456,INS008,HDFC ERGO Personal Accident,Personal Accident,HDFC ERGO,2440725,1534,Yearly,2019-10-20,2023-07-24,Active,Family of Arjun
INS00812,CUST00457,INS001,HDFC Life Click 2 Protect,Life,HDFC Life,56744192,38236,Yearly,2024-04-06,2021-11-20,Active,Family of Aaliya
INS00813,CUST00459,INS001,HDFC Life Click 2 Protect,Life,HDFC Life,15886670,44382,Yearly,2018-05-20,2025-02-21,Active,Family of Arnav
INS00814,CUST00459,INS004,HDFC ERGO Optima Family Floater,Health,HDFC ERGO,12335736,29102,Yearly,2023-02-14,2026-01-06,Active,Family of Arnav
INS00815,CUST00459,INS006,HDFC ERGO Travel Insurance,Travel,HDFC ERGO,1542114,6380,Yearly,2022-12-29,2026-03-08,Active,Family of Arnav
INS00816,CUST00460,INS004,HDFC ERGO Optima Family Floater,Health,HDFC ERGO,11193268,59145,Yearly,2025-05-11,2027-03-26,Active,Family of Palak
INS00817,CUST00460,INS011,HDFC Life Young Star Child Plan,Child Insurance,HDFC Life,13668797,48828,Yearly,2026-05-30,2026-04-09,Active,Family of Palak
INS00818,CUST00461,INS001,HDFC Life Click 2 Protect,Life,HDFC Life,2825235,24273,Yearly,2023-10-25,2025-10-06,Active,Family of Yash
INS00819,CUST00462,INS001,HDFC Life Click 2 Protect,Life,HDFC Life,2547405,10600,Yearly,2023-05-24,2020-06-30,Active,Family of Harini
INS00820,CUST00462,INS008,HDFC ERGO Personal Accident,Personal Accident,HDFC ERGO,1556221,7559,Yearly,2020-10-27,2025-07-23,Active,Family of Harini
INS00821,CUST00463,INS005,HDFC ERGO Optima Senior,Health,HDFC ERGO,223428,12000,Yearly,2019-05-22,2025-12-05,Active,Family of Jai
INS00822,CUST00464,INS001,HDFC Life Click 2 Protect,Life,HDFC Life,3675660,10791,Yearly,2023-04-26,2024-11-06,Active,Family of Pallavi
INS00823,CUST00465,INS003,HDFC ERGO Optima Secure,Health,HDFC ERGO,5712928,17115,Yearly,2025-10-05,2026-05-10,Active,Family of Shrey
INS00824,CUST00468,INS003,HDFC ERGO Optima Secure,Health,HDFC ERGO,14341553,14669,Yearly,2025-08-19,2027-07-05,Active,Family of Charvi
INS00825,CUST00468,INS007,HDFC ERGO Motor Insurance,Motor,HDFC ERGO,327504,7574,Yearly,2025-06-07,2027-05-13,Active,Family of Charvi
INS00826,CUST00468,INS006,HDFC ERGO Travel Insurance,Travel,HDFC ERGO,5426512,5325,Yearly,2026-02-06,2027-01-31,Active,Family of Charvi
INS00827,CUST00469,INS005,HDFC ERGO Optima Senior,Health,HDFC ERGO,1079582,13341,Yearly,2025-05-06,2024-04-16,Active,Family of Lakshya
INS00828,CUST00470,INS007,HDFC ERGO Motor Insurance,Motor,HDFC ERGO,3592070,10872,Yearly,2025-08-25,2027-02-24,Active,Family of Kirti
INS00829,CUST00470,INS008,HDFC ERGO Personal Accident,Personal Accident,HDFC ERGO,1403647,3177,Yearly,2025-10-25,2027-02-17,Active,Family of Kirti
INS00830,CUST00472,INS001,HDFC Life Click 2 Protect,Life,HDFC Life,57771020,22349,Yearly,2022-07-29,2026-08-29,Active,Family of Prachi
INS00831,CUST00473,INS004,HDFC ERGO Optima Family Floater,Health,HDFC ERGO,1056419,10000,Yearly,2026-04-10,2025-06-27,Active,Family of Dev
INS00832,CUST00473,INS007,HDFC ERGO Motor Insurance,Motor,HDFC ERGO,496645,8693,Yearly,2023-04-03,2020-05-17,Active,Family of Dev
INS00833,CUST00474,INS003,HDFC ERGO Optima Secure,Health,HDFC ERGO,1623454,38392,Yearly,2016-02-23,2017-07-15,Active,Family of Varun
INS00834,CUST00474,INS006,HDFC ERGO Travel Insurance,Travel,HDFC ERGO,49068971,2288,Yearly,2025-08-27,2025-10-06,Active,Family of Varun
INS00835,CUST00476,INS001,HDFC Life Click 2 Protect,Life,HDFC Life,7874523,42447,Yearly,2019-08-14,2024-04-22,Active,Family of Neel
INS00836,CUST00476,INS004,HDFC ERGO Optima Family Floater,Health,HDFC ERGO,562144,34065,Yearly,2026-05-12,2023-07-01,Active,Family of Neel
INS00837,CUST00476,INS007,HDFC ERGO Motor Insurance,Motor,HDFC ERGO,676192,24006,Yearly,2024-05-09,2026-07-23,Active,Family of Neel
INS00838,CUST00476,INS006,HDFC ERGO Travel Insurance,Travel,HDFC ERGO,4625822,7800,Yearly,2021-06-22,2021-06-05,Active,Family of Neel
INS00839,CUST00476,INS008,HDFC ERGO Personal Accident,Personal Accident,HDFC ERGO,4614286,9723,Yearly,2021-07-16,2025-09-13,Active,Family of Neel
INS00840,CUST00477,INS001,HDFC Life Click 2 Protect,Life,HDFC Life,3859824,48460,Yearly,2020-11-18,2023-05-14,Active,Family of Sakshi
INS00841,CUST00477,INS004,HDFC ERGO Optima Family Floater,Health,HDFC ERGO,8200001,52175,Yearly,2022-07-24,2025-12-07,Active,Family of Sakshi
INS00842,CUST00477,INS008,HDFC ERGO Personal Accident,Personal Accident,HDFC ERGO,6130516,6617,Yearly,2026-02-17,2027-05-31,Active,Family of Sakshi
INS00843,CUST00479,INS003,HDFC ERGO Optima Secure,Health,HDFC ERGO,10814714,36911,Yearly,2025-05-04,2022-03-08,Active,Family of Arjun
INS00844,CUST00479,INS006,HDFC ERGO Travel Insurance,Travel,HDFC ERGO,8182298,8491,Yearly,2018-12-28,2025-07-03,Active,Family of Arjun
INS00845,CUST00480,INS001,HDFC Life Click 2 Protect,Life,HDFC Life,2548363,26956,Yearly,2023-05-28,2026-01-09,Active,Family of Meera
INS00846,CUST00480,INS006,HDFC ERGO Travel Insurance,Travel,HDFC ERGO,2717182,8654,Yearly,2022-11-06,2025-12-11,Active,Family of Meera
INS00847,CUST00481,INS001,HDFC Life Click 2 Protect,Life,HDFC Life,2568954,6111,Yearly,2023-04-25,2027-07-08,Active,Family of Shanti
INS00848,CUST00481,INS004,HDFC ERGO Optima Family Floater,Health,HDFC ERGO,1851858,13608,Yearly,2023-08-09,2025-01-09,Active,Family of Shanti
INS00849,CUST00482,INS001,HDFC Life Click 2 Protect,Life,HDFC Life,3220414,16531,Yearly,2024-02-15,2022-08-12,Active,Family of Prachi
INS00850,CUST00482,INS004,HDFC ERGO Optima Family Floater,Health,HDFC ERGO,3885458,20432,Yearly,2017-01-13,2025-10-26,Active,Family of Prachi
INS00851,CUST00482,INS008,HDFC ERGO Personal Accident,Personal Accident,HDFC ERGO,3192472,8741,Yearly,2017-04-27,2027-01-13,Active,Family of Prachi
INS00852,CUST00483,INS004,HDFC ERGO Optima Family Floater,Health,HDFC ERGO,2220944,18335,Yearly,2022-01-11,2020-10-04,Active,Family of Jiya
INS00853,CUST00483,INS007,HDFC ERGO Motor Insurance,Motor,HDFC ERGO,4888520,12586,Yearly,2023-06-30,2020-05-30,Active,Family of Jiya
INS00854,CUST00483,INS006,HDFC ERGO Travel Insurance,Travel,HDFC ERGO,48420468,3062,Yearly,2019-08-20,2021-02-20,Active,Family of Jiya
INS00855,CUST00484,INS001,HDFC Life Click 2 Protect,Life,HDFC Life,2587401,16382,Yearly,2024-04-16,2026-04-02,Active,Family of Darshan
INS00856,CUST00484,INS004,HDFC ERGO Optima Family Floater,Health,HDFC ERGO,976113,20295,Yearly,2025-11-03,2027-02-09,Active,Family of Darshan
INS00857,CUST00485,INS001,HDFC Life Click 2 Protect,Life,HDFC Life,2879586,49880,Yearly,2024-09-08,2025-09-12,Active,Family of Rakesh
INS00858,CUST00485,INS004,HDFC ERGO Optima Family Floater,Health,HDFC ERGO,8331313,19398,Yearly,2023-07-23,2026-08-07,Active,Family of Rakesh
INS00859,CUST00486,INS001,HDFC Life Click 2 Protect,Life,HDFC Life,2638772,11770,Yearly,2024-03-21,2023-03-24,Active,Family of Soham
INS00860,CUST00487,INS001,HDFC Life Click 2 Protect,Life,HDFC Life,4117021,29289,Yearly,2026-06-10,2025-10-26,Active,Family of Kamla
INS00861,CUST00487,INS004,HDFC ERGO Optima Family Floater,Health,HDFC ERGO,1111197,22453,Yearly,2024-11-11,2026-02-20,Active,Family of Kamla
INS00862,CUST00488,INS001,HDFC Life Click 2 Protect,Life,HDFC Life,3467697,9671,Yearly,2017-07-01,2026-10-07,Active,Family of Varsha
INS00863,CUST00488,INS004,HDFC ERGO Optima Family Floater,Health,HDFC ERGO,1456751,32071,Yearly,2018-08-26,2021-07-13,Active,Family of Varsha
INS00864,CUST00489,INS001,HDFC Life Click 2 Protect,Life,HDFC Life,5470258,40526,Yearly,2023-04-16,2025-06-29,Active,Family of Geeta
INS00865,CUST00489,INS004,HDFC ERGO Optima Family Floater,Health,HDFC ERGO,8505471,32013,Yearly,2018-06-18,2019-03-05,Active,Family of Geeta
INS00866,CUST00489,INS007,HDFC ERGO Motor Insurance,Motor,HDFC ERGO,1300580,29593,Yearly,2023-04-29,2022-12-24,Active,Family of Geeta
INS00867,CUST00489,INS006,HDFC ERGO Travel Insurance,Travel,HDFC ERGO,19351780,758,Yearly,2023-03-02,2018-12-15,Active,Family of Geeta
INS00868,CUST00492,INS004,HDFC ERGO Optima Family Floater,Health,HDFC ERGO,945602,15324,Yearly,2025-02-14,2026-01-19,Active,Family of Sana
INS00869,CUST00494,INS004,HDFC ERGO Optima Family Floater,Health,HDFC ERGO,1800889,18255,Yearly,2023-04-08,2026-01-03,Active,Family of Jiya
INS00870,CUST00494,INS007,HDFC ERGO Motor Insurance,Motor,HDFC ERGO,1403022,16700,Yearly,2024-01-06,2023-09-17,Active,Family of Jiya
INS00871,CUST00494,INS006,HDFC ERGO Travel Insurance,Travel,HDFC ERGO,4437406,8166,Yearly,2025-11-20,2024-02-16,Active,Family of Jiya
INS00872,CUST00495,INS004,HDFC ERGO Optima Family Floater,Health,HDFC ERGO,1048937,17378,Yearly,2026-04-02,2026-03-27,Active,Family of Sandhya
INS00873,CUST00496,INS001,HDFC Life Click 2 Protect,Life,HDFC Life,11839141,49189,Yearly,2021-11-01,2024-07-29,Active,Family of Kalpana
INS00874,CUST00496,INS011,HDFC Life Young Star Child Plan,Child Insurance,HDFC Life,3452709,68729,Yearly,2021-04-17,2021-06-10,Active,Family of Kalpana
INS00875,CUST00497,INS001,HDFC Life Click 2 Protect,Life,HDFC Life,6003118,5266,Yearly,2026-06-20,2024-11-17,Active,Family of Kavita
INS00876,CUST00498,INS001,HDFC Life Click 2 Protect,Life,HDFC Life,4139569,22816,Yearly,2022-06-23,2026-02-27,Active,Family of Tanisha
INS00877,CUST00498,INS005,HDFC ERGO Optima Senior,Health,HDFC ERGO,4199407,61628,Yearly,2023-09-15,2024-02-02,Active,Family of Tanisha
INS00878,CUST00498,INS008,HDFC ERGO Personal Accident,Personal Accident,HDFC ERGO,1993381,6321,Yearly,2022-10-29,2022-05-21,Active,Family of Tanisha
INS00879,CUST00500,INS004,HDFC ERGO Optima Family Floater,Health,HDFC ERGO,3456202,28545,Yearly,2018-09-27,2021-05-11,Active,Family of Bhavesh
INS00880,CUST00500,INS007,HDFC ERGO Motor Insurance,Motor,HDFC ERGO,3088215,5333,Yearly,2020-03-27,2021-11-18,Active,Family of Bhavesh
INS00881,CUST00501,INS006,HDFC ERGO Travel Insurance,Travel,HDFC ERGO,3810789,7918,Yearly,2025-07-22,2024-02-13,Active,Family of Shashank
INS00882,CUST00502,INS001,HDFC Life Click 2 Protect,Life,HDFC Life,3419627,42499,Yearly,2023-12-27,2025-03-29,Active,Family of Vaibhav
INS00883,CUST00502,INS004,HDFC ERGO Optima Family Floater,Health,HDFC ERGO,8579631,25770,Yearly,2025-09-28,2023-03-13,Active,Family of Vaibhav
INS00884,CUST00503,INS001,HDFC Life Click 2 Protect,Life,HDFC Life,3066138,30094,Yearly,2026-02-06,2025-09-21,Active,Family of Pooja
INS00885,CUST00505,INS003,HDFC ERGO Optima Secure,Health,HDFC ERGO,15419789,18079,Yearly,2021-06-12,2021-09-23,Active,Family of Deepak
INS00886,CUST00506,INS011,HDFC Life Young Star Child Plan,Child Insurance,HDFC Life,6403780,47368,Yearly,2015-07-30,2024-04-03,Active,Family of Gauri
INS00887,CUST00507,INS005,HDFC ERGO Optima Senior,Health,HDFC ERGO,1635270,20379,Yearly,2026-07-14,2026-10-08,Active,Family of Tejas
INS00888,CUST00508,INS001,HDFC Life Click 2 Protect,Life,HDFC Life,13256922,43397,Yearly,2015-10-20,2020-04-02,Active,Family of Shivam
INS00889,CUST00509,INS001,HDFC Life Click 2 Protect,Life,HDFC Life,3304668,26245,Yearly,2020-10-26,2024-04-06,Active,Family of Rekha
INS00890,CUST00509,INS004,HDFC ERGO Optima Family Floater,Health,HDFC ERGO,5785202,40886,Yearly,2018-07-22,2022-01-22,Active,Family of Rekha
INS00891,CUST00510,INS001,HDFC Life Click 2 Protect,Life,HDFC Life,11956777,5191,Yearly,2022-12-04,2027-07-18,Active,Family of Sonali
INS00892,CUST00511,INS001,HDFC Life Click 2 Protect,Life,HDFC Life,5042658,12916,Yearly,2025-06-05,2027-03-01,Active,Family of Mitali
INS00893,CUST00511,INS004,HDFC ERGO Optima Family Floater,Health,HDFC ERGO,4255935,22113,Yearly,2026-06-04,2027-01-05,Active,Family of Mitali
INS00894,CUST00512,INS004,HDFC ERGO Optima Family Floater,Health,HDFC ERGO,12386161,48427,Yearly,2025-11-13,2027-06-06,Active,Family of Avinash
INS00895,CUST00512,INS007,HDFC ERGO Motor Insurance,Motor,HDFC ERGO,4037082,28595,Yearly,2025-05-15,2026-07-11,Active,Family of Avinash
INS00896,CUST00513,INS004,HDFC ERGO Optima Family Floater,Health,HDFC ERGO,1948519,21283,Yearly,2024-05-19,2017-09-08,Active,Family of Alok
INS00897,CUST00513,INS006,HDFC ERGO Travel Insurance,Travel,HDFC ERGO,3060513,1387,Yearly,2019-04-14,2022-12-11,Active,Family of Alok
INS00898,CUST00514,INS004,HDFC ERGO Optima Family Floater,Health,HDFC ERGO,2380432,11144,Yearly,2018-01-02,2022-03-03,Active,Family of Muskan
INS00899,CUST00514,INS008,HDFC ERGO Personal Accident,Personal Accident,HDFC ERGO,5861312,13086,Yearly,2018-05-12,2023-12-04,Active,Family of Muskan
INS00900,CUST00515,INS004,HDFC ERGO Optima Family Floater,Health,HDFC ERGO,7954415,26071,Yearly,2023-03-26,2020-12-28,Active,Family of Rashi
INS00901,CUST00516,INS001,HDFC Life Click 2 Protect,Life,HDFC Life,3363871,16820,Yearly,2025-12-21,2027-06-12,Active,Family of Vandana
INS00902,CUST00516,INS004,HDFC ERGO Optima Family Floater,Health,HDFC ERGO,1602597,10031,Yearly,2026-03-09,2027-02-07,Active,Family of Vandana
INS00903,CUST00516,INS007,HDFC ERGO Motor Insurance,Motor,HDFC ERGO,1362723,12289,Yearly,2026-01-04,2027-01-28,Active,Family of Vandana
INS00904,CUST00517,INS001,HDFC Life Click 2 Protect,Life,HDFC Life,6590924,19067,Yearly,2026-07-03,2027-07-02,Active,Family of Vidhi
INS00905,CUST00517,INS007,HDFC ERGO Motor Insurance,Motor,HDFC ERGO,3801880,28467,Yearly,2025-06-26,2027-02-27,Active,Family of Vidhi
INS00906,CUST00517,INS008,HDFC ERGO Personal Accident,Personal Accident,HDFC ERGO,1469602,5717,Yearly,2025-08-09,2027-01-12,Active,Family of Vidhi
INS00907,CUST00518,INS004,HDFC ERGO Optima Family Floater,Health,HDFC ERGO,2998801,13845,Yearly,2025-02-18,2025-11-13,Active,Family of Pranita
INS00908,CUST00519,INS001,HDFC Life Click 2 Protect,Life,HDFC Life,4139691,25230,Yearly,2019-06-23,2022-08-19,Active,Family of Radhika
INS00909,CUST00519,INS004,HDFC ERGO Optima Family Floater,Health,HDFC ERGO,2157438,39736,Yearly,2025-03-30,2019-02-17,Active,Family of Radhika
INS00910,CUST00520,INS001,HDFC Life Click 2 Protect,Life,HDFC Life,21589172,12306,Yearly,2025-11-18,2027-04-26,Active,Family of Sonia
INS00911,CUST00520,INS005,HDFC ERGO Optima Senior,Health,HDFC ERGO,2557055,33343,Yearly,2025-04-14,2027-04-19,Active,Family of Sonia
INS00912,CUST00520,INS006,HDFC ERGO Travel Insurance,Travel,HDFC ERGO,19644146,6789,Yearly,2026-02-07,2027-03-26,Active,Family of Sonia
INS00913,CUST00523,INS009,HDFC ERGO Home Insurance,Home,HDFC ERGO,12111243,7593,Yearly,2021-08-11,2024-05-21,Active,Family of Abhinav
INS00914,CUST00524,INS001,HDFC Life Click 2 Protect,Life,HDFC Life,13851327,6501,Yearly,2025-02-27,2023-06-19,Active,Family of Ananya
INS00915,CUST00524,INS004,HDFC ERGO Optima Family Floater,Health,HDFC ERGO,8306617,51898,Yearly,2024-06-05,2027-06-22,Active,Family of Ananya
INS00916,CUST00525,INS004,HDFC ERGO Optima Family Floater,Health,HDFC ERGO,4883018,39695,Yearly,2025-05-19,2023-11-26,Active,Family of Dhruv
INS00917,CUST00526,INS001,HDFC Life Click 2 Protect,Life,HDFC Life,2535417,33737,Yearly,2020-03-04,2026-07-05,Active,Family of Kavita
INS00918,CUST00527,INS001,HDFC Life Click 2 Protect,Life,HDFC Life,18474982,35491,Yearly,2022-03-12,2025-11-26,Active,Family of Ramesh
INS00919,CUST00527,INS004,HDFC ERGO Optima Family Floater,Health,HDFC ERGO,4042614,51744,Yearly,2024-03-27,2026-12-22,Active,Family of Ramesh
INS00920,CUST00527,INS010,HDFC Life Click 2 Wealth ULIP,ULIP,HDFC Life,1044389,35307,Yearly,2024-01-20,2027-05-27,Active,Family of Ramesh
INS00921,CUST00528,INS004,HDFC ERGO Optima Family Floater,Health,HDFC ERGO,6886830,15023,Yearly,2016-09-01,2024-08-20,Active,Family of Aaliya
INS00922,CUST00528,INS008,HDFC ERGO Personal Accident,Personal Accident,HDFC ERGO,3704695,14327,Yearly,2025-07-12,2025-12-04,Active,Family of Aaliya
INS00923,CUST00529,INS003,HDFC ERGO Optima Secure,Health,HDFC ERGO,2532903,7030,Yearly,2015-08-27,2026-02-28,Active,Family of Radhika
INS00924,CUST00530,INS005,HDFC ERGO Optima Senior,Health,HDFC ERGO,200000,12000,Yearly,2026-06-22,2027-05-22,Active,Family of Swati
INS00925,CUST00531,INS001,HDFC Life Click 2 Protect,Life,HDFC Life,12536432,44973,Yearly,2020-04-26,2020-12-30,Active,Family of Sneha
INS00926,CUST00531,INS004,HDFC ERGO Optima Family Floater,Health,HDFC ERGO,8767067,56843,Yearly,2020-11-28,2025-03-08,Active,Family of Sneha
INS00927,CUST00532,INS001,HDFC Life Click 2 Protect,Life,HDFC Life,25612439,41250,Yearly,2026-07-02,2018-12-09,Active,Family of Pranav
INS00928,CUST00532,INS004,HDFC ERGO Optima Family Floater,Health,HDFC ERGO,10756163,26307,Yearly,2024-05-19,2027-04-03,Active,Family of Pranav
INS00929,CUST00532,INS006,HDFC ERGO Travel Insurance,Travel,HDFC ERGO,35040604,7335,Yearly,2024-08-07,2018-05-06,Active,Family of Pranav
INS00930,CUST00533,INS004,HDFC ERGO Optima Family Floater,Health,HDFC ERGO,2659367,34290,Yearly,2017-09-27,2025-08-29,Active,Family of Raj
INS00931,CUST00533,INS006,HDFC ERGO Travel Insurance,Travel,HDFC ERGO,43749153,998,Yearly,2023-10-17,2021-04-11,Active,Family of Raj
INS00932,CUST00533,INS010,HDFC Life Click 2 Wealth ULIP,ULIP,HDFC Life,31331832,96950,Yearly,2022-10-13,2020-10-31,Active,Family of Raj
INS00933,CUST00534,INS001,HDFC Life Click 2 Protect,Life,HDFC Life,37031132,29667,Yearly,2024-11-17,2024-05-14,Active,Family of Sanjana
INS00934,CUST00534,INS004,HDFC ERGO Optima Family Floater,Health,HDFC ERGO,17485657,23025,Yearly,2023-11-15,2026-07-30,Active,Family of Sanjana
INS00935,CUST00534,INS008,HDFC ERGO Personal Accident,Personal Accident,HDFC ERGO,5750879,10350,Yearly,2024-06-25,2024-01-10,Active,Family of Sanjana
INS00936,CUST00535,INS001,HDFC Life Click 2 Protect,Life,HDFC Life,14763838,20809,Yearly,2023-01-24,2024-03-13,Active,Family of Kamlesh
INS00937,CUST00536,INS001,HDFC Life Click 2 Protect,Life,HDFC Life,2984400,7242,Yearly,2021-05-04,2026-05-20,Active,Family of Yash
INS00938,CUST00536,INS007,HDFC ERGO Motor Insurance,Motor,HDFC ERGO,2955717,19826,Yearly,2024-04-07,2019-08-26,Active,Family of Yash
INS00939,CUST00537,INS004,HDFC ERGO Optima Family Floater,Health,HDFC ERGO,3649927,35154,Yearly,2024-06-06,2025-03-04,Active,Family of Muskan
INS00940,CUST00537,INS007,HDFC ERGO Motor Insurance,Motor,HDFC ERGO,1177363,24025,Yearly,2025-09-28,2024-08-26,Active,Family of Muskan
INS00941,CUST00538,INS004,HDFC ERGO Optima Family Floater,Health,HDFC ERGO,2662417,20160,Yearly,2026-05-12,2021-07-25,Active,Family of Dhruv
INS00942,CUST00538,INS007,HDFC ERGO Motor Insurance,Motor,HDFC ERGO,2243997,12534,Yearly,2018-11-24,2024-04-18,Active,Family of Dhruv
INS00943,CUST00539,INS001,HDFC Life Click 2 Protect,Life,HDFC Life,5685535,38138,Yearly,2022-01-14,2019-02-18,Active,Family of Kamlesh
INS00944,CUST00539,INS004,HDFC ERGO Optima Family Floater,Health,HDFC ERGO,2067320,13824,Yearly,2021-04-13,2018-10-08,Active,Family of Kamlesh
INS00945,CUST00540,INS004,HDFC ERGO Optima Family Floater,Health,HDFC ERGO,556253,10000,Yearly,2026-01-15,2026-10-07,Active,Family of Sahil
INS00946,CUST00541,INS007,HDFC ERGO Motor Insurance,Motor,HDFC ERGO,2668700,7298,Yearly,2022-04-07,2025-05-06,Active,Family of Krisha
INS00947,CUST00541,INS009,HDFC ERGO Home Insurance,Home,HDFC ERGO,15589139,18984,Yearly,2017-06-15,2022-04-17,Active,Family of Krisha
INS00948,CUST00541,INS006,HDFC ERGO Travel Insurance,Travel,HDFC ERGO,29791965,7114,Yearly,2019-05-08,2025-06-20,Active,Family of Krisha
INS00949,CUST00542,INS001,HDFC Life Click 2 Protect,Life,HDFC Life,2894136,26872,Yearly,2025-09-22,2026-09-29,Active,Family of Chirag
INS00950,CUST00542,INS004,HDFC ERGO Optima Family Floater,Health,HDFC ERGO,12472344,10811,Yearly,2026-02-15,2026-11-24,Active,Family of Chirag
INS00951,CUST00543,INS004,HDFC ERGO Optima Family Floater,Health,HDFC ERGO,3211337,37249,Yearly,2026-01-08,2023-12-08,Active,Family of Vidhi
INS00952,CUST00544,INS001,HDFC Life Click 2 Protect,Life,HDFC Life,6593762,35744,Yearly,2023-05-06,2026-08-18,Active,Family of Ankita
INS00953,CUST00544,INS004,HDFC ERGO Optima Family Floater,Health,HDFC ERGO,2344466,56177,Yearly,2022-10-14,2024-12-08,Active,Family of Ankita
INS00954,CUST00544,INS006,HDFC ERGO Travel Insurance,Travel,HDFC ERGO,11751871,4522,Yearly,2025-07-31,2024-09-28,Active,Family of Ankita
INS00955,CUST00545,INS007,HDFC ERGO Motor Insurance,Motor,HDFC ERGO,4890471,10382,Yearly,2023-02-15,2018-05-04,Active,Family of Rekha
INS00956,CUST00546,INS001,HDFC Life Click 2 Protect,Life,HDFC Life,5261308,46458,Yearly,2026-06-13,2027-05-25,Active,Family of Kavya
INS00957,CUST00546,INS004,HDFC ERGO Optima Family Floater,Health,HDFC ERGO,5550335,13521,Yearly,2026-06-22,2026-11-01,Active,Family of Kavya
INS00958,CUST00546,INS007,HDFC ERGO Motor Insurance,Motor,HDFC ERGO,4652882,16898,Yearly,2026-01-05,2026-12-12,Active,Family of Kavya
INS00959,CUST00547,INS001,HDFC Life Click 2 Protect,Life,HDFC Life,35445164,20967,Yearly,2023-12-04,2024-10-01,Active,Family of Aradhana
INS00960,CUST00547,INS004,HDFC ERGO Optima Family Floater,Health,HDFC ERGO,5503085,29591,Yearly,2024-04-11,2023-11-19,Active,Family of Aradhana
INS00961,CUST00547,INS006,HDFC ERGO Travel Insurance,Travel,HDFC ERGO,38909391,8898,Yearly,2025-03-27,2025-09-26,Active,Family of Aradhana
INS00962,CUST00549,INS005,HDFC ERGO Optima Senior,Health,HDFC ERGO,294857,76154,Yearly,2020-07-26,2022-12-23,Active,Family of Ankit
INS00963,CUST00549,INS007,HDFC ERGO Motor Insurance,Motor,HDFC ERGO,4943758,17370,Yearly,2025-04-22,2023-05-10,Active,Family of Ankit
INS00964,CUST00550,INS004,HDFC ERGO Optima Family Floater,Health,HDFC ERGO,1230809,10000,Yearly,2022-09-02,2027-05-17,Active,Family of Girish
INS00965,CUST00552,INS001,HDFC Life Click 2 Protect,Life,HDFC Life,6027427,38578,Yearly,2026-06-03,2027-03-17,Active,Family of Kanchan
INS00966,CUST00552,INS004,HDFC ERGO Optima Family Floater,Health,HDFC ERGO,3010742,44689,Yearly,2026-02-17,2027-05-14,Active,Family of Kanchan
INS00967,CUST00552,INS007,HDFC ERGO Motor Insurance,Motor,HDFC ERGO,1864909,17660,Yearly,2026-06-06,2027-04-04,Active,Family of Kanchan
INS00968,CUST00552,INS006,HDFC ERGO Travel Insurance,Travel,HDFC ERGO,6348413,6707,Yearly,2025-11-25,2026-11-05,Active,Family of Kanchan
INS00969,CUST00552,INS010,HDFC Life Click 2 Wealth ULIP,ULIP,HDFC Life,10620185,65614,Yearly,2026-07-14,2027-07-06,Active,Family of Kanchan
INS00970,CUST00553,INS001,HDFC Life Click 2 Protect,Life,HDFC Life,8306180,19125,Yearly,2023-07-25,2022-04-05,Active,Family of Bhavana
INS00971,CUST00553,INS004,HDFC ERGO Optima Family Floater,Health,HDFC ERGO,3147982,37817,Yearly,2020-12-26,2020-09-07,Active,Family of Bhavana
INS00972,CUST00553,INS006,HDFC ERGO Travel Insurance,Travel,HDFC ERGO,8422779,9611,Yearly,2023-09-13,2021-03-21,Active,Family of Bhavana
INS00973,CUST00553,INS011,HDFC Life Young Star Child Plan,Child Insurance,HDFC Life,5092657,55163,Yearly,2024-11-26,2020-05-10,Active,Family of Bhavana
INS00974,CUST00554,INS006,HDFC ERGO Travel Insurance,Travel,HDFC ERGO,2298245,8871,Yearly,2024-04-16,2026-09-16,Active,Family of Tanya
INS00975,CUST00555,INS003,HDFC ERGO Optima Secure,Health,HDFC ERGO,4229823,29645,Yearly,2026-03-17,2026-12-27,Active,Family of Swati
INS00976,CUST00555,INS007,HDFC ERGO Motor Insurance,Motor,HDFC ERGO,3701061,7632,Yearly,2026-02-07,2027-07-01,Active,Family of Swati
INS00977,CUST00556,INS008,HDFC ERGO Personal Accident,Personal Accident,HDFC ERGO,1574318,5733,Yearly,2023-11-20,2025-04-20,Active,Family of Amrita
INS00978,CUST00557,INS001,HDFC Life Click 2 Protect,Life,HDFC Life,3300055,19856,Yearly,2024-08-18,2027-06-27,Active,Family of Harish
INS00979,CUST00557,INS004,HDFC ERGO Optima Family Floater,Health,HDFC ERGO,2422684,29697,Yearly,2026-01-18,2025-12-19,Active,Family of Harish
INS00980,CUST00557,INS007,HDFC ERGO Motor Insurance,Motor,HDFC ERGO,1210112,13288,Yearly,2026-02-02,2026-10-18,Active,Family of Harish
INS00981,CUST00559,INS003,HDFC ERGO Optima Secure,Health,HDFC ERGO,15021194,30651,Yearly,2026-03-18,2018-06-14,Active,Family of Yogesh
INS00982,CUST00559,INS006,HDFC ERGO Travel Insurance,Travel,HDFC ERGO,1897208,6216,Yearly,2026-03-10,2023-07-26,Active,Family of Yogesh
INS00983,CUST00560,INS001,HDFC Life Click 2 Protect,Life,HDFC Life,62900385,36782,Yearly,2023-04-15,2026-10-03,Active,Family of Bhumika
INS00984,CUST00560,INS007,HDFC ERGO Motor Insurance,Motor,HDFC ERGO,2191519,10182,Yearly,2022-04-02,2026-08-22,Active,Family of Bhumika
INS00985,CUST00560,INS008,HDFC ERGO Personal Accident,Personal Accident,HDFC ERGO,6707481,5811,Yearly,2023-02-13,2024-08-10,Active,Family of Bhumika
INS00986,CUST00562,INS001,HDFC Life Click 2 Protect,Life,HDFC Life,11745319,19983,Yearly,2023-02-25,2022-06-25,Active,Family of Kavita
INS00987,CUST00562,INS004,HDFC ERGO Optima Family Floater,Health,HDFC ERGO,3932024,46768,Yearly,2024-10-16,2023-01-09,Active,Family of Kavita
INS00988,CUST00562,INS007,HDFC ERGO Motor Insurance,Motor,HDFC ERGO,2359705,17058,Yearly,2025-09-19,2024-06-19,Active,Family of Kavita
INS00989,CUST00562,INS006,HDFC ERGO Travel Insurance,Travel,HDFC ERGO,3744513,6923,Yearly,2023-06-30,2025-04-23,Active,Family of Kavita
INS00990,CUST00563,INS004,HDFC ERGO Optima Family Floater,Health,HDFC ERGO,11598593,27915,Yearly,2020-09-07,2020-10-27,Active,Family of Komal
INS00991,CUST00563,INS007,HDFC ERGO Motor Insurance,Motor,HDFC ERGO,2734772,26106,Yearly,2026-04-13,2027-02-12,Active,Family of Komal
INS00992,CUST00563,INS006,HDFC ERGO Travel Insurance,Travel,HDFC ERGO,8006589,9146,Yearly,2021-12-03,2024-06-26,Active,Family of Komal
INS00993,CUST00564,INS004,HDFC ERGO Optima Family Floater,Health,HDFC ERGO,3299696,20650,Yearly,2022-09-02,2022-03-23,Active,Family of Anirudh
INS00994,CUST00565,INS001,HDFC Life Click 2 Protect,Life,HDFC Life,9636323,36872,Yearly,2025-10-29,2027-04-17,Active,Family of Ashok
INS00995,CUST00565,INS003,HDFC ERGO Optima Secure,Health,HDFC ERGO,6366637,36605,Yearly,2026-06-03,2026-11-09,Active,Family of Ashok
INS00996,CUST00565,INS006,HDFC ERGO Travel Insurance,Travel,HDFC ERGO,8594797,4714,Yearly,2026-03-18,2027-03-17,Active,Family of Ashok
INS00997,CUST00567,INS004,HDFC ERGO Optima Family Floater,Health,HDFC ERGO,3894672,21361,Yearly,2024-07-04,2025-05-10,Active,Family of Sarthak
INS00998,CUST00567,INS008,HDFC ERGO Personal Accident,Personal Accident,HDFC ERGO,3955975,7723,Yearly,2021-05-29,2026-01-26,Active,Family of Sarthak
INS00999,CUST00568,INS008,HDFC ERGO Personal Accident,Personal Accident,HDFC ERGO,1570327,6841,Yearly,2026-05-01,2026-10-04,Active,Family of Manav
INS01000,CUST00569,INS001,HDFC Life Click 2 Protect,Life,HDFC Life,2949801,21755,Yearly,2024-05-02,2025-01-25,Active,Family of Savita
INS01001,CUST00570,INS004,HDFC ERGO Optima Family Floater,Health,HDFC ERGO,7466211,31029,Yearly,2026-07-09,2026-06-01,Active,Family of Jayesh
INS01002,CUST00570,INS007,HDFC ERGO Motor Insurance,Motor,HDFC ERGO,744543,4521,Yearly,2025-04-28,2027-05-24,Active,Family of Jayesh
INS01003,CUST00570,INS006,HDFC ERGO Travel Insurance,Travel,HDFC ERGO,2221335,3441,Yearly,2026-04-10,2026-06-19,Active,Family of Jayesh
INS01004,CUST00571,INS001,HDFC Life Click 2 Protect,Life,HDFC Life,7508220,40175,Yearly,2021-06-08,2022-07-17,Active,Family of Mitali
INS01005,CUST00572,INS001,HDFC Life Click 2 Protect,Life,HDFC Life,2917780,29449,Yearly,2025-10-31,2027-02-18,Active,Family of Uday
INS01006,CUST00572,INS004,HDFC ERGO Optima Family Floater,Health,HDFC ERGO,19591864,42469,Yearly,2026-07-19,2026-09-15,Active,Family of Uday
INS01007,CUST00572,INS006,HDFC ERGO Travel Insurance,Travel,HDFC ERGO,4131773,9095,Yearly,2025-12-15,2027-01-23,Active,Family of Uday
INS01008,CUST00572,INS008,HDFC ERGO Personal Accident,Personal Accident,HDFC ERGO,5371970,11783,Yearly,2025-12-11,2027-07-08,Active,Family of Uday
INS01009,CUST00573,INS001,HDFC Life Click 2 Protect,Life,HDFC Life,2933576,20127,Yearly,2024-06-30,2025-01-22,Active,Family of Esha
INS01010,CUST00573,INS008,HDFC ERGO Personal Accident,Personal Accident,HDFC ERGO,2341078,7294,Yearly,2025-07-15,2021-09-22,Active,Family of Esha
INS01011,CUST00574,INS001,HDFC Life Click 2 Protect,Life,HDFC Life,7076123,46238,Yearly,2026-01-19,2025-07-01,Active,Family of Meera
INS01012,CUST00575,INS004,HDFC ERGO Optima Family Floater,Health,HDFC ERGO,2075943,12764,Yearly,2023-03-18,2019-04-10,Active,Family of Ved
INS01013,CUST00576,INS001,HDFC Life Click 2 Protect,Life,HDFC Life,9879657,12687,Yearly,2024-01-05,2025-03-27,Active,Family of Harsh
INS01014,CUST00576,INS004,HDFC ERGO Optima Family Floater,Health,HDFC ERGO,3919219,32956,Yearly,2024-07-11,2026-04-03,Active,Family of Harsh
INS01015,CUST00577,INS001,HDFC Life Click 2 Protect,Life,HDFC Life,27193032,10695,Yearly,2023-10-04,2023-09-29,Active,Family of Parth
INS01016,CUST00577,INS004,HDFC ERGO Optima Family Floater,Health,HDFC ERGO,1484952,50297,Yearly,2022-09-05,2024-11-07,Active,Family of Parth
INS01017,CUST00577,INS009,HDFC ERGO Home Insurance,Home,HDFC ERGO,23492654,14483,Yearly,2022-07-24,2025-08-13,Active,Family of Parth
INS01018,CUST00577,INS006,HDFC ERGO Travel Insurance,Travel,HDFC ERGO,14401967,1941,Yearly,2024-11-10,2024-10-17,Active,Family of Parth
INS01019,CUST00578,INS001,HDFC Life Click 2 Protect,Life,HDFC Life,6719776,35160,Yearly,2025-05-03,2025-10-14,Active,Family of Vidhi
INS01020,CUST00578,INS006,HDFC ERGO Travel Insurance,Travel,HDFC ERGO,2877989,3724,Yearly,2026-02-27,2027-07-17,Active,Family of Vidhi
INS01021,CUST00578,INS008,HDFC ERGO Personal Accident,Personal Accident,HDFC ERGO,5018821,4605,Yearly,2026-05-13,2026-01-31,Active,Family of Vidhi
INS01022,CUST00579,INS001,HDFC Life Click 2 Protect,Life,HDFC Life,6595203,13689,Yearly,2024-09-29,2026-08-22,Active,Family of Krishna
INS01023,CUST00579,INS004,HDFC ERGO Optima Family Floater,Health,HDFC ERGO,8462470,46054,Yearly,2022-01-20,2026-11-06,Active,Family of Krishna
INS01024,CUST00579,INS007,HDFC ERGO Motor Insurance,Motor,HDFC ERGO,109788,17817,Yearly,2022-04-04,2025-11-21,Active,Family of Krishna
INS01025,CUST00580,INS001,HDFC Life Click 2 Protect,Life,HDFC Life,5404836,26953,Yearly,2023-10-24,2025-08-16,Active,Family of Nisha
INS01026,CUST00580,INS004,HDFC ERGO Optima Family Floater,Health,HDFC ERGO,7968317,13594,Yearly,2023-01-14,2026-07-25,Active,Family of Nisha
INS01027,CUST00581,INS001,HDFC Life Click 2 Protect,Life,HDFC Life,2758003,30657,Yearly,2025-12-13,2026-06-25,Active,Family of Sagar
INS01028,CUST00581,INS007,HDFC ERGO Motor Insurance,Motor,HDFC ERGO,3314439,22436,Yearly,2024-09-04,2025-03-26,Active,Family of Sagar
INS01029,CUST00581,INS009,HDFC ERGO Home Insurance,Home,HDFC ERGO,23528365,10379,Yearly,2023-11-06,2026-03-30,Active,Family of Sagar
INS01030,CUST00581,INS006,HDFC ERGO Travel Insurance,Travel,HDFC ERGO,9584962,8028,Yearly,2023-07-02,2023-07-10,Active,Family of Sagar
INS01031,CUST00581,INS010,HDFC Life Click 2 Wealth ULIP,ULIP,HDFC Life,2667152,162369,Yearly,2024-02-15,2027-03-07,Active,Family of Sagar
INS01032,CUST00582,INS001,HDFC Life Click 2 Protect,Life,HDFC Life,2500000,10531,Yearly,2026-02-03,2027-07-06,Active,Family of Rohan
INS01033,CUST00583,INS001,HDFC Life Click 2 Protect,Life,HDFC Life,18942161,17832,Yearly,2016-06-30,2027-06-08,Active,Family of Deepti
INS01034,CUST00583,INS006,HDFC ERGO Travel Insurance,Travel,HDFC ERGO,16466251,4479,Yearly,2020-12-12,2019-02-13,Active,Family of Deepti
INS01035,CUST00583,INS008,HDFC ERGO Personal Accident,Personal Accident,HDFC ERGO,6113697,13449,Yearly,2023-01-29,2020-05-04,Active,Family of Deepti
INS01036,CUST00583,INS011,HDFC Life Young Star Child Plan,Child Insurance,HDFC Life,4816043,62769,Yearly,2020-05-18,2027-03-05,Active,Family of Deepti
INS01037,CUST00584,INS001,HDFC Life Click 2 Protect,Life,HDFC Life,9195940,10346,Yearly,2024-09-16,2027-07-07,Active,Family of Abhay
INS01038,CUST00584,INS004,HDFC ERGO Optima Family Floater,Health,HDFC ERGO,5293574,13215,Yearly,2024-06-21,2023-06-19,Active,Family of Abhay
INS01039,CUST00585,INS001,HDFC Life Click 2 Protect,Life,HDFC Life,2985338,28573,Yearly,2018-05-26,2021-08-11,Active,Family of Anshul
INS01040,CUST00585,INS004,HDFC ERGO Optima Family Floater,Health,HDFC ERGO,3496053,33857,Yearly,2025-03-10,2019-09-07,Active,Family of Anshul
INS01041,CUST00585,INS007,HDFC ERGO Motor Insurance,Motor,HDFC ERGO,1899162,4434,Yearly,2018-01-03,2023-09-07,Active,Family of Anshul
INS01042,CUST00585,INS008,HDFC ERGO Personal Accident,Personal Accident,HDFC ERGO,6994342,1568,Yearly,2025-08-05,2019-11-27,Active,Family of Anshul
INS01043,CUST00586,INS006,HDFC ERGO Travel Insurance,Travel,HDFC ERGO,10724889,1335,Yearly,2026-04-10,2022-04-26,Active,Family of Vineeta
INS01044,CUST00587,INS001,HDFC Life Click 2 Protect,Life,HDFC Life,84023729,27755,Yearly,2025-10-16,2025-11-02,Active,Family of Ishita
INS01045,CUST00587,INS006,HDFC ERGO Travel Insurance,Travel,HDFC ERGO,45616984,7563,Yearly,2025-07-30,2026-01-25,Active,Family of Ishita
INS01046,CUST00588,INS004,HDFC ERGO Optima Family Floater,Health,HDFC ERGO,18004823,22642,Yearly,2025-08-30,2026-03-26,Active,Family of Namrata
INS01047,CUST00588,INS006,HDFC ERGO Travel Insurance,Travel,HDFC ERGO,20188069,7193,Yearly,2025-08-24,2025-09-15,Active,Family of Namrata
INS01048,CUST00589,INS001,HDFC Life Click 2 Protect,Life,HDFC Life,3055288,25857,Yearly,2022-11-18,2027-03-18,Active,Family of Karan
INS01049,CUST00589,INS004,HDFC ERGO Optima Family Floater,Health,HDFC ERGO,3991421,20744,Yearly,2023-04-05,2025-10-31,Active,Family of Karan
INS01050,CUST00590,INS004,HDFC ERGO Optima Family Floater,Health,HDFC ERGO,1803010,11231,Yearly,2018-11-02,2022-12-07,Active,Family of Atharv
INS01051,CUST00591,INS006,HDFC ERGO Travel Insurance,Travel,HDFC ERGO,5073440,7370,Yearly,2026-02-24,2022-02-22,Active,Family of Charvi
INS01052,CUST00592,INS004,HDFC ERGO Optima Family Floater,Health,HDFC ERGO,11251596,11434,Yearly,2021-05-13,2025-05-05,Active,Family of Aradhana
INS01053,CUST00592,INS007,HDFC ERGO Motor Insurance,Motor,HDFC ERGO,2002769,27388,Yearly,2026-05-22,2025-07-20,Active,Family of Aradhana
INS01054,CUST00592,INS008,HDFC ERGO Personal Accident,Personal Accident,HDFC ERGO,8157036,12396,Yearly,2021-04-05,2020-03-29,Active,Family of Aradhana
INS01055,CUST00593,INS001,HDFC Life Click 2 Protect,Life,HDFC Life,3698628,20605,Yearly,2022-08-27,2022-08-13,Active,Family of Harini
INS01056,CUST00593,INS004,HDFC ERGO Optima Family Floater,Health,HDFC ERGO,3618182,24384,Yearly,2022-03-05,2022-02-08,Active,Family of Harini
INS01057,CUST00594,INS001,HDFC Life Click 2 Protect,Life,HDFC Life,17157790,36880,Yearly,2026-02-28,2026-04-26,Active,Family of Amrita
INS01058,CUST00595,INS001,HDFC Life Click 2 Protect,Life,HDFC Life,5888037,31860,Yearly,2021-04-08,2022-10-27,Active,Family of Sonali
INS01059,CUST00595,INS004,HDFC ERGO Optima Family Floater,Health,HDFC ERGO,3435482,36209,Yearly,2023-05-01,2026-04-28,Active,Family of Sonali
INS01060,CUST00596,INS004,HDFC ERGO Optima Family Floater,Health,HDFC ERGO,6056939,14174,Yearly,2020-07-12,2026-12-13,Active,Family of Akshay
INS01061,CUST00597,INS001,HDFC Life Click 2 Protect,Life,HDFC Life,2698766,15613,Yearly,2025-01-25,2023-10-03,Active,Family of Rekha
INS01062,CUST00597,INS004,HDFC ERGO Optima Family Floater,Health,HDFC ERGO,1753498,14250,Yearly,2024-08-27,2026-11-16,Active,Family of Rekha
INS01063,CUST00598,INS001,HDFC Life Click 2 Protect,Life,HDFC Life,5362480,9848,Yearly,2021-04-14,2022-10-04,Active,Family of Tanya
INS01064,CUST00598,INS009,HDFC ERGO Home Insurance,Home,HDFC ERGO,4775070,14559,Yearly,2023-05-02,2021-07-25,Active,Family of Tanya
INS01065,CUST00599,INS001,HDFC Life Click 2 Protect,Life,HDFC Life,6046931,45695,Yearly,2022-04-08,2023-12-24,Active,Family of Varun
INS01066,CUST00599,INS006,HDFC ERGO Travel Insurance,Travel,HDFC ERGO,1281602,3875,Yearly,2020-09-05,2021-01-18,Active,Family of Varun
INS01067,CUST00599,INS008,HDFC ERGO Personal Accident,Personal Accident,HDFC ERGO,8402552,7491,Yearly,2024-10-10,2025-10-12,Active,Family of Varun
INS01068,CUST00600,INS004,HDFC ERGO Optima Family Floater,Health,HDFC ERGO,4100840,33763,Yearly,2025-09-13,2026-11-02,Active,Family of Yamini
INS01069,CUST00601,INS001,HDFC Life Click 2 Protect,Life,HDFC Life,3041373,7660,Yearly,2025-10-10,2025-04-29,Active,Family of Pratik
INS01070,CUST00602,INS005,HDFC ERGO Optima Senior,Health,HDFC ERGO,453185,12000,Yearly,2026-05-30,2026-12-29,Active,Family of Aastha
INS01071,CUST00602,INS007,HDFC ERGO Motor Insurance,Motor,HDFC ERGO,108648,3361,Yearly,2021-02-26,2023-04-11,Active,Family of Aastha
INS01072,CUST00603,INS001,HDFC Life Click 2 Protect,Life,HDFC Life,14768113,7538,Yearly,2025-02-04,2023-02-02,Active,Family of Aradhana
INS01073,CUST00603,INS004,HDFC ERGO Optima Family Floater,Health,HDFC ERGO,8506907,11303,Yearly,2023-10-15,2021-06-23,Active,Family of Aradhana
INS01074,CUST00603,INS007,HDFC ERGO Motor Insurance,Motor,HDFC ERGO,2954398,13006,Yearly,2020-01-21,2025-04-19,Active,Family of Aradhana
INS01075,CUST00603,INS008,HDFC ERGO Personal Accident,Personal Accident,HDFC ERGO,1520050,9086,Yearly,2023-10-20,2022-08-12,Active,Family of Aradhana
INS01076,CUST00604,INS006,HDFC ERGO Travel Insurance,Travel,HDFC ERGO,7292575,8590,Yearly,2024-12-31,2026-07-09,Active,Family of Muskan
INS01077,CUST00605,INS001,HDFC Life Click 2 Protect,Life,HDFC Life,8080920,8553,Yearly,2026-01-20,2025-11-27,Active,Family of Ishita
INS01078,CUST00605,INS004,HDFC ERGO Optima Family Floater,Health,HDFC ERGO,7012286,26785,Yearly,2024-11-24,2026-06-22,Active,Family of Ishita
INS01079,CUST00606,INS004,HDFC ERGO Optima Family Floater,Health,HDFC ERGO,1192179,22716,Yearly,2025-12-23,2026-09-10,Active,Family of Varun
INS01080,CUST00608,INS004,HDFC ERGO Optima Family Floater,Health,HDFC ERGO,962057,10000,Yearly,2023-08-08,2026-03-22,Active,Family of Nikhil
INS01081,CUST00609,INS004,HDFC ERGO Optima Family Floater,Health,HDFC ERGO,5135318,17696,Yearly,2023-10-29,2025-04-15,Active,Family of Kajal
INS01082,CUST00609,INS007,HDFC ERGO Motor Insurance,Motor,HDFC ERGO,768481,3263,Yearly,2018-09-26,2026-11-01,Active,Family of Kajal
INS01083,CUST00609,INS006,HDFC ERGO Travel Insurance,Travel,HDFC ERGO,3212287,9850,Yearly,2018-11-28,2022-09-02,Active,Family of Kajal
INS01084,CUST00610,INS004,HDFC ERGO Optima Family Floater,Health,HDFC ERGO,750562,22132,Yearly,2025-06-01,2022-06-09,Active,Family of Sameer
INS01085,CUST00610,INS008,HDFC ERGO Personal Accident,Personal Accident,HDFC ERGO,6806118,13720,Yearly,2019-08-10,2021-06-10,Active,Family of Sameer
INS01086,CUST00610,INS011,HDFC Life Young Star Child Plan,Child Insurance,HDFC Life,6851855,50808,Yearly,2021-10-20,2026-08-27,Active,Family of Sameer
INS01087,CUST00611,INS004,HDFC ERGO Optima Family Floater,Health,HDFC ERGO,17280885,46856,Yearly,2023-02-23,2023-05-26,Active,Family of Gopal
INS01088,CUST00612,INS004,HDFC ERGO Optima Family Floater,Health,HDFC ERGO,6313582,53027,Yearly,2021-07-01,2027-06-22,Active,Family of Bharat
INS01089,CUST00614,INS001,HDFC Life Click 2 Protect,Life,HDFC Life,3496305,35480,Yearly,2021-04-02,2018-04-15,Active,Family of Om
INS01090,CUST00614,INS003,HDFC ERGO Optima Secure,Health,HDFC ERGO,3162503,27863,Yearly,2024-01-28,2027-01-10,Active,Family of Om
INS01091,CUST00614,INS007,HDFC ERGO Motor Insurance,Motor,HDFC ERGO,758589,29541,Yearly,2026-03-31,2022-10-28,Active,Family of Om
INS01092,CUST00614,INS010,HDFC Life Click 2 Wealth ULIP,ULIP,HDFC Life,1821538,35303,Yearly,2018-10-04,2018-03-19,Active,Family of Om
INS01093,CUST00615,INS004,HDFC ERGO Optima Family Floater,Health,HDFC ERGO,13841852,25139,Yearly,2023-03-09,2026-06-11,Active,Family of Ankit
INS01094,CUST00615,INS007,HDFC ERGO Motor Insurance,Motor,HDFC ERGO,3750393,15872,Yearly,2025-01-23,2026-08-27,Active,Family of Ankit
INS01095,CUST00615,INS009,HDFC ERGO Home Insurance,Home,HDFC ERGO,28090426,5246,Yearly,2022-08-09,2024-03-29,Active,Family of Ankit
INS01096,CUST00615,INS006,HDFC ERGO Travel Insurance,Travel,HDFC ERGO,5523228,6106,Yearly,2023-05-07,2024-05-12,Active,Family of Ankit
INS01097,CUST00616,INS006,HDFC ERGO Travel Insurance,Travel,HDFC ERGO,3788648,9690,Yearly,2024-11-07,2027-02-11,Active,Family of Esha
INS01098,CUST00616,INS011,HDFC Life Young Star Child Plan,Child Insurance,HDFC Life,3689847,26383,Yearly,2023-10-09,2027-06-09,Active,Family of Esha
INS01099,CUST00617,INS007,HDFC ERGO Motor Insurance,Motor,HDFC ERGO,1072559,14929,Yearly,2024-12-28,2026-06-09,Active,Family of Ashok
INS01100,CUST00618,INS001,HDFC Life Click 2 Protect,Life,HDFC Life,12238344,13426,Yearly,2023-09-21,2025-04-14,Active,Family of Kanchan
INS01101,CUST00618,INS004,HDFC ERGO Optima Family Floater,Health,HDFC ERGO,13927719,16341,Yearly,2023-03-19,2025-03-23,Active,Family of Kanchan
INS01102,CUST00618,INS007,HDFC ERGO Motor Insurance,Motor,HDFC ERGO,132787,18997,Yearly,2023-04-24,2026-01-20,Active,Family of Kanchan
INS01103,CUST00619,INS001,HDFC Life Click 2 Protect,Life,HDFC Life,2500000,8906,Yearly,2020-05-22,2024-06-01,Active,Family of Tanish
INS01104,CUST00620,INS003,HDFC ERGO Optima Secure,Health,HDFC ERGO,6036972,37190,Yearly,2021-08-21,2025-04-14,Active,Family of Aryan
INS01105,CUST00620,INS006,HDFC ERGO Travel Insurance,Travel,HDFC ERGO,6267917,6209,Yearly,2024-04-18,2027-02-27,Active,Family of Aryan
INS01106,CUST00621,INS001,HDFC Life Click 2 Protect,Life,HDFC Life,10910294,45131,Yearly,2019-06-23,2019-12-29,Active,Family of Chirag
INS01107,CUST00621,INS005,HDFC ERGO Optima Senior,Health,HDFC ERGO,2146426,16449,Yearly,2019-02-05,2027-07-12,Active,Family of Chirag
INS01108,CUST00621,INS007,HDFC ERGO Motor Insurance,Motor,HDFC ERGO,4721702,4611,Yearly,2017-02-24,2025-05-17,Active,Family of Chirag
INS01109,CUST00621,INS008,HDFC ERGO Personal Accident,Personal Accident,HDFC ERGO,9461608,9383,Yearly,2018-04-08,2023-08-08,Active,Family of Chirag
INS01110,CUST00622,INS004,HDFC ERGO Optima Family Floater,Health,HDFC ERGO,760156,10000,Yearly,2022-11-02,2019-12-18,Active,Family of Rajesh
INS01111,CUST00623,INS004,HDFC ERGO Optima Family Floater,Health,HDFC ERGO,1766762,19527,Yearly,2024-09-02,2026-12-22,Active,Family of Jai
INS01112,CUST00623,INS008,HDFC ERGO Personal Accident,Personal Accident,HDFC ERGO,3017388,2946,Yearly,2022-09-04,2027-05-15,Active,Family of Jai
INS01113,CUST00624,INS004,HDFC ERGO Optima Family Floater,Health,HDFC ERGO,2773188,13624,Yearly,2024-01-25,2022-10-08,Active,Family of Kamlesh
INS01114,CUST00625,INS004,HDFC ERGO Optima Family Floater,Health,HDFC ERGO,2019745,20788,Yearly,2019-05-23,2026-09-18,Active,Family of Hrithik
INS01115,CUST00626,INS001,HDFC Life Click 2 Protect,Life,HDFC Life,3308402,20574,Yearly,2025-05-08,2025-10-15,Active,Family of Tejas
INS01116,CUST00626,INS003,HDFC ERGO Optima Secure,Health,HDFC ERGO,11497142,7774,Yearly,2025-04-04,2025-05-27,Active,Family of Tejas
INS01117,CUST00626,INS007,HDFC ERGO Motor Insurance,Motor,HDFC ERGO,604854,6779,Yearly,2024-12-13,2026-05-09,Active,Family of Tejas
INS01118,CUST00626,INS010,HDFC Life Click 2 Wealth ULIP,ULIP,HDFC Life,5970011,76723,Yearly,2026-03-28,2024-10-02,Active,Family of Tejas
INS01119,CUST00627,INS004,HDFC ERGO Optima Family Floater,Health,HDFC ERGO,12328607,34634,Yearly,2024-12-28,2025-08-22,Active,Family of Meera
INS01120,CUST00627,INS007,HDFC ERGO Motor Insurance,Motor,HDFC ERGO,3995259,22602,Yearly,2023-11-17,2025-11-16,Active,Family of Meera
INS01121,CUST00628,INS007,HDFC ERGO Motor Insurance,Motor,HDFC ERGO,280091,22250,Yearly,2021-06-14,2022-02-06,Active,Family of Shanti
INS01122,CUST00628,INS006,HDFC ERGO Travel Insurance,Travel,HDFC ERGO,28872194,9862,Yearly,2019-08-09,2025-12-22,Active,Family of Shanti
INS01123,CUST00629,INS004,HDFC ERGO Optima Family Floater,Health,HDFC ERGO,7538368,21810,Yearly,2020-03-07,2022-02-12,Active,Family of Ansh
INS01124,CUST00631,INS001,HDFC Life Click 2 Protect,Life,HDFC Life,4128281,30165,Yearly,2022-08-09,2021-10-14,Active,Family of Chirag
INS01125,CUST00631,INS004,HDFC ERGO Optima Family Floater,Health,HDFC ERGO,3200844,18688,Yearly,2021-05-02,2026-02-14,Active,Family of Chirag
INS01126,CUST00631,INS008,HDFC ERGO Personal Accident,Personal Accident,HDFC ERGO,2104780,1551,Yearly,2025-12-30,2023-01-02,Active,Family of Chirag
INS01127,CUST00631,INS010,HDFC Life Click 2 Wealth ULIP,ULIP,HDFC Life,6140789,45915,Yearly,2025-09-29,2024-03-15,Active,Family of Chirag
INS01128,CUST00632,INS001,HDFC Life Click 2 Protect,Life,HDFC Life,4087386,5381,Yearly,2020-07-26,2022-03-06,Active,Family of Keshav
INS01129,CUST00632,INS004,HDFC ERGO Optima Family Floater,Health,HDFC ERGO,4830699,21682,Yearly,2021-09-11,2025-02-24,Active,Family of Keshav
INS01130,CUST00632,INS007,HDFC ERGO Motor Insurance,Motor,HDFC ERGO,2709810,15617,Yearly,2021-08-29,2022-07-16,Active,Family of Keshav
INS01131,CUST00632,INS006,HDFC ERGO Travel Insurance,Travel,HDFC ERGO,3334464,6326,Yearly,2025-10-28,2027-02-01,Active,Family of Keshav
INS01132,CUST00633,INS004,HDFC ERGO Optima Family Floater,Health,HDFC ERGO,3791361,27197,Yearly,2016-10-16,2017-12-05,Active,Family of Avinash
INS01133,CUST00634,INS001,HDFC Life Click 2 Protect,Life,HDFC Life,3894108,9779,Yearly,2024-10-18,2026-01-22,Active,Family of Sumit
INS01134,CUST00634,INS009,HDFC ERGO Home Insurance,Home,HDFC ERGO,1778751,4156,Yearly,2025-06-01,2024-04-30,Active,Family of Sumit
INS01135,CUST00635,INS001,HDFC Life Click 2 Protect,Life,HDFC Life,2500000,5967,Yearly,2024-03-04,2021-07-20,Active,Family of Anika
INS01136,CUST00635,INS004,HDFC ERGO Optima Family Floater,Health,HDFC ERGO,695141,11200,Yearly,2021-11-08,2021-06-17,Active,Family of Anika
INS01137,CUST00636,INS004,HDFC ERGO Optima Family Floater,Health,HDFC ERGO,1366663,10000,Yearly,2025-10-27,2026-09-01,Active,Family of Mahi
INS01138,CUST00637,INS001,HDFC Life Click 2 Protect,Life,HDFC Life,4724004,10678,Yearly,2023-03-07,2021-01-09,Active,Family of Gayatri
INS01139,CUST00637,INS005,HDFC ERGO Optima Senior,Health,HDFC ERGO,2999016,44913,Yearly,2022-12-19,2026-08-25,Active,Family of Gayatri
INS01140,CUST00638,INS001,HDFC Life Click 2 Protect,Life,HDFC Life,9848392,28454,Yearly,2024-05-01,2021-04-11,Active,Family of Anshul
INS01141,CUST00638,INS004,HDFC ERGO Optima Family Floater,Health,HDFC ERGO,9230874,47612,Yearly,2024-06-15,2026-07-09,Active,Family of Anshul
INS01142,CUST00638,INS007,HDFC ERGO Motor Insurance,Motor,HDFC ERGO,1375138,21542,Yearly,2024-11-10,2020-08-10,Active,Family of Anshul
INS01143,CUST00638,INS006,HDFC ERGO Travel Insurance,Travel,HDFC ERGO,1659154,5558,Yearly,2023-02-19,2023-04-25,Active,Family of Anshul
INS01144,CUST00639,INS004,HDFC ERGO Optima Family Floater,Health,HDFC ERGO,2039127,21500,Yearly,2021-10-31,2022-07-30,Active,Family of Abhay
INS01145,CUST00640,INS001,HDFC Life Click 2 Protect,Life,HDFC Life,4891564,27576,Yearly,2019-11-16,2025-08-12,Active,Family of Sourabh
INS01146,CUST00640,INS004,HDFC ERGO Optima Family Floater,Health,HDFC ERGO,1965336,30579,Yearly,2023-10-14,2019-10-01,Active,Family of Sourabh
INS01147,CUST00641,INS001,HDFC Life Click 2 Protect,Life,HDFC Life,3827461,14259,Yearly,2023-01-17,2025-07-11,Active,Family of Anil
INS01148,CUST00641,INS004,HDFC ERGO Optima Family Floater,Health,HDFC ERGO,2594782,20069,Yearly,2023-05-20,2025-04-04,Active,Family of Anil
INS01149,CUST00641,INS007,HDFC ERGO Motor Insurance,Motor,HDFC ERGO,3983494,19784,Yearly,2025-07-14,2027-01-11,Active,Family of Anil
INS01150,CUST00642,INS007,HDFC ERGO Motor Insurance,Motor,HDFC ERGO,2084352,12717,Yearly,2026-01-13,2026-02-10,Active,Family of Arjun
INS01151,CUST00642,INS008,HDFC ERGO Personal Accident,Personal Accident,HDFC ERGO,9189307,8132,Yearly,2025-12-15,2026-12-18,Active,Family of Arjun
INS01152,CUST00643,INS001,HDFC Life Click 2 Protect,Life,HDFC Life,10470430,25533,Yearly,2024-06-25,2024-09-27,Active,Family of Nisha
INS01153,CUST00643,INS005,HDFC ERGO Optima Senior,Health,HDFC ERGO,2499247,50537,Yearly,2026-04-06,2023-01-08,Active,Family of Nisha
INS01154,CUST00643,INS007,HDFC ERGO Motor Insurance,Motor,HDFC ERGO,573908,19405,Yearly,2022-05-04,2026-06-09,Active,Family of Nisha
INS01155,CUST00644,INS001,HDFC Life Click 2 Protect,Life,HDFC Life,2841603,47870,Yearly,2024-03-29,2026-12-29,Active,Family of Balram
INS01156,CUST00644,INS004,HDFC ERGO Optima Family Floater,Health,HDFC ERGO,13565531,31114,Yearly,2026-06-14,2026-12-05,Active,Family of Balram
INS01157,CUST00644,INS007,HDFC ERGO Motor Insurance,Motor,HDFC ERGO,4773500,7535,Yearly,2024-10-24,2025-09-04,Active,Family of Balram
INS01158,CUST00645,INS001,HDFC Life Click 2 Protect,Life,HDFC Life,5897900,25546,Yearly,2022-01-16,2026-06-08,Active,Family of Harini
INS01159,CUST00645,INS004,HDFC ERGO Optima Family Floater,Health,HDFC ERGO,3352796,21860,Yearly,2022-09-11,2023-09-25,Active,Family of Harini
INS01160,CUST00645,INS006,HDFC ERGO Travel Insurance,Travel,HDFC ERGO,14250524,5746,Yearly,2025-01-09,2024-03-26,Active,Family of Harini
INS01161,CUST00646,INS004,HDFC ERGO Optima Family Floater,Health,HDFC ERGO,3495962,54625,Yearly,2021-07-07,2024-07-10,Active,Family of Ragini
INS01162,CUST00647,INS004,HDFC ERGO Optima Family Floater,Health,HDFC ERGO,15754560,51881,Yearly,2026-03-30,2027-01-27,Active,Family of Tanay
INS01163,CUST00647,INS006,HDFC ERGO Travel Insurance,Travel,HDFC ERGO,34574597,6454,Yearly,2026-02-25,2027-04-23,Active,Family of Tanay
INS01164,CUST00649,INS001,HDFC Life Click 2 Protect,Life,HDFC Life,2511924,16909,Yearly,2024-03-25,2025-05-14,Active,Family of Jai
INS01165,CUST00650,INS007,HDFC ERGO Motor Insurance,Motor,HDFC ERGO,1743940,29507,Yearly,2023-03-25,2024-04-27,Active,Family of Balram
INS01166,CUST00650,INS006,HDFC ERGO Travel Insurance,Travel,HDFC ERGO,4774436,4265,Yearly,2025-11-28,2017-06-02,Active,Family of Balram
INS01167,CUST00650,INS008,HDFC ERGO Personal Accident,Personal Accident,HDFC ERGO,2760502,7548,Yearly,2018-08-13,2018-06-28,Active,Family of Balram
INS01168,CUST00652,INS006,HDFC ERGO Travel Insurance,Travel,HDFC ERGO,47547524,2475,Yearly,2019-01-08,2019-07-08,Active,Family of Sunita
INS01169,CUST00653,INS009,HDFC ERGO Home Insurance,Home,HDFC ERGO,16677727,3047,Yearly,2026-06-18,2027-04-03,Active,Family of Harshad
INS01170,CUST00654,INS001,HDFC Life Click 2 Protect,Life,HDFC Life,8212939,5376,Yearly,2026-01-18,2026-05-02,Active,Family of Aradhana
INS01171,CUST00654,INS004,HDFC ERGO Optima Family Floater,Health,HDFC ERGO,9423401,38119,Yearly,2025-06-17,2026-07-13,Active,Family of Aradhana
INS01172,CUST00654,INS007,HDFC ERGO Motor Insurance,Motor,HDFC ERGO,4804327,5798,Yearly,2025-05-13,2026-11-19,Active,Family of Aradhana
INS01173,CUST00655,INS001,HDFC Life Click 2 Protect,Life,HDFC Life,3281279,17202,Yearly,2025-12-09,2027-07-10,Active,Family of Keshav
INS01174,CUST00655,INS004,HDFC ERGO Optima Family Floater,Health,HDFC ERGO,8894171,20265,Yearly,2026-03-21,2027-01-22,Active,Family of Keshav
INS01175,CUST00655,INS007,HDFC ERGO Motor Insurance,Motor,HDFC ERGO,4138885,12556,Yearly,2026-06-07,2027-01-06,Active,Family of Keshav
INS01176,CUST00656,INS001,HDFC Life Click 2 Protect,Life,HDFC Life,3786510,45871,Yearly,2024-09-21,2027-02-21,Active,Family of Charita
INS01177,CUST00656,INS004,HDFC ERGO Optima Family Floater,Health,HDFC ERGO,7656247,27813,Yearly,2025-09-12,2026-06-01,Active,Family of Charita
INS01178,CUST00658,INS001,HDFC Life Click 2 Protect,Life,HDFC Life,2504693,13904,Yearly,2025-05-10,2026-08-22,Active,Family of Aakanksha
INS01179,CUST00658,INS004,HDFC ERGO Optima Family Floater,Health,HDFC ERGO,3106845,17910,Yearly,2024-03-19,2022-01-03,Active,Family of Aakanksha
INS01180,CUST00659,INS001,HDFC Life Click 2 Protect,Life,HDFC Life,2648774,14855,Yearly,2026-05-05,2025-04-11,Active,Family of Darshan
INS01181,CUST00660,INS004,HDFC ERGO Optima Family Floater,Health,HDFC ERGO,2704197,32064,Yearly,2019-09-09,2021-06-24,Active,Family of Neel
INS01182,CUST00660,INS007,HDFC ERGO Motor Insurance,Motor,HDFC ERGO,740917,24135,Yearly,2024-07-01,2026-12-11,Active,Family of Neel
INS01183,CUST00661,INS001,HDFC Life Click 2 Protect,Life,HDFC Life,15835299,46793,Yearly,2024-05-29,2025-05-18,Active,Family of Vishal
INS01184,CUST00661,INS004,HDFC ERGO Optima Family Floater,Health,HDFC ERGO,11738062,43260,Yearly,2022-09-18,2025-01-27,Active,Family of Vishal
INS01185,CUST00662,INS001,HDFC Life Click 2 Protect,Life,HDFC Life,2763789,17040,Yearly,2024-06-21,2027-06-23,Active,Family of Akanksha
INS01186,CUST00662,INS005,HDFC ERGO Optima Senior,Health,HDFC ERGO,389110,12434,Yearly,2025-01-28,2024-10-09,Active,Family of Akanksha
INS01187,CUST00662,INS008,HDFC ERGO Personal Accident,Personal Accident,HDFC ERGO,3694771,13280,Yearly,2026-04-07,2024-07-02,Active,Family of Akanksha
INS01188,CUST00663,INS009,HDFC ERGO Home Insurance,Home,HDFC ERGO,4694273,10476,Yearly,2026-02-01,2026-03-06,Active,Family of Bhavesh
INS01189,CUST00664,INS001,HDFC Life Click 2 Protect,Life,HDFC Life,15246431,44717,Yearly,2019-04-23,2023-11-16,Active,Family of Deepa
INS01190,CUST00664,INS004,HDFC ERGO Optima Family Floater,Health,HDFC ERGO,2125760,53844,Yearly,2025-06-28,2026-05-07,Active,Family of Deepa
INS01191,CUST00664,INS006,HDFC ERGO Travel Insurance,Travel,HDFC ERGO,20208874,8052,Yearly,2020-05-20,2022-05-15,Active,Family of Deepa
INS01192,CUST00664,INS008,HDFC ERGO Personal Accident,Personal Accident,HDFC ERGO,5466366,5121,Yearly,2023-03-13,2022-02-18,Active,Family of Deepa
INS01193,CUST00666,INS001,HDFC Life Click 2 Protect,Life,HDFC Life,3204498,5494,Yearly,2024-08-31,2023-05-29,Active,Family of Ragini
INS01194,CUST00666,INS004,HDFC ERGO Optima Family Floater,Health,HDFC ERGO,10050837,27798,Yearly,2024-03-06,2022-06-17,Active,Family of Ragini
INS01195,CUST00666,INS007,HDFC ERGO Motor Insurance,Motor,HDFC ERGO,2532431,28939,Yearly,2018-11-11,2021-01-12,Active,Family of Ragini
INS01196,CUST00666,INS008,HDFC ERGO Personal Accident,Personal Accident,HDFC ERGO,2979919,6628,Yearly,2024-08-18,2027-06-01,Active,Family of Ragini
INS01197,CUST00666,INS011,HDFC Life Young Star Child Plan,Child Insurance,HDFC Life,1130407,28966,Yearly,2023-03-02,2025-07-10,Active,Family of Ragini
INS01198,CUST00667,INS001,HDFC Life Click 2 Protect,Life,HDFC Life,14319969,33406,Yearly,2023-12-24,2023-06-25,Active,Family of Vineeta
INS01199,CUST00667,INS007,HDFC ERGO Motor Insurance,Motor,HDFC ERGO,562694,23228,Yearly,2025-05-24,2022-10-16,Active,Family of Vineeta
INS01200,CUST00667,INS006,HDFC ERGO Travel Insurance,Travel,HDFC ERGO,8217320,2050,Yearly,2019-03-04,2019-05-18,Active,Family of Vineeta
INS01201,CUST00668,INS004,HDFC ERGO Optima Family Floater,Health,HDFC ERGO,2526370,17612,Yearly,2025-01-17,2026-02-03,Active,Family of Aradhana
INS01202,CUST00668,INS008,HDFC ERGO Personal Accident,Personal Accident,HDFC ERGO,2138866,8818,Yearly,2025-05-06,2027-04-12,Active,Family of Aradhana
INS01203,CUST00670,INS004,HDFC ERGO Optima Family Floater,Health,HDFC ERGO,3933008,43371,Yearly,2018-11-22,2023-08-23,Active,Family of Akash
INS01204,CUST00671,INS004,HDFC ERGO Optima Family Floater,Health,HDFC ERGO,1843355,17117,Yearly,2026-01-16,2026-01-12,Active,Family of Jiya
INS01205,CUST00672,INS004,HDFC ERGO Optima Family Floater,Health,HDFC ERGO,18787431,29596,Yearly,2023-12-14,2027-06-01,Active,Family of Sarthak
INS01206,CUST00672,INS011,HDFC Life Young Star Child Plan,Child Insurance,HDFC Life,37732630,117577,Yearly,2026-03-22,2024-06-01,Active,Family of Sarthak
INS01207,CUST00672,INS010,HDFC Life Click 2 Wealth ULIP,ULIP,HDFC Life,34242095,42850,Yearly,2025-09-20,2024-12-20,Active,Family of Sarthak
INS01208,CUST00673,INS003,HDFC ERGO Optima Secure,Health,HDFC ERGO,2697727,6080,Yearly,2024-06-14,2020-10-02,Active,Family of Vishal
INS01209,CUST00673,INS007,HDFC ERGO Motor Insurance,Motor,HDFC ERGO,983882,26143,Yearly,2017-05-05,2027-02-17,Active,Family of Vishal
INS01210,CUST00673,INS008,HDFC ERGO Personal Accident,Personal Accident,HDFC ERGO,6631257,8900,Yearly,2023-12-22,2027-04-23,Active,Family of Vishal
INS01211,CUST00674,INS001,HDFC Life Click 2 Protect,Life,HDFC Life,16702538,47682,Yearly,2025-10-18,2027-04-01,Active,Family of Lakshmi
INS01212,CUST00674,INS004,HDFC ERGO Optima Family Floater,Health,HDFC ERGO,15585336,10412,Yearly,2026-05-06,2027-02-15,Active,Family of Lakshmi
INS01213,CUST00677,INS007,HDFC ERGO Motor Insurance,Motor,HDFC ERGO,555773,4077,Yearly,2025-11-04,2026-10-20,Active,Family of Sonali
INS01214,CUST00678,INS004,HDFC ERGO Optima Family Floater,Health,HDFC ERGO,8946978,15815,Yearly,2026-05-27,2026-10-27,Active,Family of Mihir
INS01215,CUST00679,INS004,HDFC ERGO Optima Family Floater,Health,HDFC ERGO,12191279,24787,Yearly,2017-12-18,2020-01-27,Active,Family of Gayatri
INS01216,CUST00680,INS001,HDFC Life Click 2 Protect,Life,HDFC Life,5617428,14812,Yearly,2026-06-21,2024-08-16,Active,Family of Sakshi
INS01217,CUST00680,INS007,HDFC ERGO Motor Insurance,Motor,HDFC ERGO,1976748,12380,Yearly,2025-05-10,2024-11-23,Active,Family of Sakshi
INS01218,CUST00681,INS001,HDFC Life Click 2 Protect,Life,HDFC Life,4896993,28595,Yearly,2021-09-14,2024-01-07,Active,Family of Aman
INS01219,CUST00681,INS006,HDFC ERGO Travel Insurance,Travel,HDFC ERGO,1147977,4954,Yearly,2021-12-12,2017-03-11,Active,Family of Aman
INS01220,CUST00682,INS004,HDFC ERGO Optima Family Floater,Health,HDFC ERGO,2815995,32396,Yearly,2018-09-02,2027-05-08,Active,Family of Kavya
INS01221,CUST00682,INS007,HDFC ERGO Motor Insurance,Motor,HDFC ERGO,1077939,21563,Yearly,2016-07-29,2017-06-29,Active,Family of Kavya
INS01222,CUST00683,INS003,HDFC ERGO Optima Secure,Health,HDFC ERGO,963847,7791,Yearly,2019-07-08,2022-12-07,Active,Family of Aradhana
INS01223,CUST00684,INS004,HDFC ERGO Optima Family Floater,Health,HDFC ERGO,8456242,44977,Yearly,2019-02-02,2027-05-17,Active,Family of Aparna
INS01224,CUST00684,INS006,HDFC ERGO Travel Insurance,Travel,HDFC ERGO,5200765,8805,Yearly,2024-01-08,2023-08-19,Active,Family of Aparna
INS01225,CUST00686,INS001,HDFC Life Click 2 Protect,Life,HDFC Life,8740555,37249,Yearly,2026-05-10,2024-11-27,Active,Family of Atharv
INS01226,CUST00686,INS004,HDFC ERGO Optima Family Floater,Health,HDFC ERGO,15464481,45200,Yearly,2025-05-26,2027-06-14,Active,Family of Atharv
INS01227,CUST00686,INS011,HDFC Life Young Star Child Plan,Child Insurance,HDFC Life,7240552,50375,Yearly,2024-10-05,2026-12-26,Active,Family of Atharv
INS01228,CUST00687,INS007,HDFC ERGO Motor Insurance,Motor,HDFC ERGO,2531947,16483,Yearly,2023-07-31,2026-05-29,Active,Family of Aryan
INS01229,CUST00688,INS001,HDFC Life Click 2 Protect,Life,HDFC Life,10728068,45660,Yearly,2025-11-02,2025-01-09,Active,Family of Rohit
INS01230,CUST00688,INS008,HDFC ERGO Personal Accident,Personal Accident,HDFC ERGO,1150391,2552,Yearly,2026-06-15,2026-12-27,Active,Family of Rohit
INS01231,CUST00690,INS010,HDFC Life Click 2 Wealth ULIP,ULIP,HDFC Life,7674654,54738,Yearly,2022-10-01,2022-08-16,Active,Family of Ankit
INS01232,CUST00691,INS004,HDFC ERGO Optima Family Floater,Health,HDFC ERGO,698536,13466,Yearly,2023-08-10,2024-05-14,Active,Family of Ragini
INS01233,CUST00691,INS007,HDFC ERGO Motor Insurance,Motor,HDFC ERGO,1834638,10843,Yearly,2024-07-24,2023-05-04,Active,Family of Ragini
INS01234,CUST00693,INS003,HDFC ERGO Optima Secure,Health,HDFC ERGO,2011296,9876,Yearly,2024-04-13,2023-08-11,Active,Family of Nirav
INS01235,CUST00693,INS008,HDFC ERGO Personal Accident,Personal Accident,HDFC ERGO,1026097,8542,Yearly,2023-08-10,2019-07-22,Active,Family of Nirav
INS01236,CUST00694,INS004,HDFC ERGO Optima Family Floater,Health,HDFC ERGO,575659,27412,Yearly,2024-10-09,2024-09-27,Active,Family of Mayank
INS01237,CUST00695,INS007,HDFC ERGO Motor Insurance,Motor,HDFC ERGO,3801766,6597,Yearly,2023-07-24,2025-04-25,Active,Family of Sumit
INS01238,CUST00696,INS001,HDFC Life Click 2 Protect,Life,HDFC Life,10691757,47275,Yearly,2026-06-08,2026-05-22,Active,Family of Eshan
INS01239,CUST00697,INS003,HDFC ERGO Optima Secure,Health,HDFC ERGO,8762399,21666,Yearly,2026-05-27,2027-07-12,Active,Family of Sana
INS01240,CUST00697,INS007,HDFC ERGO Motor Insurance,Motor,HDFC ERGO,194949,11623,Yearly,2024-04-05,2026-07-26,Active,Family of Sana
INS01241,CUST00697,INS006,HDFC ERGO Travel Insurance,Travel,HDFC ERGO,624490,2241,Yearly,2024-06-25,2026-07-24,Active,Family of Sana
INS01242,CUST00697,INS008,HDFC ERGO Personal Accident,Personal Accident,HDFC ERGO,5527545,3403,Yearly,2023-11-23,2026-03-28,Active,Family of Sana
INS01243,CUST00698,INS001,HDFC Life Click 2 Protect,Life,HDFC Life,14016800,27851,Yearly,2022-07-09,2021-10-25,Active,Family of Ragini
INS01244,CUST00698,INS004,HDFC ERGO Optima Family Floater,Health,HDFC ERGO,17940469,38494,Yearly,2023-11-12,2022-08-17,Active,Family of Ragini
INS01245,CUST00698,INS010,HDFC Life Click 2 Wealth ULIP,ULIP,HDFC Life,13881949,67732,Yearly,2025-02-09,2022-09-20,Active,Family of Ragini
INS01246,CUST00699,INS001,HDFC Life Click 2 Protect,Life,HDFC Life,2500000,7288,Yearly,2021-08-20,2027-05-08,Active,Family of Tanay
INS01247,CUST00699,INS007,HDFC ERGO Motor Insurance,Motor,HDFC ERGO,1482853,6860,Yearly,2023-10-09,2024-10-31,Active,Family of Tanay
INS01248,CUST00700,INS001,HDFC Life Click 2 Protect,Life,HDFC Life,9932410,34780,Yearly,2025-10-07,2025-05-11,Active,Family of Om
INS01249,CUST00700,INS006,HDFC ERGO Travel Insurance,Travel,HDFC ERGO,42042199,3588,Yearly,2025-05-28,2026-05-13,Active,Family of Om
INS01250,CUST00701,INS004,HDFC ERGO Optima Family Floater,Health,HDFC ERGO,3792923,27671,Yearly,2025-05-25,2026-03-16,Active,Family of Sneha
INS01251,CUST00701,INS007,HDFC ERGO Motor Insurance,Motor,HDFC ERGO,1585778,4628,Yearly,2025-12-02,2026-10-17,Active,Family of Sneha
INS01252,CUST00702,INS004,HDFC ERGO Optima Family Floater,Health,HDFC ERGO,5528384,25579,Yearly,2022-12-31,2025-11-16,Active,Family of Aarav
INS01253,CUST00702,INS007,HDFC ERGO Motor Insurance,Motor,HDFC ERGO,2918276,26288,Yearly,2025-03-01,2023-08-20,Active,Family of Aarav
INS01254,CUST00703,INS004,HDFC ERGO Optima Family Floater,Health,HDFC ERGO,3022767,36134,Yearly,2021-07-31,2022-04-05,Active,Family of Kajal
INS01255,CUST00703,INS006,HDFC ERGO Travel Insurance,Travel,HDFC ERGO,4204148,7068,Yearly,2018-12-13,2019-12-13,Active,Family of Kajal
INS01256,CUST00704,INS001,HDFC Life Click 2 Protect,Life,HDFC Life,2809021,5130,Yearly,2025-10-17,2025-11-17,Active,Family of Yuvraj
INS01257,CUST00704,INS004,HDFC ERGO Optima Family Floater,Health,HDFC ERGO,2689784,32164,Yearly,2025-05-02,2027-03-06,Active,Family of Yuvraj
INS01258,CUST00704,INS008,HDFC ERGO Personal Accident,Personal Accident,HDFC ERGO,5931213,5335,Yearly,2025-03-04,2027-03-25,Active,Family of Yuvraj
INS01259,CUST00705,INS001,HDFC Life Click 2 Protect,Life,HDFC Life,5162352,35109,Yearly,2023-06-28,2026-09-14,Active,Family of Trisha
INS01260,CUST00705,INS007,HDFC ERGO Motor Insurance,Motor,HDFC ERGO,4035429,24042,Yearly,2026-01-01,2023-09-20,Active,Family of Trisha
INS01261,CUST00706,INS004,HDFC ERGO Optima Family Floater,Health,HDFC ERGO,9258437,54141,Yearly,2020-02-16,2018-06-09,Active,Family of Sneha
INS01262,CUST00706,INS006,HDFC ERGO Travel Insurance,Travel,HDFC ERGO,1803322,6977,Yearly,2022-04-05,2022-09-12,Active,Family of Sneha
INS01263,CUST00707,INS004,HDFC ERGO Optima Family Floater,Health,HDFC ERGO,1804564,49596,Yearly,2024-08-30,2022-08-11,Active,Family of Riddhi
INS01264,CUST00707,INS011,HDFC Life Young Star Child Plan,Child Insurance,HDFC Life,8014510,25189,Yearly,2023-03-06,2023-01-29,Active,Family of Riddhi
INS01265,CUST00708,INS007,HDFC ERGO Motor Insurance,Motor,HDFC ERGO,1582724,22642,Yearly,2025-01-29,2025-05-08,Active,Family of Divyansh
INS01266,CUST00709,INS004,HDFC ERGO Optima Family Floater,Health,HDFC ERGO,500000,10000,Yearly,2024-08-26,2025-05-26,Active,Family of Mihika
INS01267,CUST00710,INS001,HDFC Life Click 2 Protect,Life,HDFC Life,4770699,26996,Yearly,2024-09-18,2022-12-26,Active,Family of Vishal
INS01268,CUST00710,INS003,HDFC ERGO Optima Secure,Health,HDFC ERGO,4753560,29557,Yearly,2024-03-03,2026-09-18,Active,Family of Vishal
INS01269,CUST00711,INS003,HDFC ERGO Optima Secure,Health,HDFC ERGO,3420369,30585,Yearly,2025-10-19,2026-10-14,Active,Family of Harsh
INS01270,CUST00711,INS007,HDFC ERGO Motor Insurance,Motor,HDFC ERGO,2277170,10313,Yearly,2025-01-16,2025-08-14,Active,Family of Harsh
INS01271,CUST00712,INS004,HDFC ERGO Optima Family Floater,Health,HDFC ERGO,6950482,12561,Yearly,2024-11-30,2027-07-14,Active,Family of Sanjana
INS01272,CUST00712,INS008,HDFC ERGO Personal Accident,Personal Accident,HDFC ERGO,1809031,8855,Yearly,2025-05-10,2025-07-28,Active,Family of Sanjana
INS01273,CUST00713,INS001,HDFC Life Click 2 Protect,Life,HDFC Life,2803221,9969,Yearly,2024-10-30,2026-03-31,Active,Family of Mohit
INS01274,CUST00713,INS004,HDFC ERGO Optima Family Floater,Health,HDFC ERGO,628061,17612,Yearly,2025-04-30,2027-06-28,Active,Family of Mohit
INS01275,CUST00715,INS001,HDFC Life Click 2 Protect,Life,HDFC Life,7632586,8296,Yearly,2021-12-02,2026-09-21,Active,Family of Pranav
INS01276,CUST00716,INS001,HDFC Life Click 2 Protect,Life,HDFC Life,3482114,9725,Yearly,2024-09-26,2024-02-22,Active,Family of Keshav
INS01277,CUST00716,INS008,HDFC ERGO Personal Accident,Personal Accident,HDFC ERGO,1542636,5110,Yearly,2016-11-27,2024-03-20,Active,Family of Keshav
INS01278,CUST00717,INS004,HDFC ERGO Optima Family Floater,Health,HDFC ERGO,6885375,39285,Yearly,2025-10-25,2025-11-30,Active,Family of Abhishek
INS01279,CUST00717,INS007,HDFC ERGO Motor Insurance,Motor,HDFC ERGO,2141213,4301,Yearly,2026-03-19,2025-12-06,Active,Family of Abhishek
INS01280,CUST00717,INS008,HDFC ERGO Personal Accident,Personal Accident,HDFC ERGO,843941,6470,Yearly,2024-09-20,2025-11-16,Active,Family of Abhishek
INS01281,CUST00717,INS011,HDFC Life Young Star Child Plan,Child Insurance,HDFC Life,23480180,165688,Yearly,2025-08-15,2027-06-01,Active,Family of Abhishek
INS01282,CUST00718,INS001,HDFC Life Click 2 Protect,Life,HDFC Life,10378862,38761,Yearly,2026-04-03,2027-06-25,Active,Family of Kalpana
INS01283,CUST00718,INS004,HDFC ERGO Optima Family Floater,Health,HDFC ERGO,12335897,51175,Yearly,2024-03-28,2026-02-11,Active,Family of Kalpana
INS01284,CUST00719,INS004,HDFC ERGO Optima Family Floater,Health,HDFC ERGO,500000,10000,Yearly,2026-01-16,2024-08-25,Active,Family of Sarthak
INS01285,CUST00720,INS001,HDFC Life Click 2 Protect,Life,HDFC Life,16051952,21802,Yearly,2022-12-18,2023-09-05,Active,Family of Ankita
INS01286,CUST00720,INS004,HDFC ERGO Optima Family Floater,Health,HDFC ERGO,1408305,57131,Yearly,2023-10-04,2023-03-13,Active,Family of Ankita
INS01287,CUST00720,INS011,HDFC Life Young Star Child Plan,Child Insurance,HDFC Life,12476767,140229,Yearly,2025-08-23,2026-04-29,Active,Family of Ankita
INS01288,CUST00721,INS004,HDFC ERGO Optima Family Floater,Health,HDFC ERGO,1729078,43096,Yearly,2025-08-20,2025-11-16,Active,Family of Yash
INS01289,CUST00721,INS006,HDFC ERGO Travel Insurance,Travel,HDFC ERGO,6321465,8005,Yearly,2025-02-16,2025-04-03,Active,Family of Yash
INS01290,CUST00721,INS010,HDFC Life Click 2 Wealth ULIP,ULIP,HDFC Life,8422227,51878,Yearly,2026-05-04,2025-07-12,Active,Family of Yash
INS01291,CUST00722,INS003,HDFC ERGO Optima Secure,Health,HDFC ERGO,2547777,18162,Yearly,2026-06-29,2027-05-02,Active,Family of Shrey
INS01292,CUST00722,INS007,HDFC ERGO Motor Insurance,Motor,HDFC ERGO,4061303,29621,Yearly,2026-04-22,2027-05-19,Active,Family of Shrey
INS01293,CUST00723,INS001,HDFC Life Click 2 Protect,Life,HDFC Life,10705956,29553,Yearly,2019-05-18,2021-08-21,Active,Family of Chetan
INS01294,CUST00723,INS004,HDFC ERGO Optima Family Floater,Health,HDFC ERGO,9608294,36981,Yearly,2023-02-16,2024-04-05,Active,Family of Chetan
INS01295,CUST00723,INS006,HDFC ERGO Travel Insurance,Travel,HDFC ERGO,10721666,9330,Yearly,2026-03-25,2021-10-15,Active,Family of Chetan
INS01296,CUST00725,INS008,HDFC ERGO Personal Accident,Personal Accident,HDFC ERGO,8855373,8977,Yearly,2018-01-21,2027-03-09,Active,Family of Charvi
INS01297,CUST00727,INS001,HDFC Life Click 2 Protect,Life,HDFC Life,15532221,46399,Yearly,2026-01-11,2026-07-23,Active,Family of Agastya
INS01298,CUST00728,INS004,HDFC ERGO Optima Family Floater,Health,HDFC ERGO,3227283,41484,Yearly,2026-05-24,2027-06-19,Active,Family of Tanish
INS01299,CUST00728,INS006,HDFC ERGO Travel Insurance,Travel,HDFC ERGO,14083481,3368,Yearly,2026-01-03,2027-04-16,Active,Family of Tanish
INS01300,CUST00729,INS001,HDFC Life Click 2 Protect,Life,HDFC Life,12348658,49270,Yearly,2023-09-28,2025-11-16,Active,Family of Garima
INS01301,CUST00729,INS004,HDFC ERGO Optima Family Floater,Health,HDFC ERGO,5125177,35025,Yearly,2025-03-18,2022-03-07,Active,Family of Garima
INS01302,CUST00729,INS007,HDFC ERGO Motor Insurance,Motor,HDFC ERGO,3046037,6522,Yearly,2021-05-07,2021-11-20,Active,Family of Garima
INS01303,CUST00730,INS004,HDFC ERGO Optima Family Floater,Health,HDFC ERGO,500000,10000,Yearly,2020-12-25,2025-10-01,Active,Family of Lalita
INS01304,CUST00731,INS001,HDFC Life Click 2 Protect,Life,HDFC Life,2753445,23285,Yearly,2026-02-22,2025-05-27,Active,Family of Kirti
INS01305,CUST00731,INS004,HDFC ERGO Optima Family Floater,Health,HDFC ERGO,1021678,12320,Yearly,2022-02-11,2025-02-03,Active,Family of Kirti
INS01306,CUST00731,INS008,HDFC ERGO Personal Accident,Personal Accident,HDFC ERGO,3421200,7882,Yearly,2023-08-02,2025-07-04,Active,Family of Kirti
INS01307,CUST00732,INS004,HDFC ERGO Optima Family Floater,Health,HDFC ERGO,13032689,21834,Yearly,2017-02-04,2019-04-09,Active,Family of Abhishek
INS01308,CUST00732,INS011,HDFC Life Young Star Child Plan,Child Insurance,HDFC Life,9533838,70939,Yearly,2025-12-27,2019-02-18,Active,Family of Abhishek
INS01309,CUST00733,INS004,HDFC ERGO Optima Family Floater,Health,HDFC ERGO,2033619,19197,Yearly,2025-12-26,2026-04-02,Active,Family of Kamla
INS01310,CUST00733,INS006,HDFC ERGO Travel Insurance,Travel,HDFC ERGO,965804,4223,Yearly,2025-04-11,2027-03-28,Active,Family of Kamla
INS01311,CUST00734,INS001,HDFC Life Click 2 Protect,Life,HDFC Life,3626398,13385,Yearly,2025-04-25,2027-06-21,Active,Family of Vishal
INS01312,CUST00734,INS004,HDFC ERGO Optima Family Floater,Health,HDFC ERGO,6380182,35228,Yearly,2026-03-10,2026-08-19,Active,Family of Vishal
INS01313,CUST00735,INS001,HDFC Life Click 2 Protect,Life,HDFC Life,7369130,29513,Yearly,2025-12-22,2027-02-26,Active,Family of Agastya
INS01314,CUST00735,INS004,HDFC ERGO Optima Family Floater,Health,HDFC ERGO,3634993,42276,Yearly,2026-05-21,2027-07-09,Active,Family of Agastya
INS01315,CUST00735,INS007,HDFC ERGO Motor Insurance,Motor,HDFC ERGO,2295988,3060,Yearly,2026-04-26,2027-07-09,Active,Family of Agastya
INS01316,CUST00736,INS001,HDFC Life Click 2 Protect,Life,HDFC Life,2506845,7713,Yearly,2017-06-22,2017-10-01,Active,Family of Tanay
INS01317,CUST00736,INS004,HDFC ERGO Optima Family Floater,Health,HDFC ERGO,527814,11691,Yearly,2021-10-27,2018-12-21,Active,Family of Tanay
INS01318,CUST00736,INS006,HDFC ERGO Travel Insurance,Travel,HDFC ERGO,681730,9981,Yearly,2019-01-24,2024-08-11,Active,Family of Tanay
INS01319,CUST00737,INS004,HDFC ERGO Optima Family Floater,Health,HDFC ERGO,8199037,54174,Yearly,2024-05-10,2023-03-25,Active,Family of Zoya
INS01320,CUST00738,INS001,HDFC Life Click 2 Protect,Life,HDFC Life,2786727,19847,Yearly,2025-11-28,2026-04-26,Active,Family of Jay
INS01321,CUST00738,INS004,HDFC ERGO Optima Family Floater,Health,HDFC ERGO,3024210,15563,Yearly,2026-03-06,2027-07-04,Active,Family of Jay
INS01322,CUST00741,INS001,HDFC Life Click 2 Protect,Life,HDFC Life,5794608,22590,Yearly,2020-08-29,2022-11-28,Active,Family of Kamlesh
INS01323,CUST00741,INS004,HDFC ERGO Optima Family Floater,Health,HDFC ERGO,10011998,37216,Yearly,2021-08-16,2024-02-05,Active,Family of Kamlesh
INS01324,CUST00743,INS001,HDFC Life Click 2 Protect,Life,HDFC Life,2895990,21882,Yearly,2022-07-29,2025-08-25,Active,Family of Karan
INS01325,CUST00743,INS003,HDFC ERGO Optima Secure,Health,HDFC ERGO,2820778,26507,Yearly,2018-06-18,2019-12-12,Active,Family of Karan
INS01326,CUST00743,INS007,HDFC ERGO Motor Insurance,Motor,HDFC ERGO,4204986,24907,Yearly,2020-02-01,2020-05-24,Active,Family of Karan
INS01327,CUST00744,INS001,HDFC Life Click 2 Protect,Life,HDFC Life,5562599,19660,Yearly,2023-09-21,2026-10-01,Active,Family of Naman
INS01328,CUST00744,INS004,HDFC ERGO Optima Family Floater,Health,HDFC ERGO,14882676,36633,Yearly,2024-01-19,2025-02-01,Active,Family of Naman
INS01329,CUST00744,INS008,HDFC ERGO Personal Accident,Personal Accident,HDFC ERGO,3583096,14826,Yearly,2024-01-18,2025-09-05,Active,Family of Naman
INS01330,CUST00744,INS011,HDFC Life Young Star Child Plan,Child Insurance,HDFC Life,8852022,32156,Yearly,2026-05-02,2027-01-06,Active,Family of Naman
INS01331,CUST00746,INS004,HDFC ERGO Optima Family Floater,Health,HDFC ERGO,3654201,10195,Yearly,2016-11-10,2019-01-13,Active,Family of Mihir
INS01332,CUST00746,INS007,HDFC ERGO Motor Insurance,Motor,HDFC ERGO,1542656,22256,Yearly,2018-04-28,2018-05-25,Active,Family of Mihir
INS01333,CUST00747,INS011,HDFC Life Young Star Child Plan,Child Insurance,HDFC Life,4584911,30015,Yearly,2021-10-22,2025-11-03,Active,Family of Bhavana
INS01334,CUST00748,INS001,HDFC Life Click 2 Protect,Life,HDFC Life,2712697,24250,Yearly,2025-12-27,2023-12-18,Active,Family of Dhruv
INS01335,CUST00748,INS003,HDFC ERGO Optima Secure,Health,HDFC ERGO,4110900,37635,Yearly,2023-05-21,2026-10-15,Active,Family of Dhruv
INS01336,CUST00748,INS008,HDFC ERGO Personal Accident,Personal Accident,HDFC ERGO,6753323,3921,Yearly,2023-01-27,2026-01-13,Active,Family of Dhruv
INS01337,CUST00750,INS001,HDFC Life Click 2 Protect,Life,HDFC Life,8569724,26012,Yearly,2025-11-28,2024-07-04,Active,Family of Krishna
INS01338,CUST00750,INS003,HDFC ERGO Optima Secure,Health,HDFC ERGO,2040640,37630,Yearly,2021-12-30,2025-06-17,Active,Family of Krishna
INS01339,CUST00750,INS006,HDFC ERGO Travel Insurance,Travel,HDFC ERGO,12381584,9556,Yearly,2023-08-04,2026-04-18,Active,Family of Krishna
INS01340,CUST00751,INS004,HDFC ERGO Optima Family Floater,Health,HDFC ERGO,5462273,32048,Yearly,2021-06-09,2024-12-14,Active,Family of Krisha
INS01341,CUST00751,INS006,HDFC ERGO Travel Insurance,Travel,HDFC ERGO,1738516,3967,Yearly,2021-01-11,2021-02-12,Active,Family of Krisha
INS01342,CUST00751,INS010,HDFC Life Click 2 Wealth ULIP,ULIP,HDFC Life,4138950,26666,Yearly,2025-05-15,2025-10-08,Active,Family of Krisha
INS01343,CUST00752,INS001,HDFC Life Click 2 Protect,Life,HDFC Life,6949359,39155,Yearly,2021-08-18,2024-08-16,Active,Family of Deepa
INS01344,CUST00752,INS004,HDFC ERGO Optima Family Floater,Health,HDFC ERGO,4663073,28473,Yearly,2022-11-29,2020-10-24,Active,Family of Deepa
INS01345,CUST00752,INS006,HDFC ERGO Travel Insurance,Travel,HDFC ERGO,12607423,6521,Yearly,2022-01-24,2017-05-28,Active,Family of Deepa
INS01346,CUST00752,INS008,HDFC ERGO Personal Accident,Personal Accident,HDFC ERGO,4395221,7009,Yearly,2023-09-26,2021-05-26,Active,Family of Deepa
INS01347,CUST00754,INS001,HDFC Life Click 2 Protect,Life,HDFC Life,9380113,28469,Yearly,2022-12-04,2024-05-19,Active,Family of Ankit
INS01348,CUST00754,INS004,HDFC ERGO Optima Family Floater,Health,HDFC ERGO,8832554,23655,Yearly,2021-04-14,2022-12-14,Active,Family of Ankit
INS01349,CUST00754,INS007,HDFC ERGO Motor Insurance,Motor,HDFC ERGO,4685853,13072,Yearly,2025-04-09,2026-11-18,Active,Family of Ankit
INS01350,CUST00754,INS009,HDFC ERGO Home Insurance,Home,HDFC ERGO,910884,3015,Yearly,2020-12-15,2022-11-17,Active,Family of Ankit
INS01351,CUST00754,INS006,HDFC ERGO Travel Insurance,Travel,HDFC ERGO,13982136,1683,Yearly,2020-07-20,2025-02-07,Active,Family of Ankit
INS01352,CUST00755,INS004,HDFC ERGO Optima Family Floater,Health,HDFC ERGO,1704778,15401,Yearly,2026-04-18,2025-02-14,Active,Family of Aditya
INS01353,CUST00756,INS007,HDFC ERGO Motor Insurance,Motor,HDFC ERGO,2806705,14482,Yearly,2025-02-08,2024-03-12,Active,Family of Kanchan
INS01354,CUST00757,INS001,HDFC Life Click 2 Protect,Life,HDFC Life,2766566,17200,Yearly,2023-11-17,2024-05-13,Active,Family of Ramesh
INS01355,CUST00758,INS007,HDFC ERGO Motor Insurance,Motor,HDFC ERGO,2044504,17470,Yearly,2026-01-05,2026-05-12,Active,Family of Chetan
INS01356,CUST00758,INS006,HDFC ERGO Travel Insurance,Travel,HDFC ERGO,23917264,6049,Yearly,2023-03-28,2027-06-25,Active,Family of Chetan
INS01357,CUST00759,INS003,HDFC ERGO Optima Secure,Health,HDFC ERGO,1137814,16453,Yearly,2026-06-29,2026-08-11,Active,Family of Aditi
INS01358,CUST00759,INS009,HDFC ERGO Home Insurance,Home,HDFC ERGO,3002907,5506,Yearly,2026-01-25,2027-01-11,Active,Family of Aditi
INS01359,CUST00760,INS001,HDFC Life Click 2 Protect,Life,HDFC Life,3053543,8955,Yearly,2021-01-10,2021-06-24,Active,Family of Sana
INS01360,CUST00760,INS007,HDFC ERGO Motor Insurance,Motor,HDFC ERGO,252036,15048,Yearly,2021-09-20,2024-01-05,Active,Family of Sana
INS01361,CUST00760,INS008,HDFC ERGO Personal Accident,Personal Accident,HDFC ERGO,9779639,10400,Yearly,2024-06-07,2019-04-08,Active,Family of Sana
INS01362,CUST00761,INS006,HDFC ERGO Travel Insurance,Travel,HDFC ERGO,3549199,858,Yearly,2023-10-30,2026-08-08,Active,Family of Pranita
INS01363,CUST00762,INS004,HDFC ERGO Optima Family Floater,Health,HDFC ERGO,3774350,21453,Yearly,2023-12-08,2027-05-11,Active,Family of Amar
INS01364,CUST00764,INS001,HDFC Life Click 2 Protect,Life,HDFC Life,3681938,22302,Yearly,2024-03-12,2026-09-29,Active,Family of Rashi
INS01365,CUST00764,INS004,HDFC ERGO Optima Family Floater,Health,HDFC ERGO,11931170,57841,Yearly,2026-05-27,2027-04-09,Active,Family of Rashi
INS01366,CUST00764,INS010,HDFC Life Click 2 Wealth ULIP,ULIP,HDFC Life,17749561,137065,Yearly,2026-06-28,2025-06-08,Active,Family of Rashi
INS01367,CUST00765,INS003,HDFC ERGO Optima Secure,Health,HDFC ERGO,1810702,34837,Yearly,2019-05-02,2020-07-19,Active,Family of Geeta
INS01368,CUST00765,INS007,HDFC ERGO Motor Insurance,Motor,HDFC ERGO,3443649,20604,Yearly,2020-04-07,2020-04-08,Active,Family of Geeta
INS01369,CUST00765,INS008,HDFC ERGO Personal Accident,Personal Accident,HDFC ERGO,2837568,8177,Yearly,2022-08-06,2019-06-20,Active,Family of Geeta
INS01370,CUST00766,INS001,HDFC Life Click 2 Protect,Life,HDFC Life,2579265,26902,Yearly,2023-05-24,2024-09-16,Active,Family of Kirti
INS01371,CUST00766,INS008,HDFC ERGO Personal Accident,Personal Accident,HDFC ERGO,940776,10585,Yearly,2023-05-26,2026-02-15,Active,Family of Kirti
INS01372,CUST00767,INS001,HDFC Life Click 2 Protect,Life,HDFC Life,14377991,13087,Yearly,2025-08-17,2023-01-20,Active,Family of Sahil
INS01373,CUST00767,INS004,HDFC ERGO Optima Family Floater,Health,HDFC ERGO,8183044,59764,Yearly,2021-08-28,2026-08-19,Active,Family of Sahil
INS01374,CUST00767,INS008,HDFC ERGO Personal Accident,Personal Accident,HDFC ERGO,5679077,2279,Yearly,2023-02-10,2025-06-24,Active,Family of Sahil
INS01375,CUST00768,INS001,HDFC Life Click 2 Protect,Life,HDFC Life,3429820,21961,Yearly,2024-03-14,2022-02-25,Active,Family of Sunita
INS01376,CUST00768,INS004,HDFC ERGO Optima Family Floater,Health,HDFC ERGO,2347220,13752,Yearly,2026-01-13,2021-11-07,Active,Family of Sunita
INS01377,CUST00768,INS007,HDFC ERGO Motor Insurance,Motor,HDFC ERGO,576115,19038,Yearly,2022-07-19,2026-05-13,Active,Family of Sunita
INS01378,CUST00769,INS001,HDFC Life Click 2 Protect,Life,HDFC Life,29491489,33912,Yearly,2020-10-26,2018-03-03,Active,Family of Avani
INS01379,CUST00769,INS004,HDFC ERGO Optima Family Floater,Health,HDFC ERGO,17626449,56046,Yearly,2017-05-27,2024-11-25,Active,Family of Avani
INS01380,CUST00770,INS001,HDFC Life Click 2 Protect,Life,HDFC Life,2658435,16984,Yearly,2024-12-30,2026-08-07,Active,Family of Khushi
INS01381,CUST00770,INS004,HDFC ERGO Optima Family Floater,Health,HDFC ERGO,2997155,15286,Yearly,2023-11-02,2027-05-14,Active,Family of Khushi
INS01382,CUST00771,INS001,HDFC Life Click 2 Protect,Life,HDFC Life,5933037,5018,Yearly,2022-01-25,2022-02-09,Active,Family of Nakul
INS01383,CUST00771,INS005,HDFC ERGO Optima Senior,Health,HDFC ERGO,3179091,31811,Yearly,2022-11-13,2023-11-08,Active,Family of Nakul
INS01384,CUST00772,INS004,HDFC ERGO Optima Family Floater,Health,HDFC ERGO,6895282,26721,Yearly,2026-02-23,2027-03-04,Active,Family of Vijay
INS01385,CUST00772,INS007,HDFC ERGO Motor Insurance,Motor,HDFC ERGO,1033305,22813,Yearly,2025-08-25,2027-02-21,Active,Family of Vijay
INS01386,CUST00772,INS006,HDFC ERGO Travel Insurance,Travel,HDFC ERGO,5130235,4219,Yearly,2025-10-22,2026-02-14,Active,Family of Vijay
INS01387,CUST00772,INS011,HDFC Life Young Star Child Plan,Child Insurance,HDFC Life,7531173,39099,Yearly,2025-05-26,2026-06-14,Active,Family of Vijay
INS01388,CUST00772,INS010,HDFC Life Click 2 Wealth ULIP,ULIP,HDFC Life,5117487,60255,Yearly,2025-11-15,2026-10-21,Active,Family of Vijay
INS01389,CUST00773,INS001,HDFC Life Click 2 Protect,Life,HDFC Life,10832378,30320,Yearly,2020-07-13,2021-12-21,Active,Family of Lakshmi
INS01390,CUST00773,INS004,HDFC ERGO Optima Family Floater,Health,HDFC ERGO,3782394,22699,Yearly,2026-06-06,2027-07-16,Active,Family of Lakshmi
INS01391,CUST00773,INS007,HDFC ERGO Motor Insurance,Motor,HDFC ERGO,3492307,22721,Yearly,2024-08-03,2019-03-13,Active,Family of Lakshmi
INS01392,CUST00774,INS006,HDFC ERGO Travel Insurance,Travel,HDFC ERGO,14669219,2875,Yearly,2021-07-20,2026-06-08,Active,Family of Jai
INS01393,CUST00775,INS001,HDFC Life Click 2 Protect,Life,HDFC Life,3548034,37471,Yearly,2026-01-03,2024-07-22,Active,Family of Mihir
INS01394,CUST00776,INS001,HDFC Life Click 2 Protect,Life,HDFC Life,9068889,20018,Yearly,2019-04-03,2017-10-23,Active,Family of Daksh
INS01395,CUST00776,INS007,HDFC ERGO Motor Insurance,Motor,HDFC ERGO,4036767,28451,Yearly,2015-09-07,2019-10-26,Active,Family of Daksh
INS01396,CUST00777,INS001,HDFC Life Click 2 Protect,Life,HDFC Life,10596665,33762,Yearly,2025-11-04,2022-08-14,Active,Family of Harsh
INS01397,CUST00777,INS003,HDFC ERGO Optima Secure,Health,HDFC ERGO,6458167,24577,Yearly,2024-07-28,2026-12-19,Active,Family of Harsh
INS01398,CUST00777,INS008,HDFC ERGO Personal Accident,Personal Accident,HDFC ERGO,5892226,2123,Yearly,2023-01-30,2026-07-08,Active,Family of Harsh
INS01399,CUST00778,INS001,HDFC Life Click 2 Protect,Life,HDFC Life,7028991,35982,Yearly,2025-05-27,2024-05-15,Active,Family of Avantika
INS01400,CUST00778,INS004,HDFC ERGO Optima Family Floater,Health,HDFC ERGO,8744002,28524,Yearly,2019-09-21,2022-10-21,Active,Family of Avantika
INS01401,CUST00780,INS001,HDFC Life Click 2 Protect,Life,HDFC Life,3201254,15767,Yearly,2022-01-15,2026-09-12,Active,Family of Vandana
INS01402,CUST00781,INS001,HDFC Life Click 2 Protect,Life,HDFC Life,11744092,41154,Yearly,2025-07-30,2027-07-11,Active,Family of Rekha
INS01403,CUST00781,INS006,HDFC ERGO Travel Insurance,Travel,HDFC ERGO,9674342,832,Yearly,2025-10-30,2027-04-09,Active,Family of Rekha
INS01404,CUST00782,INS003,HDFC ERGO Optima Secure,Health,HDFC ERGO,645049,6106,Yearly,2024-01-13,2026-10-24,Active,Family of Vikram
INS01405,CUST00783,INS004,HDFC ERGO Optima Family Floater,Health,HDFC ERGO,541517,17132,Yearly,2025-04-12,2027-05-04,Active,Family of Deepa
INS01406,CUST00784,INS007,HDFC ERGO Motor Insurance,Motor,HDFC ERGO,2082961,10177,Yearly,2025-02-11,2020-10-23,Active,Family of Nisha
INS01407,CUST00784,INS006,HDFC ERGO Travel Insurance,Travel,HDFC ERGO,1694897,1220,Yearly,2024-05-05,2020-03-25,Active,Family of Nisha
INS01408,CUST00785,INS004,HDFC ERGO Optima Family Floater,Health,HDFC ERGO,9859681,59505,Yearly,2025-05-05,2022-08-14,Active,Family of Manisha
INS01409,CUST00785,INS006,HDFC ERGO Travel Insurance,Travel,HDFC ERGO,33534388,1235,Yearly,2021-04-10,2021-08-17,Active,Family of Manisha
INS01410,CUST00786,INS001,HDFC Life Click 2 Protect,Life,HDFC Life,7346951,38087,Yearly,2020-12-19,2021-05-31,Active,Family of Esha
INS01411,CUST00786,INS004,HDFC ERGO Optima Family Floater,Health,HDFC ERGO,1577764,54673,Yearly,2023-07-10,2027-05-15,Active,Family of Esha
INS01412,CUST00788,INS001,HDFC Life Click 2 Protect,Life,HDFC Life,16414814,25459,Yearly,2025-06-29,2026-09-29,Active,Family of Shashank
INS01413,CUST00788,INS003,HDFC ERGO Optima Secure,Health,HDFC ERGO,10270732,26265,Yearly,2025-04-16,2027-02-26,Active,Family of Shashank
INS01414,CUST00789,INS001,HDFC Life Click 2 Protect,Life,HDFC Life,8833944,6168,Yearly,2025-04-19,2027-01-13,Active,Family of Mihika
INS01415,CUST00789,INS004,HDFC ERGO Optima Family Floater,Health,HDFC ERGO,2947544,40273,Yearly,2023-01-01,2025-04-11,Active,Family of Mihika
INS01416,CUST00790,INS001,HDFC Life Click 2 Protect,Life,HDFC Life,2568327,12227,Yearly,2025-12-09,2026-08-12,Active,Family of Eshan
INS01417,CUST00791,INS001,HDFC Life Click 2 Protect,Life,HDFC Life,7595271,7326,Yearly,2023-04-08,2027-07-01,Active,Family of Radhika
INS01418,CUST00791,INS010,HDFC Life Click 2 Wealth ULIP,ULIP,HDFC Life,4623012,45830,Yearly,2026-04-28,2025-01-07,Active,Family of Radhika
INS01419,CUST00792,INS001,HDFC Life Click 2 Protect,Life,HDFC Life,5727782,18290,Yearly,2016-09-11,2019-12-26,Active,Family of Aarav
INS01420,CUST00792,INS003,HDFC ERGO Optima Secure,Health,HDFC ERGO,3286017,24671,Yearly,2023-09-14,2018-03-16,Active,Family of Aarav
INS01421,CUST00793,INS006,HDFC ERGO Travel Insurance,Travel,HDFC ERGO,2051641,5546,Yearly,2023-04-28,2023-09-22,Active,Family of Karan
INS01422,CUST00795,INS001,HDFC Life Click 2 Protect,Life,HDFC Life,2878346,6773,Yearly,2025-03-14,2019-04-09,Active,Family of Suraj
INS01423,CUST00796,INS004,HDFC ERGO Optima Family Floater,Health,HDFC ERGO,640408,46769,Yearly,2025-01-23,2027-01-27,Active,Family of Ragini
INS01424,CUST00797,INS001,HDFC Life Click 2 Protect,Life,HDFC Life,16639222,20838,Yearly,2025-10-29,2027-06-15,Active,Family of Rohit
INS01425,CUST00797,INS006,HDFC ERGO Travel Insurance,Travel,HDFC ERGO,13254655,7325,Yearly,2024-07-01,2025-09-26,Active,Family of Rohit
INS01426,CUST00798,INS001,HDFC Life Click 2 Protect,Life,HDFC Life,6978003,23856,Yearly,2026-03-31,2026-10-13,Active,Family of Kajal
INS01427,CUST00798,INS004,HDFC ERGO Optima Family Floater,Health,HDFC ERGO,2884217,42489,Yearly,2026-02-22,2027-04-23,Active,Family of Kajal
INS01428,CUST00798,INS011,HDFC Life Young Star Child Plan,Child Insurance,HDFC Life,2291857,41344,Yearly,2026-04-20,2027-07-13,Active,Family of Kajal
INS01429,CUST00799,INS001,HDFC Life Click 2 Protect,Life,HDFC Life,4312450,14534,Yearly,2026-07-13,2025-09-04,Active,Family of Janhvi
INS01430,CUST00799,INS008,HDFC ERGO Personal Accident,Personal Accident,HDFC ERGO,2541889,12711,Yearly,2026-01-01,2025-11-06,Active,Family of Janhvi
INS01431,CUST00800,INS004,HDFC ERGO Optima Family Floater,Health,HDFC ERGO,634169,12310,Yearly,2025-11-07,2026-08-16,Active,Family of Kirti
INS01432,CUST00800,INS007,HDFC ERGO Motor Insurance,Motor,HDFC ERGO,478717,5873,Yearly,2026-04-06,2026-12-26,Active,Family of Kirti
INS01433,CUST00801,INS001,HDFC Life Click 2 Protect,Life,HDFC Life,2500000,6388,Yearly,2024-08-11,2025-01-10,Active,Family of Swati
INS01434,CUST00801,INS004,HDFC ERGO Optima Family Floater,Health,HDFC ERGO,940244,10034,Yearly,2026-01-22,2023-04-29,Active,Family of Swati
INS01435,CUST00802,INS003,HDFC ERGO Optima Secure,Health,HDFC ERGO,6573547,15503,Yearly,2021-07-22,2023-10-24,Active,Family of Megha
INS01436,CUST00803,INS008,HDFC ERGO Personal Accident,Personal Accident,HDFC ERGO,7311339,10860,Yearly,2023-11-18,2024-07-28,Active,Family of Sourabh
INS01437,CUST00804,INS004,HDFC ERGO Optima Family Floater,Health,HDFC ERGO,1993529,33712,Yearly,2024-04-19,2027-07-08,Active,Family of Atharv
INS01438,CUST00804,INS008,HDFC ERGO Personal Accident,Personal Accident,HDFC ERGO,5941501,6499,Yearly,2024-12-18,2026-03-14,Active,Family of Atharv
INS01439,CUST00805,INS001,HDFC Life Click 2 Protect,Life,HDFC Life,4898141,6043,Yearly,2024-01-28,2025-06-09,Active,Family of Varsha
INS01440,CUST00805,INS004,HDFC ERGO Optima Family Floater,Health,HDFC ERGO,4936773,17303,Yearly,2022-08-02,2021-04-11,Active,Family of Varsha
INS01441,CUST00806,INS001,HDFC Life Click 2 Protect,Life,HDFC Life,12559628,13384,Yearly,2019-11-28,2025-07-20,Active,Family of Sachin
INS01442,CUST00806,INS011,HDFC Life Young Star Child Plan,Child Insurance,HDFC Life,11161911,117254,Yearly,2024-04-08,2026-12-26,Active,Family of Sachin
INS01443,CUST00807,INS001,HDFC Life Click 2 Protect,Life,HDFC Life,3687499,8944,Yearly,2021-02-02,2025-07-19,Active,Family of Rashmi
INS01444,CUST00807,INS004,HDFC ERGO Optima Family Floater,Health,HDFC ERGO,1943382,11186,Yearly,2020-07-16,2021-02-12,Active,Family of Rashmi
INS01445,CUST00808,INS007,HDFC ERGO Motor Insurance,Motor,HDFC ERGO,1020114,12580,Yearly,2017-06-15,2021-10-27,Active,Family of Ajay
INS01446,CUST00809,INS004,HDFC ERGO Optima Family Floater,Health,HDFC ERGO,1048465,22952,Yearly,2021-06-23,2024-04-08,Active,Family of Prachi
INS01447,CUST00809,INS010,HDFC Life Click 2 Wealth ULIP,ULIP,HDFC Life,4576091,71954,Yearly,2025-01-05,2025-07-28,Active,Family of Prachi
INS01448,CUST00810,INS004,HDFC ERGO Optima Family Floater,Health,HDFC ERGO,606816,10000,Yearly,2025-06-26,2026-11-15,Active,Family of Nirav
INS01449,CUST00811,INS008,HDFC ERGO Personal Accident,Personal Accident,HDFC ERGO,7212494,7451,Yearly,2025-01-22,2026-04-14,Active,Family of Ajay
INS01450,CUST00811,INS010,HDFC Life Click 2 Wealth ULIP,ULIP,HDFC Life,9164420,48787,Yearly,2025-01-19,2025-06-25,Active,Family of Ajay
INS01451,CUST00812,INS001,HDFC Life Click 2 Protect,Life,HDFC Life,2573374,27488,Yearly,2025-07-22,2024-01-29,Active,Family of Ragini
INS01452,CUST00812,INS004,HDFC ERGO Optima Family Floater,Health,HDFC ERGO,2768078,21968,Yearly,2025-08-31,2020-11-17,Active,Family of Ragini
INS01453,CUST00812,INS007,HDFC ERGO Motor Insurance,Motor,HDFC ERGO,1867956,20245,Yearly,2019-09-20,2021-01-01,Active,Family of Ragini
INS01454,CUST00813,INS001,HDFC Life Click 2 Protect,Life,HDFC Life,5197922,41942,Yearly,2024-10-31,2025-02-21,Active,Family of Vikas
INS01455,CUST00813,INS003,HDFC ERGO Optima Secure,Health,HDFC ERGO,8954823,13879,Yearly,2025-07-07,2026-11-24,Active,Family of Vikas
INS01456,CUST00813,INS006,HDFC ERGO Travel Insurance,Travel,HDFC ERGO,1901235,2225,Yearly,2025-01-27,2027-05-12,Active,Family of Vikas
INS01457,CUST00814,INS007,HDFC ERGO Motor Insurance,Motor,HDFC ERGO,3191599,7871,Yearly,2026-04-13,2027-03-27,Active,Family of Ankit
INS01458,CUST00814,INS006,HDFC ERGO Travel Insurance,Travel,HDFC ERGO,4612138,6939,Yearly,2026-02-20,2026-12-21,Active,Family of Ankit
INS01459,CUST00815,INS008,HDFC ERGO Personal Accident,Personal Accident,HDFC ERGO,5243859,5017,Yearly,2024-05-30,2022-01-24,Active,Family of Ragini
INS01460,CUST00816,INS001,HDFC Life Click 2 Protect,Life,HDFC Life,2607571,19060,Yearly,2024-04-03,2026-03-21,Active,Family of Avinash
INS01461,CUST00816,INS007,HDFC ERGO Motor Insurance,Motor,HDFC ERGO,2474848,8536,Yearly,2023-11-04,2027-02-15,Active,Family of Avinash
INS01462,CUST00816,INS011,HDFC Life Young Star Child Plan,Child Insurance,HDFC Life,1688909,21613,Yearly,2023-08-08,2026-09-03,Active,Family of Avinash
INS01463,CUST00817,INS001,HDFC Life Click 2 Protect,Life,HDFC Life,8312333,28110,Yearly,2025-12-24,2023-01-15,Active,Family of Rohit
INS01464,CUST00817,INS004,HDFC ERGO Optima Family Floater,Health,HDFC ERGO,3124319,11836,Yearly,2022-06-26,2026-02-21,Active,Family of Rohit
INS01465,CUST00817,INS007,HDFC ERGO Motor Insurance,Motor,HDFC ERGO,1166864,26375,Yearly,2022-11-28,2024-07-30,Active,Family of Rohit
INS01466,CUST00818,INS004,HDFC ERGO Optima Family Floater,Health,HDFC ERGO,19132883,23953,Yearly,2024-11-07,2025-06-09,Active,Family of Mitali
INS01467,CUST00818,INS006,HDFC ERGO Travel Insurance,Travel,HDFC ERGO,9490212,5358,Yearly,2018-03-07,2022-06-11,Active,Family of Mitali
INS01468,CUST00818,INS008,HDFC ERGO Personal Accident,Personal Accident,HDFC ERGO,2139079,8148,Yearly,2019-05-05,2027-01-19,Active,Family of Mitali
INS01469,CUST00818,INS011,HDFC Life Young Star Child Plan,Child Insurance,HDFC Life,11501781,46340,Yearly,2020-04-08,2023-12-26,Active,Family of Mitali
INS01470,CUST00819,INS004,HDFC ERGO Optima Family Floater,Health,HDFC ERGO,3680414,19803,Yearly,2019-06-21,2024-01-06,Active,Family of Sonia
INS01471,CUST00820,INS001,HDFC Life Click 2 Protect,Life,HDFC Life,21286513,18019,Yearly,2022-12-27,2024-12-20,Active,Family of Aparna
INS01472,CUST00820,INS005,HDFC ERGO Optima Senior,Health,HDFC ERGO,3509059,44753,Yearly,2022-07-27,2026-02-15,Active,Family of Aparna
INS01473,CUST00820,INS007,HDFC ERGO Motor Insurance,Motor,HDFC ERGO,602950,26882,Yearly,2017-08-28,2023-06-23,Active,Family of Aparna
INS01474,CUST00821,INS003,HDFC ERGO Optima Secure,Health,HDFC ERGO,3181110,19051,Yearly,2024-08-31,2026-04-28,Active,Family of Radhika
INS01475,CUST00821,INS007,HDFC ERGO Motor Insurance,Motor,HDFC ERGO,162971,3973,Yearly,2025-09-06,2026-03-01,Active,Family of Radhika
INS01476,CUST00821,INS008,HDFC ERGO Personal Accident,Personal Accident,HDFC ERGO,2329387,10905,Yearly,2023-12-30,2024-02-07,Active,Family of Radhika
INS01477,CUST00823,INS001,HDFC Life Click 2 Protect,Life,HDFC Life,9505105,36998,Yearly,2025-08-13,2021-06-27,Active,Family of Yash
INS01478,CUST00823,INS004,HDFC ERGO Optima Family Floater,Health,HDFC ERGO,15699392,43100,Yearly,2025-11-12,2024-08-01,Active,Family of Yash
INS01479,CUST00825,INS003,HDFC ERGO Optima Secure,Health,HDFC ERGO,778055,39679,Yearly,2025-12-04,2024-11-11,Active,Family of Ankita
INS01480,CUST00825,INS006,HDFC ERGO Travel Insurance,Travel,HDFC ERGO,15388674,4625,Yearly,2024-07-11,2026-12-05,Active,Family of Ankita
INS01481,CUST00826,INS001,HDFC Life Click 2 Protect,Life,HDFC Life,15960651,26423,Yearly,2022-08-01,2021-02-22,Active,Family of Divyansh
INS01482,CUST00826,INS006,HDFC ERGO Travel Insurance,Travel,HDFC ERGO,1569637,4073,Yearly,2019-12-29,2022-10-14,Active,Family of Divyansh
INS01483,CUST00827,INS001,HDFC Life Click 2 Protect,Life,HDFC Life,11445065,14248,Yearly,2025-05-11,2026-11-02,Active,Family of Sumit
INS01484,CUST00827,INS004,HDFC ERGO Optima Family Floater,Health,HDFC ERGO,4182012,19423,Yearly,2024-03-13,2020-12-26,Active,Family of Sumit
INS01485,CUST00827,INS007,HDFC ERGO Motor Insurance,Motor,HDFC ERGO,3613016,22405,Yearly,2018-11-20,2021-08-08,Active,Family of Sumit
INS01486,CUST00828,INS004,HDFC ERGO Optima Family Floater,Health,HDFC ERGO,1730232,27595,Yearly,2025-05-23,2018-06-19,Active,Family of Ramesh
INS01487,CUST00828,INS006,HDFC ERGO Travel Insurance,Travel,HDFC ERGO,8039662,8902,Yearly,2019-09-26,2024-06-03,Active,Family of Ramesh
INS01488,CUST00830,INS007,HDFC ERGO Motor Insurance,Motor,HDFC ERGO,765137,17195,Yearly,2026-01-22,2023-06-25,Active,Family of Aakanksha
INS01489,CUST00830,INS006,HDFC ERGO Travel Insurance,Travel,HDFC ERGO,8005394,8864,Yearly,2021-09-11,2022-09-27,Active,Family of Aakanksha
INS01490,CUST00830,INS008,HDFC ERGO Personal Accident,Personal Accident,HDFC ERGO,6819483,2280,Yearly,2022-06-05,2024-02-22,Active,Family of Aakanksha
INS01491,CUST00831,INS004,HDFC ERGO Optima Family Floater,Health,HDFC ERGO,612983,14058,Yearly,2025-11-24,2027-04-01,Active,Family of Vivek
INS01492,CUST00832,INS001,HDFC Life Click 2 Protect,Life,HDFC Life,10524360,43639,Yearly,2025-07-29,2023-04-27,Active,Family of Sneha
INS01493,CUST00832,INS004,HDFC ERGO Optima Family Floater,Health,HDFC ERGO,16153067,23460,Yearly,2023-10-04,2022-05-26,Active,Family of Sneha
INS01494,CUST00833,INS004,HDFC ERGO Optima Family Floater,Health,HDFC ERGO,1954083,29229,Yearly,2024-06-24,2026-11-26,Active,Family of Kamlesh
INS01495,CUST00834,INS001,HDFC Life Click 2 Protect,Life,HDFC Life,4616325,16440,Yearly,2021-12-07,2025-08-23,Active,Family of Mitali
INS01496,CUST00834,INS004,HDFC ERGO Optima Family Floater,Health,HDFC ERGO,4246516,19236,Yearly,2025-09-23,2026-09-16,Active,Family of Mitali
INS01497,CUST00834,INS008,HDFC ERGO Personal Accident,Personal Accident,HDFC ERGO,1544931,6927,Yearly,2025-09-05,2026-06-06,Active,Family of Mitali
INS01498,CUST00835,INS008,HDFC ERGO Personal Accident,Personal Accident,HDFC ERGO,786989,9312,Yearly,2021-11-09,2024-06-10,Active,Family of Amit
INS01499,CUST00836,INS001,HDFC Life Click 2 Protect,Life,HDFC Life,21968529,9791,Yearly,2025-02-10,2027-06-13,Active,Family of Keshav
INS01500,CUST00836,INS007,HDFC ERGO Motor Insurance,Motor,HDFC ERGO,1460579,22577,Yearly,2026-05-19,2022-09-25,Active,Family of Keshav
INS01501,CUST00836,INS009,HDFC ERGO Home Insurance,Home,HDFC ERGO,23714442,6711,Yearly,2025-07-02,2026-12-29,Active,Family of Keshav
INS01502,CUST00836,INS006,HDFC ERGO Travel Insurance,Travel,HDFC ERGO,21436482,4362,Yearly,2025-08-24,2022-10-04,Active,Family of Keshav
INS01503,CUST00836,INS008,HDFC ERGO Personal Accident,Personal Accident,HDFC ERGO,783072,9437,Yearly,2024-04-27,2025-09-13,Active,Family of Keshav
INS01504,CUST00837,INS004,HDFC ERGO Optima Family Floater,Health,HDFC ERGO,3536624,31521,Yearly,2025-02-03,2026-02-22,Active,Family of Adarsh
INS01505,CUST00839,INS003,HDFC ERGO Optima Secure,Health,HDFC ERGO,621497,7349,Yearly,2023-05-03,2026-02-20,Active,Family of Mohit
INS01506,CUST00840,INS007,HDFC ERGO Motor Insurance,Motor,HDFC ERGO,2040873,17472,Yearly,2017-12-08,2023-07-02,Active,Family of Riya
INS01507,CUST00841,INS001,HDFC Life Click 2 Protect,Life,HDFC Life,10242766,44830,Yearly,2016-11-29,2020-03-17,Active,Family of Anvi
INS01508,CUST00841,INS004,HDFC ERGO Optima Family Floater,Health,HDFC ERGO,6732360,43465,Yearly,2022-08-23,2017-12-26,Active,Family of Anvi
INS01509,CUST00841,INS007,HDFC ERGO Motor Insurance,Motor,HDFC ERGO,630280,25732,Yearly,2024-12-27,2026-06-09,Active,Family of Anvi
INS01510,CUST00841,INS008,HDFC ERGO Personal Accident,Personal Accident,HDFC ERGO,5579832,12971,Yearly,2016-10-21,2018-06-17,Active,Family of Anvi
INS01511,CUST00842,INS001,HDFC Life Click 2 Protect,Life,HDFC Life,4695225,44069,Yearly,2026-06-05,2025-08-01,Active,Family of Mihir
INS01512,CUST00843,INS001,HDFC Life Click 2 Protect,Life,HDFC Life,8406393,18549,Yearly,2024-06-05,2024-02-20,Active,Family of Rakesh
INS01513,CUST00843,INS003,HDFC ERGO Optima Secure,Health,HDFC ERGO,8898826,15433,Yearly,2021-04-01,2025-02-14,Active,Family of Rakesh
INS01514,CUST00843,INS008,HDFC ERGO Personal Accident,Personal Accident,HDFC ERGO,6944684,9150,Yearly,2021-10-26,2026-04-28,Active,Family of Rakesh
INS01515,CUST00844,INS001,HDFC Life Click 2 Protect,Life,HDFC Life,4391149,16048,Yearly,2025-12-08,2027-06-27,Active,Family of Yogesh
INS01516,CUST00845,INS001,HDFC Life Click 2 Protect,Life,HDFC Life,2745087,12912,Yearly,2024-10-26,2020-01-09,Active,Family of Hrithik
INS01517,CUST00845,INS007,HDFC ERGO Motor Insurance,Motor,HDFC ERGO,1280895,18465,Yearly,2021-12-17,2025-08-05,Active,Family of Hrithik
INS01518,CUST00845,INS011,HDFC Life Young Star Child Plan,Child Insurance,HDFC Life,544844,30505,Yearly,2023-01-11,2021-06-22,Active,Family of Hrithik
INS01519,CUST00846,INS007,HDFC ERGO Motor Insurance,Motor,HDFC ERGO,2856869,3487,Yearly,2021-12-30,2022-08-31,Active,Family of Vidhi
INS01520,CUST00846,INS006,HDFC ERGO Travel Insurance,Travel,HDFC ERGO,3265812,3124,Yearly,2020-11-16,2026-05-23,Active,Family of Vidhi
INS01521,CUST00847,INS005,HDFC ERGO Optima Senior,Health,HDFC ERGO,1441596,46205,Yearly,2024-04-19,2024-10-14,Active,Family of Gauri
INS01522,CUST00847,INS009,HDFC ERGO Home Insurance,Home,HDFC ERGO,17058542,4569,Yearly,2025-12-28,2025-03-24,Active,Family of Gauri
INS01523,CUST00847,INS006,HDFC ERGO Travel Insurance,Travel,HDFC ERGO,11571929,4237,Yearly,2025-09-09,2024-07-07,Active,Family of Gauri
INS01524,CUST00848,INS001,HDFC Life Click 2 Protect,Life,HDFC Life,3811928,37005,Yearly,2026-04-08,2027-04-10,Active,Family of Kajal
INS01525,CUST00848,INS007,HDFC ERGO Motor Insurance,Motor,HDFC ERGO,3896185,17965,Yearly,2023-07-19,2026-09-05,Active,Family of Kajal
INS01526,CUST00849,INS001,HDFC Life Click 2 Protect,Life,HDFC Life,2500000,9990,Yearly,2024-08-14,2019-11-18,Active,Family of Arnav
INS01527,CUST00850,INS001,HDFC Life Click 2 Protect,Life,HDFC Life,2636326,21396,Yearly,2025-04-10,2025-12-29,Active,Family of Sahil
INS01528,CUST00851,INS001,HDFC Life Click 2 Protect,Life,HDFC Life,7321345,43686,Yearly,2026-06-15,2027-01-02,Active,Family of Palak
INS01529,CUST00851,INS004,HDFC ERGO Optima Family Floater,Health,HDFC ERGO,9904203,42412,Yearly,2025-11-21,2027-03-14,Active,Family of Palak
INS01530,CUST00851,INS008,HDFC ERGO Personal Accident,Personal Accident,HDFC ERGO,6065835,6249,Yearly,2026-03-27,2026-10-05,Active,Family of Palak
INS01531,CUST00852,INS001,HDFC Life Click 2 Protect,Life,HDFC Life,4468838,22768,Yearly,2025-05-31,2026-07-21,Active,Family of Harsh
INS01532,CUST00852,INS004,HDFC ERGO Optima Family Floater,Health,HDFC ERGO,2445758,24450,Yearly,2025-05-03,2027-03-01,Active,Family of Harsh
INS01533,CUST00854,INS001,HDFC Life Click 2 Protect,Life,HDFC Life,2500000,11547,Yearly,2020-11-17,2018-12-15,Active,Family of Ashish
INS01534,CUST00855,INS004,HDFC ERGO Optima Family Floater,Health,HDFC ERGO,13849924,52776,Yearly,2024-04-03,2025-04-13,Active,Family of Nikita
INS01535,CUST00857,INS010,HDFC Life Click 2 Wealth ULIP,ULIP,HDFC Life,6265086,69813,Yearly,2023-08-09,2025-01-27,Active,Family of Shanti
INS01536,CUST00858,INS001,HDFC Life Click 2 Protect,Life,HDFC Life,8844946,29984,Yearly,2025-04-12,2024-03-13,Active,Family of Sonia
INS01537,CUST00858,INS007,HDFC ERGO Motor Insurance,Motor,HDFC ERGO,998199,18652,Yearly,2026-01-16,2018-05-27,Active,Family of Sonia
INS01538,CUST00859,INS004,HDFC ERGO Optima Family Floater,Health,HDFC ERGO,5746981,39688,Yearly,2025-09-11,2027-01-24,Active,Family of Gauri
INS01539,CUST00860,INS001,HDFC Life Click 2 Protect,Life,HDFC Life,2673372,6601,Yearly,2022-11-14,2021-11-04,Active,Family of Aditi
INS01540,CUST00861,INS001,HDFC Life Click 2 Protect,Life,HDFC Life,2859950,12713,Yearly,2021-01-26,2020-05-12,Active,Family of Tanay
INS01541,CUST00861,INS004,HDFC ERGO Optima Family Floater,Health,HDFC ERGO,11327306,44666,Yearly,2024-05-17,2024-09-16,Active,Family of Tanay
INS01542,CUST00861,INS007,HDFC ERGO Motor Insurance,Motor,HDFC ERGO,1450390,27987,Yearly,2023-12-19,2025-11-12,Active,Family of Tanay
INS01543,CUST00862,INS001,HDFC Life Click 2 Protect,Life,HDFC Life,4420431,19339,Yearly,2024-02-28,2025-05-25,Active,Family of Rashmi
INS01544,CUST00862,INS007,HDFC ERGO Motor Insurance,Motor,HDFC ERGO,523113,4086,Yearly,2026-05-19,2024-02-02,Active,Family of Rashmi
INS01545,CUST00862,INS008,HDFC ERGO Personal Accident,Personal Accident,HDFC ERGO,2835835,13415,Yearly,2021-03-06,2022-02-13,Active,Family of Rashmi
INS01546,CUST00864,INS001,HDFC Life Click 2 Protect,Life,HDFC Life,6491146,44303,Yearly,2021-12-12,2027-03-19,Active,Family of Anvi
INS01547,CUST00864,INS005,HDFC ERGO Optima Senior,Health,HDFC ERGO,4506184,39751,Yearly,2023-11-11,2024-03-20,Active,Family of Anvi
INS01548,CUST00866,INS005,HDFC ERGO Optima Senior,Health,HDFC ERGO,3788877,31799,Yearly,2026-04-05,2022-09-15,Active,Family of Deepa
INS01549,CUST00867,INS001,HDFC Life Click 2 Protect,Life,HDFC Life,13495469,9358,Yearly,2022-07-18,2025-02-26,Active,Family of Anushka
INS01550,CUST00867,INS003,HDFC ERGO Optima Secure,Health,HDFC ERGO,14086431,28115,Yearly,2026-07-17,2027-04-12,Active,Family of Anushka
INS01551,CUST00868,INS004,HDFC ERGO Optima Family Floater,Health,HDFC ERGO,1675966,24185,Yearly,2020-11-07,2026-03-19,Active,Family of Vandana
INS01552,CUST00868,INS008,HDFC ERGO Personal Accident,Personal Accident,HDFC ERGO,3177772,8074,Yearly,2023-04-16,2026-10-29,Active,Family of Vandana
INS01553,CUST00870,INS003,HDFC ERGO Optima Secure,Health,HDFC ERGO,14980918,31197,Yearly,2016-07-07,2017-10-07,Active,Family of Kunal
INS01554,CUST00870,INS006,HDFC ERGO Travel Insurance,Travel,HDFC ERGO,9846990,1561,Yearly,2022-09-14,2019-05-19,Active,Family of Kunal
INS01555,CUST00871,INS001,HDFC Life Click 2 Protect,Life,HDFC Life,13672610,22614,Yearly,2020-01-02,2020-04-25,Active,Family of Harish
INS01556,CUST00871,INS004,HDFC ERGO Optima Family Floater,Health,HDFC ERGO,13460196,59788,Yearly,2020-11-10,2022-04-20,Active,Family of Harish
INS01557,CUST00871,INS007,HDFC ERGO Motor Insurance,Motor,HDFC ERGO,4384034,15271,Yearly,2017-03-20,2025-03-02,Active,Family of Harish
INS01558,CUST00871,INS011,HDFC Life Young Star Child Plan,Child Insurance,HDFC Life,5804784,63031,Yearly,2026-05-23,2025-04-11,Active,Family of Harish
INS01559,CUST00872,INS001,HDFC Life Click 2 Protect,Life,HDFC Life,4727086,25207,Yearly,2023-12-09,2018-09-13,Active,Family of Kalpana
INS01560,CUST00873,INS007,HDFC ERGO Motor Insurance,Motor,HDFC ERGO,1531445,9611,Yearly,2020-11-25,2018-03-19,Active,Family of Ayush
INS01561,CUST00874,INS004,HDFC ERGO Optima Family Floater,Health,HDFC ERGO,1543389,27473,Yearly,2025-02-07,2026-03-08,Active,Family of Aditya
INS01562,CUST00874,INS007,HDFC ERGO Motor Insurance,Motor,HDFC ERGO,441187,8916,Yearly,2025-10-11,2027-04-09,Active,Family of Aditya
INS01563,CUST00875,INS004,HDFC ERGO Optima Family Floater,Health,HDFC ERGO,5733312,38551,Yearly,2026-03-17,2026-12-12,Active,Family of Gayatri
INS01564,CUST00875,INS008,HDFC ERGO Personal Accident,Personal Accident,HDFC ERGO,1959133,13147,Yearly,2020-06-02,2025-06-22,Active,Family of Gayatri
INS01565,CUST00876,INS003,HDFC ERGO Optima Secure,Health,HDFC ERGO,4577187,24398,Yearly,2025-11-13,2027-05-15,Active,Family of Parth
INS01566,CUST00877,INS001,HDFC Life Click 2 Protect,Life,HDFC Life,6426377,25808,Yearly,2026-03-12,2027-01-05,Active,Family of Alisha
INS01567,CUST00877,INS006,HDFC ERGO Travel Insurance,Travel,HDFC ERGO,14852744,2033,Yearly,2024-07-25,2025-07-04,Active,Family of Alisha
INS01568,CUST00877,INS010,HDFC Life Click 2 Wealth ULIP,ULIP,HDFC Life,6277166,60570,Yearly,2026-02-16,2025-08-16,Active,Family of Alisha
INS01569,CUST00878,INS001,HDFC Life Click 2 Protect,Life,HDFC Life,6359714,49459,Yearly,2025-10-21,2019-06-06,Active,Family of Raj
INS01570,CUST00878,INS007,HDFC ERGO Motor Insurance,Motor,HDFC ERGO,338399,22312,Yearly,2024-01-11,2020-05-21,Active,Family of Raj
INS01571,CUST00878,INS008,HDFC ERGO Personal Accident,Personal Accident,HDFC ERGO,2467162,14145,Yearly,2023-03-02,2017-10-05,Active,Family of Raj
INS01572,CUST00878,INS010,HDFC Life Click 2 Wealth ULIP,ULIP,HDFC Life,10540693,63697,Yearly,2017-07-10,2020-01-05,Active,Family of Raj
INS01573,CUST00879,INS001,HDFC Life Click 2 Protect,Life,HDFC Life,6137831,17483,Yearly,2024-02-24,2023-12-20,Active,Family of Anshul
INS01574,CUST00879,INS004,HDFC ERGO Optima Family Floater,Health,HDFC ERGO,3386215,25255,Yearly,2024-05-05,2026-11-18,Active,Family of Anshul
INS01575,CUST00881,INS003,HDFC ERGO Optima Secure,Health,HDFC ERGO,1293943,23358,Yearly,2026-05-07,2025-09-25,Active,Family of Chaitanya
INS01576,CUST00881,INS008,HDFC ERGO Personal Accident,Personal Accident,HDFC ERGO,2687114,2030,Yearly,2026-05-18,2026-12-14,Active,Family of Chaitanya
INS01577,CUST00882,INS001,HDFC Life Click 2 Protect,Life,HDFC Life,3114597,9188,Yearly,2026-06-06,2025-07-13,Active,Family of Vandana
INS01578,CUST00882,INS004,HDFC ERGO Optima Family Floater,Health,HDFC ERGO,3004221,24631,Yearly,2026-04-03,2025-10-09,Active,Family of Vandana
INS01579,CUST00882,INS011,HDFC Life Young Star Child Plan,Child Insurance,HDFC Life,2789647,35469,Yearly,2026-05-23,2025-05-23,Active,Family of Vandana
INS01580,CUST00883,INS001,HDFC Life Click 2 Protect,Life,HDFC Life,2866113,8182,Yearly,2024-02-06,2027-04-20,Active,Family of Naina
INS01581,CUST00883,INS004,HDFC ERGO Optima Family Floater,Health,HDFC ERGO,5634338,19448,Yearly,2024-05-13,2025-09-27,Active,Family of Naina
INS01582,CUST00884,INS006,HDFC ERGO Travel Insurance,Travel,HDFC ERGO,3173308,1832,Yearly,2025-10-31,2020-10-14,Active,Family of Dinesh
INS01583,CUST00885,INS007,HDFC ERGO Motor Insurance,Motor,HDFC ERGO,3720440,17405,Yearly,2025-02-27,2027-02-14,Active,Family of Simran
INS01584,CUST00885,INS006,HDFC ERGO Travel Insurance,Travel,HDFC ERGO,18675821,2049,Yearly,2020-12-17,2026-02-07,Active,Family of Simran
INS01585,CUST00887,INS003,HDFC ERGO Optima Secure,Health,HDFC ERGO,2733131,31613,Yearly,2025-01-25,2026-03-26,Active,Family of Shreya
INS01586,CUST00887,INS006,HDFC ERGO Travel Insurance,Travel,HDFC ERGO,11078409,8481,Yearly,2026-02-08,2027-01-12,Active,Family of Shreya
INS01587,CUST00887,INS008,HDFC ERGO Personal Accident,Personal Accident,HDFC ERGO,9902798,10786,Yearly,2025-08-23,2027-06-04,Active,Family of Shreya
INS01588,CUST00888,INS003,HDFC ERGO Optima Secure,Health,HDFC ERGO,797369,12653,Yearly,2025-07-16,2026-01-24,Active,Family of Amit
INS01589,CUST00889,INS004,HDFC ERGO Optima Family Floater,Health,HDFC ERGO,3361252,13562,Yearly,2025-07-11,2022-12-20,Active,Family of Ishaan
INS01590,CUST00892,INS007,HDFC ERGO Motor Insurance,Motor,HDFC ERGO,534698,22751,Yearly,2023-01-18,2021-08-11,Active,Family of Darshan
INS01591,CUST00894,INS005,HDFC ERGO Optima Senior,Health,HDFC ERGO,964434,33974,Yearly,2025-07-15,2025-12-14,Active,Family of Gauri
INS01592,CUST00896,INS007,HDFC ERGO Motor Insurance,Motor,HDFC ERGO,2928438,12240,Yearly,2025-08-14,2026-10-08,Active,Family of Anand
INS01593,CUST00897,INS001,HDFC Life Click 2 Protect,Life,HDFC Life,3056918,45815,Yearly,2023-12-28,2026-04-15,Active,Family of Prachi
INS01594,CUST00898,INS003,HDFC ERGO Optima Secure,Health,HDFC ERGO,7379106,32147,Yearly,2026-02-22,2026-09-29,Active,Family of Ishita
INS01595,CUST00898,INS007,HDFC ERGO Motor Insurance,Motor,HDFC ERGO,771009,25092,Yearly,2025-04-09,2027-02-10,Active,Family of Ishita
INS01596,CUST00899,INS001,HDFC Life Click 2 Protect,Life,HDFC Life,4248078,9324,Yearly,2021-08-21,2020-04-13,Active,Family of Komal
INS01597,CUST00899,INS004,HDFC ERGO Optima Family Floater,Health,HDFC ERGO,10235178,55529,Yearly,2024-10-27,2020-08-01,Active,Family of Komal
INS01598,CUST00900,INS001,HDFC Life Click 2 Protect,Life,HDFC Life,7728726,10166,Yearly,2025-03-15,2026-01-17,Active,Family of Ved
INS01599,CUST00900,INS003,HDFC ERGO Optima Secure,Health,HDFC ERGO,8500116,15044,Yearly,2026-04-11,2026-01-13,Active,Family of Ved
INS01600,CUST00900,INS007,HDFC ERGO Motor Insurance,Motor,HDFC ERGO,3733521,11351,Yearly,2024-12-23,2025-10-14,Active,Family of Ved
INS01601,CUST00900,INS008,HDFC ERGO Personal Accident,Personal Accident,HDFC ERGO,8878051,3735,Yearly,2024-06-24,2027-01-08,Active,Family of Ved
INS01602,CUST00902,INS004,HDFC ERGO Optima Family Floater,Health,HDFC ERGO,2251542,28940,Yearly,2025-08-12,2026-11-11,Active,Family of Siddharth
INS01603,CUST00903,INS001,HDFC Life Click 2 Protect,Life,HDFC Life,4614340,49829,Yearly,2020-01-02,2026-04-16,Active,Family of Mitali
INS01604,CUST00903,INS004,HDFC ERGO Optima Family Floater,Health,HDFC ERGO,7090180,32899,Yearly,2023-02-27,2021-09-07,Active,Family of Mitali
INS01605,CUST00903,INS007,HDFC ERGO Motor Insurance,Motor,HDFC ERGO,980100,22912,Yearly,2018-04-28,2026-05-20,Active,Family of Mitali
INS01606,CUST00904,INS001,HDFC Life Click 2 Protect,Life,HDFC Life,17647914,8620,Yearly,2026-03-17,2026-12-25,Active,Family of Aniket
INS01607,CUST00905,INS001,HDFC Life Click 2 Protect,Life,HDFC Life,4268567,45272,Yearly,2025-06-25,2025-11-14,Active,Family of Yash
INS01608,CUST00905,INS004,HDFC ERGO Optima Family Floater,Health,HDFC ERGO,2744020,32904,Yearly,2026-07-04,2026-01-24,Active,Family of Yash
INS01609,CUST00906,INS004,HDFC ERGO Optima Family Floater,Health,HDFC ERGO,16585000,35948,Yearly,2026-07-07,2027-02-08,Active,Family of Reema
INS01610,CUST00907,INS003,HDFC ERGO Optima Secure,Health,HDFC ERGO,3679899,20904,Yearly,2025-12-20,2025-07-16,Active,Family of Vaibhav
INS01611,CUST00908,INS001,HDFC Life Click 2 Protect,Life,HDFC Life,3944792,23867,Yearly,2024-11-18,2022-03-10,Active,Family of Suresh
INS01612,CUST00909,INS001,HDFC Life Click 2 Protect,Life,HDFC Life,4340377,12481,Yearly,2022-02-06,2016-02-22,Active,Family of Om
INS01613,CUST00909,INS004,HDFC ERGO Optima Family Floater,Health,HDFC ERGO,833349,38011,Yearly,2021-08-01,2026-06-04,Active,Family of Om
INS01614,CUST00910,INS004,HDFC ERGO Optima Family Floater,Health,HDFC ERGO,4485420,18379,Yearly,2026-02-09,2027-01-24,Active,Family of Yash
INS01615,CUST00910,INS006,HDFC ERGO Travel Insurance,Travel,HDFC ERGO,8867857,7076,Yearly,2026-01-10,2026-11-04,Active,Family of Yash
INS01616,CUST00910,INS008,HDFC ERGO Personal Accident,Personal Accident,HDFC ERGO,2857609,8910,Yearly,2026-03-17,2027-06-19,Active,Family of Yash
INS01617,CUST00911,INS004,HDFC ERGO Optima Family Floater,Health,HDFC ERGO,1502814,10375,Yearly,2026-05-09,2020-06-25,Active,Family of Arjun
INS01618,CUST00912,INS001,HDFC Life Click 2 Protect,Life,HDFC Life,3169609,49289,Yearly,2020-04-08,2023-07-25,Active,Family of Aaliya
INS01619,CUST00912,INS006,HDFC ERGO Travel Insurance,Travel,HDFC ERGO,8832591,1317,Yearly,2024-12-30,2020-06-15,Active,Family of Aaliya
INS01620,CUST00913,INS001,HDFC Life Click 2 Protect,Life,HDFC Life,10471204,15493,Yearly,2024-07-23,2024-12-22,Active,Family of Chirag
INS01621,CUST00913,INS004,HDFC ERGO Optima Family Floater,Health,HDFC ERGO,7848078,32190,Yearly,2020-02-23,2026-04-05,Active,Family of Chirag
INS01622,CUST00913,INS006,HDFC ERGO Travel Insurance,Travel,HDFC ERGO,5752222,4081,Yearly,2020-07-09,2022-06-18,Active,Family of Chirag
INS01623,CUST00913,INS008,HDFC ERGO Personal Accident,Personal Accident,HDFC ERGO,1882766,4568,Yearly,2020-02-28,2025-02-18,Active,Family of Chirag
INS01624,CUST00914,INS001,HDFC Life Click 2 Protect,Life,HDFC Life,14441967,20980,Yearly,2024-10-02,2026-02-03,Active,Family of Neha
INS01625,CUST00914,INS004,HDFC ERGO Optima Family Floater,Health,HDFC ERGO,10525192,11607,Yearly,2025-09-16,2026-10-21,Active,Family of Neha
INS01626,CUST00914,INS008,HDFC ERGO Personal Accident,Personal Accident,HDFC ERGO,1613249,12857,Yearly,2025-05-27,2023-12-15,Active,Family of Neha
INS01627,CUST00915,INS001,HDFC Life Click 2 Protect,Life,HDFC Life,20680665,6934,Yearly,2021-07-14,2023-08-20,Active,Family of Rakesh
INS01628,CUST00915,INS003,HDFC ERGO Optima Secure,Health,HDFC ERGO,3297690,37955,Yearly,2023-03-18,2023-08-31,Active,Family of Rakesh
INS01629,CUST00915,INS007,HDFC ERGO Motor Insurance,Motor,HDFC ERGO,3538899,13956,Yearly,2020-12-22,2024-07-20,Active,Family of Rakesh
INS01630,CUST00916,INS001,HDFC Life Click 2 Protect,Life,HDFC Life,11254420,48168,Yearly,2026-06-13,2027-02-28,Active,Family of Komal
INS01631,CUST00916,INS007,HDFC ERGO Motor Insurance,Motor,HDFC ERGO,1633135,9740,Yearly,2025-09-12,2027-05-29,Active,Family of Komal
INS01632,CUST00917,INS001,HDFC Life Click 2 Protect,Life,HDFC Life,14584559,8074,Yearly,2022-05-09,2021-05-28,Active,Family of Tanay
INS01633,CUST00917,INS005,HDFC ERGO Optima Senior,Health,HDFC ERGO,4847504,18841,Yearly,2024-11-04,2022-04-13,Active,Family of Tanay
INS01634,CUST00917,INS007,HDFC ERGO Motor Insurance,Motor,HDFC ERGO,2164033,26414,Yearly,2019-02-07,2016-11-11,Active,Family of Tanay
INS01635,CUST00918,INS001,HDFC Life Click 2 Protect,Life,HDFC Life,6407074,14512,Yearly,2025-07-02,2024-01-21,Active,Family of Srinivas
INS01636,CUST00919,INS004,HDFC ERGO Optima Family Floater,Health,HDFC ERGO,3754073,10824,Yearly,2025-07-18,2025-01-06,Active,Family of Adarsh
INS01637,CUST00919,INS007,HDFC ERGO Motor Insurance,Motor,HDFC ERGO,1788774,15993,Yearly,2024-02-07,2025-04-26,Active,Family of Adarsh
INS01638,CUST00920,INS001,HDFC Life Click 2 Protect,Life,HDFC Life,2717523,15768,Yearly,2026-03-24,2026-02-05,Active,Family of Harini
INS01639,CUST00920,INS007,HDFC ERGO Motor Insurance,Motor,HDFC ERGO,2655991,11074,Yearly,2024-04-22,2023-12-02,Active,Family of Harini
INS01640,CUST00921,INS005,HDFC ERGO Optima Senior,Health,HDFC ERGO,1256499,12000,Yearly,2016-05-06,2019-10-05,Active,Family of Mahima
INS01641,CUST00922,INS001,HDFC Life Click 2 Protect,Life,HDFC Life,9184556,5578,Yearly,2026-05-06,2027-04-24,Active,Family of Aaliya
INS01642,CUST00922,INS008,HDFC ERGO Personal Accident,Personal Accident,HDFC ERGO,9980060,9579,Yearly,2026-05-13,2026-09-26,Active,Family of Aaliya
INS01643,CUST00923,INS004,HDFC ERGO Optima Family Floater,Health,HDFC ERGO,2984223,53322,Yearly,2023-06-04,2026-03-01,Active,Family of Hrithik
INS01644,CUST00923,INS007,HDFC ERGO Motor Insurance,Motor,HDFC ERGO,178373,13129,Yearly,2025-03-30,2025-06-13,Active,Family of Hrithik
INS01645,CUST00924,INS004,HDFC ERGO Optima Family Floater,Health,HDFC ERGO,1852035,14923,Yearly,2025-11-11,2020-03-04,Active,Family of Simran
INS01646,CUST00924,INS008,HDFC ERGO Personal Accident,Personal Accident,HDFC ERGO,2906827,13417,Yearly,2023-01-13,2023-09-19,Active,Family of Simran
INS01647,CUST00925,INS005,HDFC ERGO Optima Senior,Health,HDFC ERGO,257788,12000,Yearly,2023-04-20,2026-05-04,Active,Family of Mihir
INS01648,CUST00925,INS007,HDFC ERGO Motor Insurance,Motor,HDFC ERGO,298687,4123,Yearly,2022-11-03,2025-12-05,Active,Family of Mihir
INS01649,CUST00926,INS001,HDFC Life Click 2 Protect,Life,HDFC Life,5474427,13908,Yearly,2023-03-02,2022-09-19,Active,Family of Rajat
INS01650,CUST00926,INS004,HDFC ERGO Optima Family Floater,Health,HDFC ERGO,16100182,28253,Yearly,2020-01-13,2023-11-10,Active,Family of Rajat
INS01651,CUST00926,INS007,HDFC ERGO Motor Insurance,Motor,HDFC ERGO,4303287,12703,Yearly,2023-06-22,2021-06-20,Active,Family of Rajat
INS01652,CUST00926,INS006,HDFC ERGO Travel Insurance,Travel,HDFC ERGO,9747878,8406,Yearly,2023-03-30,2024-09-11,Active,Family of Rajat
INS01653,CUST00926,INS008,HDFC ERGO Personal Accident,Personal Accident,HDFC ERGO,4476966,11582,Yearly,2021-07-03,2021-07-10,Active,Family of Rajat
INS01654,CUST00927,INS004,HDFC ERGO Optima Family Floater,Health,HDFC ERGO,10178421,47933,Yearly,2024-07-21,2026-03-26,Active,Family of Dinesh
INS01655,CUST00927,INS007,HDFC ERGO Motor Insurance,Motor,HDFC ERGO,1887392,21229,Yearly,2022-10-03,2025-12-22,Active,Family of Dinesh
INS01656,CUST00927,INS006,HDFC ERGO Travel Insurance,Travel,HDFC ERGO,2859803,4844,Yearly,2024-01-13,2025-08-06,Active,Family of Dinesh
INS01657,CUST00927,INS011,HDFC Life Young Star Child Plan,Child Insurance,HDFC Life,1523261,43081,Yearly,2022-04-25,2025-05-23,Active,Family of Dinesh
INS01658,CUST00928,INS007,HDFC ERGO Motor Insurance,Motor,HDFC ERGO,100000,3000,Yearly,2017-12-20,2021-02-11,Active,Family of Harshad
INS01659,CUST00929,INS001,HDFC Life Click 2 Protect,Life,HDFC Life,3669227,14778,Yearly,2024-04-24,2026-08-02,Active,Family of Jiya
INS01660,CUST00929,INS004,HDFC ERGO Optima Family Floater,Health,HDFC ERGO,3491153,10280,Yearly,2025-12-08,2025-09-27,Active,Family of Jiya
INS01661,CUST00929,INS006,HDFC ERGO Travel Insurance,Travel,HDFC ERGO,2594351,9517,Yearly,2024-08-04,2027-05-01,Active,Family of Jiya
INS01662,CUST00930,INS001,HDFC Life Click 2 Protect,Life,HDFC Life,4422124,39683,Yearly,2025-06-16,2025-07-11,Active,Family of Naina
INS01663,CUST00930,INS004,HDFC ERGO Optima Family Floater,Health,HDFC ERGO,4735733,32574,Yearly,2024-08-22,2025-12-20,Active,Family of Naina
INS01664,CUST00931,INS001,HDFC Life Click 2 Protect,Life,HDFC Life,5307051,40810,Yearly,2025-05-24,2027-04-18,Active,Family of Isha
INS01665,CUST00932,INS001,HDFC Life Click 2 Protect,Life,HDFC Life,3652352,10160,Yearly,2025-07-22,2025-01-22,Active,Family of Neel
INS01666,CUST00932,INS004,HDFC ERGO Optima Family Floater,Health,HDFC ERGO,2159106,52726,Yearly,2024-09-21,2027-06-14,Active,Family of Neel
INS01667,CUST00932,INS006,HDFC ERGO Travel Insurance,Travel,HDFC ERGO,14840118,4169,Yearly,2024-10-20,2024-06-21,Active,Family of Neel
INS01668,CUST00933,INS001,HDFC Life Click 2 Protect,Life,HDFC Life,2546731,24694,Yearly,2025-06-20,2026-11-30,Active,Family of Gauri
INS01669,CUST00934,INS001,HDFC Life Click 2 Protect,Life,HDFC Life,4974899,6879,Yearly,2025-02-03,2027-05-28,Active,Family of Avinash
INS01670,CUST00935,INS001,HDFC Life Click 2 Protect,Life,HDFC Life,28976685,34228,Yearly,2021-09-21,2024-03-03,Active,Family of Nisha
INS01671,CUST00935,INS004,HDFC ERGO Optima Family Floater,Health,HDFC ERGO,15772137,35866,Yearly,2021-08-14,2024-07-23,Active,Family of Nisha
INS01672,CUST00935,INS007,HDFC ERGO Motor Insurance,Motor,HDFC ERGO,2611807,9771,Yearly,2020-04-06,2027-04-18,Active,Family of Nisha
INS01673,CUST00935,INS006,HDFC ERGO Travel Insurance,Travel,HDFC ERGO,26011566,7739,Yearly,2026-01-29,2020-08-04,Active,Family of Nisha
INS01674,CUST00936,INS001,HDFC Life Click 2 Protect,Life,HDFC Life,18062341,45979,Yearly,2024-11-24,2023-12-12,Active,Family of Shreya
INS01675,CUST00936,INS006,HDFC ERGO Travel Insurance,Travel,HDFC ERGO,9365929,2272,Yearly,2019-08-15,2022-03-05,Active,Family of Shreya
INS01676,CUST00937,INS001,HDFC Life Click 2 Protect,Life,HDFC Life,2540749,14942,Yearly,2025-01-03,2027-06-15,Active,Family of Sanjana
INS01677,CUST00937,INS004,HDFC ERGO Optima Family Floater,Health,HDFC ERGO,3490319,12035,Yearly,2025-05-24,2026-04-03,Active,Family of Sanjana
INS01678,CUST00937,INS007,HDFC ERGO Motor Insurance,Motor,HDFC ERGO,4114248,3683,Yearly,2026-03-09,2027-02-26,Active,Family of Sanjana
INS01679,CUST00939,INS001,HDFC Life Click 2 Protect,Life,HDFC Life,3629985,11427,Yearly,2026-01-05,2026-01-17,Active,Family of Mohit
INS01680,CUST00939,INS004,HDFC ERGO Optima Family Floater,Health,HDFC ERGO,2722549,10291,Yearly,2025-05-26,2025-12-27,Active,Family of Mohit
INS01681,CUST00939,INS007,HDFC ERGO Motor Insurance,Motor,HDFC ERGO,2978349,9354,Yearly,2025-03-24,2027-02-05,Active,Family of Mohit
INS01682,CUST00939,INS008,HDFC ERGO Personal Accident,Personal Accident,HDFC ERGO,3548721,14714,Yearly,2025-10-03,2026-12-26,Active,Family of Mohit
INS01683,CUST00940,INS004,HDFC ERGO Optima Family Floater,Health,HDFC ERGO,5690409,22452,Yearly,2026-06-22,2027-03-15,Active,Family of Sneha
INS01684,CUST00941,INS004,HDFC ERGO Optima Family Floater,Health,HDFC ERGO,3201780,25683,Yearly,2025-02-01,2027-07-19,Active,Family of Kartik
INS01685,CUST00942,INS001,HDFC Life Click 2 Protect,Life,HDFC Life,15705848,8937,Yearly,2021-06-24,2025-07-11,Active,Family of Pratik
INS01686,CUST00942,INS004,HDFC ERGO Optima Family Floater,Health,HDFC ERGO,12659356,25564,Yearly,2019-04-15,2021-01-02,Active,Family of Pratik
INS01687,CUST00942,INS007,HDFC ERGO Motor Insurance,Motor,HDFC ERGO,3717581,9358,Yearly,2022-10-04,2026-01-12,Active,Family of Pratik
INS01688,CUST00943,INS001,HDFC Life Click 2 Protect,Life,HDFC Life,30895836,30244,Yearly,2022-06-08,2023-07-07,Active,Family of Utkarsh
INS01689,CUST00943,INS004,HDFC ERGO Optima Family Floater,Health,HDFC ERGO,3322981,51151,Yearly,2022-02-08,2022-10-23,Active,Family of Utkarsh
INS01690,CUST00943,INS006,HDFC ERGO Travel Insurance,Travel,HDFC ERGO,43615554,4145,Yearly,2025-06-13,2021-10-07,Active,Family of Utkarsh
INS01691,CUST00944,INS003,HDFC ERGO Optima Secure,Health,HDFC ERGO,2346753,10357,Yearly,2023-07-22,2027-05-25,Active,Family of Vivek
INS01692,CUST00944,INS006,HDFC ERGO Travel Insurance,Travel,HDFC ERGO,2498314,764,Yearly,2019-09-04,2022-03-11,Active,Family of Vivek
INS01693,CUST00945,INS001,HDFC Life Click 2 Protect,Life,HDFC Life,2665473,18380,Yearly,2022-05-04,2026-02-05,Active,Family of Karan
INS01694,CUST00945,INS008,HDFC ERGO Personal Accident,Personal Accident,HDFC ERGO,4635185,12520,Yearly,2021-07-19,2024-05-08,Active,Family of Karan
INS01695,CUST00946,INS001,HDFC Life Click 2 Protect,Life,HDFC Life,4640718,29808,Yearly,2025-10-31,2022-03-30,Active,Family of Anirudh
INS01696,CUST00946,INS003,HDFC ERGO Optima Secure,Health,HDFC ERGO,4736956,25827,Yearly,2020-06-19,2022-03-10,Active,Family of Anirudh
INS01697,CUST00947,INS003,HDFC ERGO Optima Secure,Health,HDFC ERGO,907701,6376,Yearly,2024-10-25,2026-09-07,Active,Family of Diya
INS01698,CUST00947,INS006,HDFC ERGO Travel Insurance,Travel,HDFC ERGO,2468571,9636,Yearly,2022-08-10,2024-11-14,Active,Family of Diya
INS01699,CUST00948,INS007,HDFC ERGO Motor Insurance,Motor,HDFC ERGO,3399054,6608,Yearly,2023-10-16,2020-09-06,Active,Family of Vineeta
INS01700,CUST00948,INS008,HDFC ERGO Personal Accident,Personal Accident,HDFC ERGO,3275123,10684,Yearly,2025-07-24,2026-01-31,Active,Family of Vineeta
INS01701,CUST00949,INS001,HDFC Life Click 2 Protect,Life,HDFC Life,4795792,27774,Yearly,2020-09-01,2027-03-30,Active,Family of Saloni
INS01702,CUST00949,INS004,HDFC ERGO Optima Family Floater,Health,HDFC ERGO,3150271,15676,Yearly,2022-10-24,2024-02-03,Active,Family of Saloni
INS01703,CUST00950,INS001,HDFC Life Click 2 Protect,Life,HDFC Life,17300530,10456,Yearly,2022-04-11,2024-11-13,Active,Family of Armaan
INS01704,CUST00950,INS008,HDFC ERGO Personal Accident,Personal Accident,HDFC ERGO,6978587,4652,Yearly,2022-11-25,2024-08-29,Active,Family of Armaan
INS01705,CUST00951,INS001,HDFC Life Click 2 Protect,Life,HDFC Life,67231969,16228,Yearly,2025-01-14,2018-11-05,Active,Family of Akanksha
INS01706,CUST00951,INS004,HDFC ERGO Optima Family Floater,Health,HDFC ERGO,18462112,20476,Yearly,2023-03-29,2023-05-19,Active,Family of Akanksha
INS01707,CUST00951,INS007,HDFC ERGO Motor Insurance,Motor,HDFC ERGO,3728259,16852,Yearly,2025-05-01,2025-10-29,Active,Family of Akanksha
INS01708,CUST00952,INS010,HDFC Life Click 2 Wealth ULIP,ULIP,HDFC Life,5931566,30093,Yearly,2026-04-21,2026-08-25,Active,Family of Kirti
INS01709,CUST00953,INS004,HDFC ERGO Optima Family Floater,Health,HDFC ERGO,500000,10000,Yearly,2023-04-06,2024-06-21,Active,Family of Sahil
INS01710,CUST00954,INS001,HDFC Life Click 2 Protect,Life,HDFC Life,7037196,28725,Yearly,2024-07-10,2025-04-05,Active,Family of Karan
INS01711,CUST00954,INS004,HDFC ERGO Optima Family Floater,Health,HDFC ERGO,14112775,40314,Yearly,2026-01-03,2025-05-09,Active,Family of Karan
INS01712,CUST00954,INS006,HDFC ERGO Travel Insurance,Travel,HDFC ERGO,14954051,8857,Yearly,2024-11-06,2026-03-05,Active,Family of Karan
INS01713,CUST00956,INS001,HDFC Life Click 2 Protect,Life,HDFC Life,12681662,38272,Yearly,2015-07-11,2022-07-17,Active,Family of Lavanya
INS01714,CUST00956,INS004,HDFC ERGO Optima Family Floater,Health,HDFC ERGO,3575760,44005,Yearly,2018-04-25,2026-08-23,Active,Family of Lavanya
INS01715,CUST00957,INS008,HDFC ERGO Personal Accident,Personal Accident,HDFC ERGO,2508728,10436,Yearly,2025-12-31,2023-08-30,Active,Family of Shalini
INS01716,CUST00957,INS010,HDFC Life Click 2 Wealth ULIP,ULIP,HDFC Life,9118844,50593,Yearly,2026-01-13,2026-01-15,Active,Family of Shalini
INS01717,CUST00958,INS007,HDFC ERGO Motor Insurance,Motor,HDFC ERGO,2914798,19897,Yearly,2026-04-03,2027-02-19,Active,Family of Mohit
INS01718,CUST00959,INS004,HDFC ERGO Optima Family Floater,Health,HDFC ERGO,1293894,24629,Yearly,2024-05-31,2026-12-25,Active,Family of Sagar
INS01719,CUST00960,INS001,HDFC Life Click 2 Protect,Life,HDFC Life,10264823,24499,Yearly,2025-11-08,2027-06-05,Active,Family of Eshan
INS01720,CUST00961,INS001,HDFC Life Click 2 Protect,Life,HDFC Life,6305665,17175,Yearly,2025-10-21,2026-04-17,Active,Family of Namrata
INS01721,CUST00961,INS005,HDFC ERGO Optima Senior,Health,HDFC ERGO,4231918,66016,Yearly,2018-11-26,2024-10-01,Active,Family of Namrata
INS01722,CUST00962,INS001,HDFC Life Click 2 Protect,Life,HDFC Life,2948364,22935,Yearly,2026-02-09,2023-10-05,Active,Family of Rashi
INS01723,CUST00963,INS001,HDFC Life Click 2 Protect,Life,HDFC Life,4172781,9398,Yearly,2022-09-21,2026-04-12,Active,Family of Anjali
INS01724,CUST00963,INS004,HDFC ERGO Optima Family Floater,Health,HDFC ERGO,1551962,18899,Yearly,2025-03-17,2024-02-26,Active,Family of Anjali
INS01725,CUST00964,INS007,HDFC ERGO Motor Insurance,Motor,HDFC ERGO,2304356,7053,Yearly,2026-02-25,2026-08-20,Active,Family of Chaitanya
INS01726,CUST00965,INS006,HDFC ERGO Travel Insurance,Travel,HDFC ERGO,6942828,9518,Yearly,2018-07-16,2026-06-02,Active,Family of Dhruv
INS01727,CUST00966,INS004,HDFC ERGO Optima Family Floater,Health,HDFC ERGO,504670,10000,Yearly,2025-03-31,2021-03-10,Active,Family of Raj
INS01728,CUST00967,INS001,HDFC Life Click 2 Protect,Life,HDFC Life,7622756,23865,Yearly,2022-08-06,2018-07-27,Active,Family of Anvi
INS01729,CUST00967,INS004,HDFC ERGO Optima Family Floater,Health,HDFC ERGO,11556318,28033,Yearly,2019-02-10,2026-06-03,Active,Family of Anvi
INS01730,CUST00967,INS006,HDFC ERGO Travel Insurance,Travel,HDFC ERGO,11387865,5373,Yearly,2023-07-18,2024-07-06,Active,Family of Anvi
INS01731,CUST00968,INS004,HDFC ERGO Optima Family Floater,Health,HDFC ERGO,3617026,53151,Yearly,2024-02-28,2019-03-01,Active,Family of Varun
INS01732,CUST00968,INS007,HDFC ERGO Motor Insurance,Motor,HDFC ERGO,248596,17296,Yearly,2017-06-09,2024-01-06,Active,Family of Varun
INS01733,CUST00969,INS001,HDFC Life Click 2 Protect,Life,HDFC Life,2860774,5108,Yearly,2023-08-02,2025-09-13,Active,Family of Bhumika
INS01734,CUST00969,INS004,HDFC ERGO Optima Family Floater,Health,HDFC ERGO,2312122,11804,Yearly,2019-11-20,2018-03-16,Active,Family of Bhumika
INS01735,CUST00969,INS006,HDFC ERGO Travel Insurance,Travel,HDFC ERGO,2519443,4920,Yearly,2018-03-31,2018-04-27,Active,Family of Bhumika
INS01736,CUST00970,INS004,HDFC ERGO Optima Family Floater,Health,HDFC ERGO,1106193,14317,Yearly,2020-10-08,2020-09-18,Active,Family of Aradhana
INS01737,CUST00971,INS001,HDFC Life Click 2 Protect,Life,HDFC Life,12239093,17980,Yearly,2026-01-28,2027-02-23,Active,Family of Rajat
INS01738,CUST00971,INS004,HDFC ERGO Optima Family Floater,Health,HDFC ERGO,12265726,25886,Yearly,2026-04-20,2026-01-29,Active,Family of Rajat
INS01739,CUST00971,INS006,HDFC ERGO Travel Insurance,Travel,HDFC ERGO,23278872,1643,Yearly,2022-11-29,2026-05-06,Active,Family of Rajat
INS01740,CUST00972,INS001,HDFC Life Click 2 Protect,Life,HDFC Life,3554107,47611,Yearly,2024-12-19,2016-05-04,Active,Family of Santosh
INS01741,CUST00972,INS004,HDFC ERGO Optima Family Floater,Health,HDFC ERGO,3629770,25484,Yearly,2018-02-19,2025-04-05,Active,Family of Santosh
INS01742,CUST00973,INS001,HDFC Life Click 2 Protect,Life,HDFC Life,2517997,11223,Yearly,2025-10-16,2024-08-17,Active,Family of Siddharth
INS01743,CUST00973,INS008,HDFC ERGO Personal Accident,Personal Accident,HDFC ERGO,634329,8736,Yearly,2022-10-27,2022-11-07,Active,Family of Siddharth
INS01744,CUST00974,INS003,HDFC ERGO Optima Secure,Health,HDFC ERGO,893615,6338,Yearly,2017-12-15,2021-01-25,Active,Family of Avani
INS01745,CUST00974,INS007,HDFC ERGO Motor Insurance,Motor,HDFC ERGO,725195,3528,Yearly,2020-03-03,2026-08-05,Active,Family of Avani
INS01746,CUST00974,INS006,HDFC ERGO Travel Insurance,Travel,HDFC ERGO,1028128,3270,Yearly,2023-06-10,2026-02-21,Active,Family of Avani
INS01747,CUST00977,INS001,HDFC Life Click 2 Protect,Life,HDFC Life,4296050,23593,Yearly,2024-03-22,2023-08-11,Active,Family of Alok
INS01748,CUST00977,INS006,HDFC ERGO Travel Insurance,Travel,HDFC ERGO,4406272,2718,Yearly,2021-01-12,2026-06-25,Active,Family of Alok
INS01749,CUST00978,INS003,HDFC ERGO Optima Secure,Health,HDFC ERGO,6009660,38180,Yearly,2023-11-13,2023-01-22,Active,Family of Sunita
INS01750,CUST00979,INS001,HDFC Life Click 2 Protect,Life,HDFC Life,4929523,8473,Yearly,2025-08-01,2023-04-27,Active,Family of Pratik
INS01751,CUST00979,INS004,HDFC ERGO Optima Family Floater,Health,HDFC ERGO,9028533,33388,Yearly,2023-06-15,2025-05-21,Active,Family of Pratik
INS01752,CUST00979,INS008,HDFC ERGO Personal Accident,Personal Accident,HDFC ERGO,9599565,14173,Yearly,2024-03-25,2027-06-21,Active,Family of Pratik
INS01753,CUST00979,INS010,HDFC Life Click 2 Wealth ULIP,ULIP,HDFC Life,5545414,58412,Yearly,2024-04-06,2025-10-16,Active,Family of Pratik
INS01754,CUST00980,INS004,HDFC ERGO Optima Family Floater,Health,HDFC ERGO,2408558,43993,Yearly,2026-06-07,2026-11-01,Active,Family of Neha
INS01755,CUST00981,INS001,HDFC Life Click 2 Protect,Life,HDFC Life,29731823,10361,Yearly,2023-04-19,2026-03-12,Active,Family of Anmol
INS01756,CUST00981,INS004,HDFC ERGO Optima Family Floater,Health,HDFC ERGO,11970619,26726,Yearly,2020-09-02,2023-03-04,Active,Family of Anmol
INS01757,CUST00981,INS007,HDFC ERGO Motor Insurance,Motor,HDFC ERGO,4645533,10136,Yearly,2021-01-07,2024-03-24,Active,Family of Anmol
INS01758,CUST00982,INS005,HDFC ERGO Optima Senior,Health,HDFC ERGO,1096101,52187,Yearly,2026-05-04,2026-09-17,Active,Family of Palak
INS01759,CUST00982,INS007,HDFC ERGO Motor Insurance,Motor,HDFC ERGO,2721283,7315,Yearly,2025-11-21,2026-11-26,Active,Family of Palak
INS01760,CUST00982,INS006,HDFC ERGO Travel Insurance,Travel,HDFC ERGO,8483368,8028,Yearly,2026-04-16,2027-06-21,Active,Family of Palak
INS01761,CUST00984,INS001,HDFC Life Click 2 Protect,Life,HDFC Life,22225992,36108,Yearly,2017-08-19,2025-02-10,Active,Family of Zoya
INS01762,CUST00984,INS005,HDFC ERGO Optima Senior,Health,HDFC ERGO,3009318,79291,Yearly,2015-01-27,2019-08-24,Active,Family of Zoya
INS01763,CUST00984,INS006,HDFC ERGO Travel Insurance,Travel,HDFC ERGO,17772362,7523,Yearly,2021-05-17,2016-03-04,Active,Family of Zoya
INS01764,CUST00985,INS001,HDFC Life Click 2 Protect,Life,HDFC Life,3490828,40084,Yearly,2022-05-31,2020-03-27,Active,Family of Bhavesh
INS01765,CUST00985,INS006,HDFC ERGO Travel Insurance,Travel,HDFC ERGO,9463981,3921,Yearly,2025-11-21,2020-01-31,Active,Family of Bhavesh
INS01766,CUST00985,INS010,HDFC Life Click 2 Wealth ULIP,ULIP,HDFC Life,2305727,38137,Yearly,2018-02-21,2022-08-24,Active,Family of Bhavesh
INS01767,CUST00986,INS008,HDFC ERGO Personal Accident,Personal Accident,HDFC ERGO,3160617,8405,Yearly,2024-03-23,2024-09-01,Active,Family of Ashish
INS01768,CUST00987,INS007,HDFC ERGO Motor Insurance,Motor,HDFC ERGO,1609735,16154,Yearly,2026-05-12,2023-09-01,Active,Family of Anil
INS01769,CUST00988,INS001,HDFC Life Click 2 Protect,Life,HDFC Life,38797791,41591,Yearly,2025-11-09,2026-12-01,Active,Family of Adarsh
INS01770,CUST00988,INS004,HDFC ERGO Optima Family Floater,Health,HDFC ERGO,2852764,23403,Yearly,2026-02-07,2027-07-13,Active,Family of Adarsh
INS01771,CUST00989,INS001,HDFC Life Click 2 Protect,Life,HDFC Life,2789231,5472,Yearly,2024-07-21,2027-04-29,Active,Family of Raj
INS01772,CUST00989,INS004,HDFC ERGO Optima Family Floater,Health,HDFC ERGO,3123513,28787,Yearly,2025-03-08,2026-08-18,Active,Family of Raj
INS01773,CUST00990,INS001,HDFC Life Click 2 Protect,Life,HDFC Life,3637646,27693,Yearly,2017-01-12,2024-08-04,Active,Family of Soham
INS01774,CUST00990,INS004,HDFC ERGO Optima Family Floater,Health,HDFC ERGO,2379494,39957,Yearly,2019-09-13,2023-08-14,Active,Family of Soham
INS01775,CUST00990,INS007,HDFC ERGO Motor Insurance,Motor,HDFC ERGO,1638181,9628,Yearly,2024-02-23,2026-02-05,Active,Family of Soham
INS01776,CUST00991,INS010,HDFC Life Click 2 Wealth ULIP,ULIP,HDFC Life,22381589,114462,Yearly,2025-02-25,2026-12-18,Active,Family of Rekha
INS01777,CUST00992,INS004,HDFC ERGO Optima Family Floater,Health,HDFC ERGO,621756,10000,Yearly,2025-12-05,2026-04-07,Active,Family of Kavya
INS01778,CUST00993,INS004,HDFC ERGO Optima Family Floater,Health,HDFC ERGO,9520352,27050,Yearly,2025-06-24,2027-02-14,Active,Family of Sandhya
INS01779,CUST00993,INS006,HDFC ERGO Travel Insurance,Travel,HDFC ERGO,870982,3232,Yearly,2026-06-10,2027-06-16,Active,Family of Sandhya
INS01780,CUST00994,INS007,HDFC ERGO Motor Insurance,Motor,HDFC ERGO,1592027,22664,Yearly,2023-10-16,2026-10-30,Active,Family of Bhavesh
INS01781,CUST00995,INS001,HDFC Life Click 2 Protect,Life,HDFC Life,2530460,21005,Yearly,2022-10-31,2023-12-06,Active,Family of Pooja
INS01782,CUST00995,INS004,HDFC ERGO Optima Family Floater,Health,HDFC ERGO,3306687,18867,Yearly,2023-01-16,2025-11-10,Active,Family of Pooja
INS01783,CUST00995,INS008,HDFC ERGO Personal Accident,Personal Accident,HDFC ERGO,686134,13194,Yearly,2025-12-14,2027-05-12,Active,Family of Pooja
INS01784,CUST00996,INS004,HDFC ERGO Optima Family Floater,Health,HDFC ERGO,13134712,34720,Yearly,2023-08-20,2024-05-02,Active,Family of Lakshmi
INS01785,CUST00996,INS007,HDFC ERGO Motor Insurance,Motor,HDFC ERGO,1047541,8094,Yearly,2023-10-27,2027-02-04,Active,Family of Lakshmi
INS01786,CUST00996,INS006,HDFC ERGO Travel Insurance,Travel,HDFC ERGO,1944662,5735,Yearly,2023-11-15,2026-03-28,Active,Family of Lakshmi
INS01787,CUST00997,INS004,HDFC ERGO Optima Family Floater,Health,HDFC ERGO,1440614,29708,Yearly,2025-08-31,2026-03-18,Active,Family of Kavita
INS01788,CUST00997,INS008,HDFC ERGO Personal Accident,Personal Accident,HDFC ERGO,2312038,12309,Yearly,2024-03-28,2024-04-17,Active,Family of Kavita
INS01789,CUST00998,INS004,HDFC ERGO Optima Family Floater,Health,HDFC ERGO,4795896,27298,Yearly,2024-05-17,2022-09-07,Active,Family of Amrita
INS01790,CUST00999,INS001,HDFC Life Click 2 Protect,Life,HDFC Life,10610980,5977,Yearly,2021-12-18,2026-06-08,Active,Family of Diya
INS01791,CUST00999,INS004,HDFC ERGO Optima Family Floater,Health,HDFC ERGO,7731663,36901,Yearly,2021-08-19,2025-12-20,Active,Family of Diya
INS01792,CUST00999,INS007,HDFC ERGO Motor Insurance,Motor,HDFC ERGO,2871332,26451,Yearly,2022-03-09,2026-03-17,Active,Family of Diya
INS01793,CUST00999,INS006,HDFC ERGO Travel Insurance,Travel,HDFC ERGO,4164299,3912,Yearly,2022-11-15,2023-02-10,Active,Family of Diya
INS01794,CUST01000,INS001,HDFC Life Click 2 Protect,Life,HDFC Life,3118358,16611,Yearly,2026-03-06,2026-10-19,Active,Family of Advaith
INS01795,CUST01000,INS004,HDFC ERGO Optima Family Floater,Health,HDFC ERGO,3277439,15450,Yearly,2025-12-03,2027-07-16,Active,Family of Advaith
INS01796,CUST01000,INS008,HDFC ERGO Personal Accident,Personal Accident,HDFC ERGO,2925886,11478,Yearly,2024-12-30,2027-05-01,Active,Family of Advaith
