account_id,customer_id,account_type,account_product_name,account_number_masked,account_status,opening_date,currency,average_monthly_balance,branch_id
ACC00001,CUST00001,Savings,Millennia Savings Account,XXXXXX2172,Active,2024-05-11,INR,84772.94,BR001
ACC00002,CUST00002,Savings,Millennia Savings Account,XXXXXX8230,Active,2024-01-27,INR,110273.62,BR009
ACC00003,CUST00003,Current,Regular Current Account,XXXXXX5795,Active,2020-08-20,INR,22267.41,BR029
ACC00004,CUST00004,Savings,Millennia Savings Account,XXXXXX3359,Active,2024-10-03,INR,112032.05,BR052
ACC00005,CUST00005,Savings,Millennia Savings Account,XXXXXX9347,Active,2021-10-24,INR,337477.25,BR044
ACC00006,CUST00006,Salary,Savings Account,XXXXXX4499,Active,2023-09-26,INR,25972.53,BR040
ACC00007,CUST00007,Savings,Digital Savings Account,XXXXXX9541,Active,2024-05-30,INR,291131.44,BR057
ACC00008,CUST00007,Current,Regular Current Account,XXXXXX3618,Active,2025-07-27,INR,112280.36,BR057
ACC00009,CUST00008,Savings,Regular Savings Account,XXXXXX3484,Active,2026-04-10,INR,103245.27,BR061
ACC00010,CUST00009,Savings,Regular Savings Account,XXXXXX2358,Active,2023-03-19,INR,72427.72,BR071
ACC00011,CUST00010,Savings,Millennia Savings Account,XXXXXX4191,Active,2025-02-15,INR,635113.33,BR075
ACC00012,CUST00011,Savings,Millennia Savings Account,XXXXXX5647,Active,2025-03-23,INR,246148.08,BR034
ACC00013,CUST00012,Salary,Salary Account,XXXXXX1953,Active,2025-03-23,INR,51996.21,BR068
ACC00014,CUST00012,Savings,Regular Savings Account,XXXXXX1858,Active,2025-11-18,INR,165528.98,BR068
ACC00015,CUST00013,Savings,Regular Savings Account,XXXXXX9986,Active,2017-02-23,INR,7085.32,BR043
ACC00016,CUST00014,Salary,Premium Salary Account,XXXXXX2701,Active,2024-09-30,INR,18592.87,BR014
ACC00017,CUST00015,Savings,Regular Savings Account,XXXXXX4962,Active,2025-09-05,INR,13431.38,BR026
ACC00018,CUST00016,Savings,Millennia Savings Account,XXXXXX2146,Active,2024-04-24,INR,215226.49,BR056
ACC00019,CUST00017,Savings,Regular Savings Account,XXXXXX1216,Active,2025-10-02,INR,364716.67,BR042
ACC00020,CUST00017,Current,Premium Current Account,XXXXXX7413,Active,2026-08-18,INR,232722.19,BR042
ACC00021,CUST00018,Current,Premium Current Account,XXXXXX9423,Active,2024-05-25,INR,243512.52,BR022
ACC00022,CUST00018,Savings,Digital Savings Account,XXXXXX9301,Active,2024-12-14,INR,781149.98,BR022
ACC00023,CUST00019,Savings,Regular Savings Account,XXXXXX6489,Active,2021-01-14,INR,110676.76,BR014
ACC00024,CUST00020,Savings,Millennia Savings Account,XXXXXX4001,Active,2025-12-24,INR,367537.85,BR032
ACC00025,CUST00021,Savings,Regular Savings Account,XXXXXX2423,Active,2025-10-14,INR,52257.15,BR075
ACC00026,CUST00022,Savings,Regular Savings Account,XXXXXX1971,Active,2025-09-06,INR,15742.87,BR080
ACC00027,CUST00023,Salary,Salary Account,XXXXXX3494,Active,2026-01-14,INR,97345.85,BR009
ACC00028,CUST00024,Savings,Millennia Savings Account,XXXXXX6566,Active,2024-09-18,INR,6541.8,BR074
ACC00029,CUST00025,Current,Premium Current Account,XXXXXX8984,Active,2022-02-12,INR,273526.15,BR047
ACC00030,CUST00026,Salary,Premium Salary Account,XXXXXX2614,Active,2021-09-04,INR,42756.54,BR004
ACC00031,CUST00027,Savings,Regular Savings Account,XXXXXX9734,Active,2024-11-13,INR,308333.14,BR040
ACC00032,CUST00028,Savings,Regular Savings Account,XXXXXX7405,Active,2020-07-17,INR,154318.54,BR025
ACC00033,CUST00029,Savings,Savings Max,XXXXXX7280,Active,2021-07-24,INR,156706.47,BR007
ACC00034,CUST00030,Savings,Millennia Savings Account,XXXXXX6172,Active,2025-05-02,INR,230058.53,BR023
ACC00035,CUST00031,Salary,Savings Account,XXXXXX3731,Active,2016-05-25,INR,47857.24,BR008
ACC00036,CUST00032,Savings,Regular Savings Account,XXXXXX5562,Active,2017-08-14,INR,135630.64,BR035
ACC00037,CUST00033,Current,Premium Current Account,XXXXXX5547,Active,2022-01-22,INR,211512.0,BR059
ACC00038,CUST00034,Current,Business Current Account,XXXXXX4028,Active,2024-08-28,INR,104349.49,BR078
ACC00039,CUST00035,Savings,Millennia Savings Account,XXXXXX3199,Active,2022-06-25,INR,155968.95,BR066
ACC00040,CUST00036,Salary,Savings Account,XXXXXX7202,Active,2024-10-22,INR,139102.85,BR031
ACC00041,CUST00037,Savings,Millennia Savings Account,XXXXXX6287,Active,2018-08-04,INR,1265132.28,BR034
ACC00042,CUST00038,Savings,Digital Savings Account,XXXXXX3960,Active,2023-12-11,INR,913267.81,BR008
ACC00043,CUST00038,Current,Premium Current Account,XXXXXX4399,Active,2024-12-21,INR,1075458.86,BR008
ACC00044,CUST00039,Savings,Regular Savings Account,XXXXXX3315,Active,2020-10-28,INR,62110.01,BR055
ACC00045,CUST00040,Savings,Millennia Savings Account,XXXXXX9801,Active,2024-03-18,INR,7484.13,BR030
ACC00046,CUST00041,Current,Premium Current Account,XXXXXX7359,Active,2020-08-24,INR,105249.4,BR038
ACC00047,CUST00041,Savings,Millennia Savings Account,XXXXXX8282,Active,2024-02-27,INR,137596.77,BR038
ACC00048,CUST00042,Current,Business Current Account,XXXXXX4932,Active,2015-10-10,INR,3285083.73,BR079
ACC00049,CUST00043,Savings,Digital Savings Account,XXXXXX2288,Active,2025-05-03,INR,67537.44,BR013
ACC00050,CUST00044,Salary,Salary Account,XXXXXX7743,Active,2022-09-05,INR,455129.88,BR007
ACC00051,CUST00045,Savings,Savings Max,XXXXXX9266,Active,2024-10-01,INR,40446.13,BR031
ACC00052,CUST00046,Current,Premium Current Account,XXXXXX1948,Active,2025-01-12,INR,171209.48,BR055
ACC00053,CUST00047,Savings,Savings Max,XXXXXX5836,Active,2023-10-19,INR,256752.58,BR028
ACC00054,CUST00047,Current,Regular Current Account,XXXXXX5845,Active,2026-01-18,INR,91013.83,BR028
ACC00055,CUST00048,Salary,Savings Account,XXXXXX3622,Active,2025-08-27,INR,50450.82,BR053
ACC00056,CUST00049,Savings,Digital Savings Account,XXXXXX3173,Active,2023-01-13,INR,27744.61,BR072
ACC00057,CUST00050,Savings,Regular Savings Account,XXXXXX3980,Active,2022-04-28,INR,340926.38,BR073
ACC00058,CUST00051,Savings,Savings Max,XXXXXX1859,Active,2020-06-22,INR,109004.32,BR008
ACC00059,CUST00052,Current,Business Current Account,XXXXXX3099,Active,2021-11-17,INR,46602.86,BR074
ACC00060,CUST00053,Salary,Savings Account,XXXXXX4040,Active,2026-07-09,INR,54612.04,BR066
ACC00061,CUST00054,Salary,Premium Salary Account,XXXXXX6332,Active,2023-03-21,INR,350557.89,BR057
ACC00062,CUST00055,Savings,Regular Savings Account,XXXXXX6750,Active,2025-05-26,INR,381141.12,BR025
ACC00063,CUST00056,Salary,Salary Account,XXXXXX3527,Active,2023-10-18,INR,36707.5,BR013
ACC00064,CUST00057,Savings,Savings Max,XXXXXX8438,Active,2018-09-12,INR,17890.23,BR012
ACC00065,CUST00058,Salary,Premium Salary Account,XXXXXX9519,Active,2023-09-09,INR,134506.33,BR021
ACC00066,CUST00059,Salary,Premium Salary Account,XXXXXX3047,Active,2024-04-25,INR,70282.07,BR068
ACC00067,CUST00060,Current,Business Current Account,XXXXXX5938,Active,2023-08-24,INR,435629.34,BR051
ACC00068,CUST00061,Salary,Premium Salary Account,XXXXXX7593,Active,2019-08-11,INR,128930.83,BR078
ACC00069,CUST00062,Savings,Millennia Savings Account,XXXXXX6833,Active,2025-01-20,INR,223315.38,BR011
ACC00070,CUST00063,Salary,Savings Account,XXXXXX5332,Active,2024-02-23,INR,406610.04,BR060
ACC00071,CUST00064,Salary,Premium Salary Account,XXXXXX2251,Active,2023-12-03,INR,35199.04,BR052
ACC00072,CUST00064,Savings,Regular Savings Account,XXXXXX9721,Active,2025-10-14,INR,142437.02,BR052
ACC00073,CUST00065,Salary,Salary Account,XXXXXX7469,Active,2026-01-01,INR,136278.26,BR057
ACC00074,CUST00066,Savings,Digital Savings Account,XXXXXX2875,Active,2026-04-07,INR,108721.28,BR005
ACC00075,CUST00067,Savings,Savings Max,XXXXXX4147,Active,2026-06-23,INR,1035938.69,BR016
ACC00076,CUST00068,Savings,Millennia Savings Account,XXXXXX5584,Active,2023-04-28,INR,26839.57,BR060
ACC00077,CUST00069,Salary,Salary Account,XXXXXX8744,Active,2021-10-31,INR,157767.19,BR016
ACC00078,CUST00070,Salary,Premium Salary Account,XXXXXX8193,Active,2023-01-08,INR,242710.37,BR073
ACC00079,CUST00071,Current,Regular Current Account,XXXXXX7534,Active,2026-01-05,INR,772922.55,BR041
ACC00080,CUST00072,Savings,Digital Savings Account,XXXXXX7794,Active,2022-05-14,INR,47115.35,BR060
ACC00081,CUST00073,Salary,Salary Account,XXXXXX1059,Active,2025-10-18,INR,64463.78,BR025
ACC00082,CUST00074,Current,Business Current Account,XXXXXX3322,Active,2024-06-29,INR,1391737.04,BR066
ACC00083,CUST00075,Salary,Savings Account,XXXXXX6075,Active,2025-10-14,INR,51656.12,BR077
ACC00084,CUST00076,Savings,Regular Savings Account,XXXXXX1768,Active,2024-09-18,INR,84019.45,BR008
ACC00085,CUST00077,Savings,Savings Max,XXXXXX2862,Active,2025-03-12,INR,27189.4,BR027
ACC00086,CUST00078,Savings,Regular Savings Account,XXXXXX1260,Active,2025-12-27,INR,156987.21,BR035
ACC00087,CUST00079,Savings,Millennia Savings Account,XXXXXX4770,Active,2020-06-19,INR,35539.81,BR008
ACC00088,CUST00080,Salary,Premium Salary Account,XXXXXX2986,Active,2026-01-02,INR,223534.77,BR065
ACC00089,CUST00081,Current,Business Current Account,XXXXXX4535,Active,2022-12-30,INR,529425.3,BR034
ACC00090,CUST00082,Current,Premium Current Account,XXXXXX3528,Active,2026-01-09,INR,38184.17,BR029
ACC00091,CUST00083,Savings,Digital Savings Account,XXXXXX5975,Active,2025-12-01,INR,37103.97,BR042
ACC00092,CUST00084,Savings,Millennia Savings Account,XXXXXX3635,Active,2021-05-03,INR,65576.11,BR070
ACC00093,CUST00085,Savings,Millennia Savings Account,XXXXXX9526,Active,2026-04-15,INR,66959.99,BR003
ACC00094,CUST00086,Savings,Digital Savings Account,XXXXXX8399,Active,2025-11-19,INR,185606.33,BR007
ACC00095,CUST00087,Salary,Salary Account,XXXXXX2800,Active,2022-12-22,INR,351817.57,BR023
ACC00096,CUST00088,Savings,Digital Savings Account,XXXXXX4792,Active,2017-08-20,INR,15484.05,BR018
ACC00097,CUST00089,Savings,Millennia Savings Account,XXXXXX3050,Active,2022-04-11,INR,11430.45,BR028
ACC00098,CUST00090,Current,Premium Current Account,XXXXXX7627,Active,2023-06-20,INR,145902.62,BR029
ACC00099,CUST00091,Current,Business Current Account,XXXXXX2210,Active,2025-04-19,INR,145336.75,BR070
ACC00100,CUST00092,Salary,Salary Account,XXXXXX9618,Active,2025-06-19,INR,47295.1,BR003
ACC00101,CUST00093,Salary,Salary Account,XXXXXX3052,Active,2026-03-24,INR,35148.59,BR049
ACC00102,CUST00094,Savings,Regular Savings Account,XXXXXX3844,Active,2025-12-16,INR,37219.97,BR005
ACC00103,CUST00095,Savings,Savings Max,XXXXXX9688,Active,2020-10-11,INR,38145.01,BR044
ACC00104,CUST00096,Savings,Savings Max,XXXXXX3292,Active,2021-11-08,INR,274384.7,BR050
ACC00105,CUST00097,Salary,Premium Salary Account,XXXXXX7501,Active,2022-03-22,INR,75960.78,BR032
ACC00106,CUST00098,Savings,Millennia Savings Account,XXXXXX7438,Active,2021-05-20,INR,951663.23,BR080
ACC00107,CUST00099,Salary,Salary Account,XXXXXX1210,Active,2020-08-06,INR,244611.22,BR024
ACC00108,CUST00100,Salary,Premium Salary Account,XXXXXX1058,Active,2025-12-27,INR,13419.23,BR005
ACC00109,CUST00101,Current,Premium Current Account,XXXXXX1765,Active,2023-05-14,INR,143646.48,BR048
ACC00110,CUST00102,Salary,Premium Salary Account,XXXXXX2446,Active,2024-06-19,INR,167426.43,BR003
ACC00111,CUST00102,Savings,Savings Max,XXXXXX8359,Active,2026-02-15,INR,348965.0,BR003
ACC00112,CUST00103,Current,Business Current Account,XXXXXX2914,Active,2023-12-03,INR,678278.93,BR009
ACC00113,CUST00104,Current,Business Current Account,XXXXXX5139,Active,2023-12-02,INR,316051.06,BR018
ACC00114,CUST00105,Savings,Savings Max,XXXXXX1042,Active,2024-01-02,INR,636271.91,BR063
ACC00115,CUST00106,Savings,Millennia Savings Account,XXXXXX2765,Active,2019-07-10,INR,123006.94,BR047
ACC00116,CUST00107,Salary,Premium Salary Account,XXXXXX9829,Active,2026-01-24,INR,101160.7,BR079
ACC00117,CUST00108,Savings,Regular Savings Account,XXXXXX7191,Active,2025-07-28,INR,186766.31,BR017
ACC00118,CUST00109,Savings,Millennia Savings Account,XXXXXX5211,Active,2022-06-29,INR,256256.78,BR046
ACC00119,CUST00110,Savings,Digital Savings Account,XXXXXX8638,Active,2025-01-17,INR,23254.17,BR057
ACC00120,CUST00111,Savings,Savings Max,XXXXXX7111,Active,2023-10-21,INR,33249.64,BR010
ACC00121,CUST00112,Current,Premium Current Account,XXXXXX4762,Active,2021-04-23,INR,221204.09,BR045
ACC00122,CUST00113,Current,Premium Current Account,XXXXXX7942,Active,2021-11-18,INR,316265.37,BR039
ACC00123,CUST00114,Current,Regular Current Account,XXXXXX7951,Active,2023-09-24,INR,235981.38,BR003
ACC00124,CUST00115,Savings,Savings Max,XXXXXX5618,Active,2020-05-18,INR,5986.94,BR009
ACC00125,CUST00116,Salary,Premium Salary Account,XXXXXX9494,Active,2023-04-16,INR,248163.52,BR035
ACC00126,CUST00117,Savings,Regular Savings Account,XXXXXX7587,Active,2024-08-08,INR,267029.89,BR001
ACC00127,CUST00117,Current,Regular Current Account,XXXXXX4932,Active,2024-10-10,INR,907508.31,BR001
ACC00128,CUST00118,Savings,Regular Savings Account,XXXXXX9556,Active,2021-07-21,INR,16254.81,BR052
ACC00129,CUST00119,Savings,Savings Max,XXXXXX8541,Active,2026-04-06,INR,54600.47,BR002
ACC00130,CUST00120,Salary,Premium Salary Account,XXXXXX8869,Active,2026-07-19,INR,110660.55,BR010
ACC00131,CUST00121,Savings,Millennia Savings Account,XXXXXX8540,Active,2023-04-12,INR,363456.05,BR058
ACC00132,CUST00121,Current,Business Current Account,XXXXXX6624,Active,2025-05-29,INR,854115.85,BR058
ACC00133,CUST00122,Current,Regular Current Account,XXXXXX1346,Active,2025-04-14,INR,181789.68,BR072
ACC00134,CUST00122,Savings,Millennia Savings Account,XXXXXX9044,Active,2025-07-07,INR,368928.66,BR072
ACC00135,CUST00123,Salary,Premium Salary Account,XXXXXX4350,Active,2022-10-04,INR,75537.84,BR043
ACC00136,CUST00124,Salary,Salary Account,XXXXXX3520,Active,2026-04-26,INR,96042.12,BR012
ACC00137,CUST00125,Salary,Salary Account,XXXXXX1591,Active,2026-01-27,INR,55716.46,BR075
ACC00138,CUST00126,Savings,Regular Savings Account,XXXXXX4374,Active,2024-04-03,INR,125018.14,BR073
ACC00139,CUST00127,Savings,Regular Savings Account,XXXXXX7211,Active,2023-01-04,INR,84351.33,BR019
ACC00140,CUST00128,Current,Premium Current Account,XXXXXX4157,Active,2026-04-01,INR,884927.44,BR038
ACC00141,CUST00129,Salary,Premium Salary Account,XXXXXX7558,Active,2019-09-14,INR,35941.39,BR032
ACC00142,CUST00130,Current,Regular Current Account,XXXXXX5043,Active,2023-05-28,INR,247303.16,BR014
ACC00143,CUST00131,Salary,Savings Account,XXXXXX1906,Active,2022-06-08,INR,50930.27,BR031
ACC00144,CUST00132,Savings,Millennia Savings Account,XXXXXX6795,Active,2025-01-13,INR,58971.25,BR024
ACC00145,CUST00133,Savings,Savings Max,XXXXXX5562,Active,2025-03-12,INR,20888.91,BR031
ACC00146,CUST00134,Savings,Savings Max,XXXXXX4494,Active,2026-07-12,INR,24103.53,BR041
ACC00147,CUST00135,Savings,Regular Savings Account,XXXXXX8679,Active,2024-12-05,INR,32871.81,BR053
ACC00148,CUST00136,Current,Business Current Account,XXXXXX4487,Active,2025-05-05,INR,440253.5,BR018
ACC00149,CUST00137,Current,Regular Current Account,XXXXXX6914,Active,2026-04-07,INR,164340.16,BR026
ACC00150,CUST00138,Current,Business Current Account,XXXXXX3182,Active,2024-11-07,INR,316400.17,BR004
ACC00151,CUST00139,Savings,Millennia Savings Account,XXXXXX4589,Active,2025-06-01,INR,379809.59,BR033
ACC00152,CUST00140,Savings,Regular Savings Account,XXXXXX5846,Active,2025-06-01,INR,136017.22,BR077
ACC00153,CUST00141,Savings,Regular Savings Account,XXXXXX1489,Active,2026-01-22,INR,189047.7,BR038
ACC00154,CUST00141,Current,Regular Current Account,XXXXXX7490,Active,2026-05-13,INR,215138.66,BR038
ACC00155,CUST00142,Current,Business Current Account,XXXXXX4558,Active,2019-02-04,INR,1641503.23,BR065
ACC00156,CUST00142,Savings,Savings Max,XXXXXX2491,Active,2019-04-09,INR,3348770.32,BR065
ACC00157,CUST00143,Current,Premium Current Account,XXXXXX8684,Active,2025-04-04,INR,109119.21,BR022
ACC00158,CUST00144,Savings,Millennia Savings Account,XXXXXX9843,Active,2021-06-29,INR,188561.97,BR040
ACC00159,CUST00145,Savings,Millennia Savings Account,XXXXXX2342,Active,2025-04-28,INR,32518.5,BR017
ACC00160,CUST00146,Current,Premium Current Account,XXXXXX5836,Active,2025-04-29,INR,514841.23,BR002
ACC00161,CUST00147,Current,Business Current Account,XXXXXX7313,Active,2022-02-17,INR,981423.71,BR062
ACC00162,CUST00147,Savings,Millennia Savings Account,XXXXXX5176,Active,2025-02-28,INR,348048.21,BR062
ACC00163,CUST00148,Savings,Regular Savings Account,XXXXXX7339,Active,2026-01-07,INR,86997.49,BR041
ACC00164,CUST00149,Savings,Regular Savings Account,XXXXXX5475,Active,2024-03-12,INR,298465.04,BR022
ACC00165,CUST00150,Salary,Savings Account,XXXXXX1234,Active,2025-07-27,INR,89741.13,BR068
ACC00166,CUST00151,Salary,Premium Salary Account,XXXXXX6061,Active,2025-01-08,INR,84453.84,BR043
ACC00167,CUST00152,Savings,Savings Max,XXXXXX8628,Active,2026-03-07,INR,470537.36,BR066
ACC00168,CUST00153,Current,Premium Current Account,XXXXXX5088,Active,2021-11-13,INR,157911.28,BR048
ACC00169,CUST00154,Savings,Millennia Savings Account,XXXXXX4354,Active,2025-11-13,INR,29129.44,BR076
ACC00170,CUST00155,Savings,Savings Max,XXXXXX4707,Active,2025-10-29,INR,9196.42,BR058
ACC00171,CUST00156,Savings,Savings Max,XXXXXX3514,Active,2023-05-07,INR,10163.36,BR054
ACC00172,CUST00157,Salary,Salary Account,XXXXXX9607,Active,2024-01-26,INR,92008.89,BR072
ACC00173,CUST00158,Current,Premium Current Account,XXXXXX1181,Active,2026-01-06,INR,90152.85,BR048
ACC00174,CUST00159,Savings,Millennia Savings Account,XXXXXX9667,Active,2018-04-14,INR,40721.04,BR079
ACC00175,CUST00160,Salary,Premium Salary Account,XXXXXX7453,Active,2022-02-08,INR,152019.72,BR002
ACC00176,CUST00161,Current,Regular Current Account,XXXXXX5114,Active,2020-05-26,INR,402143.96,BR069
ACC00177,CUST00162,Savings,Digital Savings Account,XXXXXX8273,Active,2024-04-12,INR,254985.09,BR030
ACC00178,CUST00163,Salary,Premium Salary Account,XXXXXX9129,Active,2025-01-04,INR,97354.46,BR051
ACC00179,CUST00164,Current,Regular Current Account,XXXXXX2980,Active,2026-02-01,INR,1324879.68,BR027
ACC00180,CUST00164,Savings,Millennia Savings Account,XXXXXX5963,Active,2026-08-09,INR,1664912.86,BR027
ACC00181,CUST00165,Savings,Digital Savings Account,XXXXXX9482,Active,2024-11-16,INR,222964.54,BR046
ACC00182,CUST00166,Salary,Savings Account,XXXXXX9274,Active,2025-04-11,INR,39219.86,BR047
ACC00183,CUST00167,Salary,Premium Salary Account,XXXXXX6168,Active,2024-07-21,INR,99092.24,BR075
ACC00184,CUST00168,Savings,Regular Savings Account,XXXXXX7299,Active,2026-01-02,INR,68026.41,BR021
ACC00185,CUST00169,Savings,Digital Savings Account,XXXXXX6364,Active,2024-07-02,INR,100473.57,BR034
ACC00186,CUST00170,Salary,Premium Salary Account,XXXXXX6547,Active,2024-06-14,INR,63609.67,BR078
ACC00187,CUST00171,Savings,Savings Max,XXXXXX9328,Active,2023-09-27,INR,2712214.49,BR003
ACC00188,CUST00172,Savings,Millennia Savings Account,XXXXXX3537,Active,2025-01-16,INR,101057.98,BR067
ACC00189,CUST00173,Savings,Digital Savings Account,XXXXXX2454,Active,2025-09-04,INR,21645.37,BR062
ACC00190,CUST00174,Salary,Savings Account,XXXXXX1400,Active,2026-05-31,INR,47081.31,BR034
ACC00191,CUST00175,Salary,Premium Salary Account,XXXXXX7753,Active,2024-03-08,INR,29535.79,BR021
ACC00192,CUST00176,Current,Regular Current Account,XXXXXX3500,Active,2023-07-12,INR,51721.88,BR077
ACC00193,CUST00177,Savings,Savings Max,XXXXXX9038,Active,2024-04-28,INR,20743.89,BR009
ACC00194,CUST00178,Current,Business Current Account,XXXXXX9231,Active,2026-03-21,INR,785525.14,BR073
ACC00195,CUST00179,Current,Business Current Account,XXXXXX4355,Active,2026-05-13,INR,32537.81,BR010
ACC00196,CUST00180,Savings,Digital Savings Account,XXXXXX5841,Active,2026-01-27,INR,905500.01,BR070
ACC00197,CUST00181,Current,Premium Current Account,XXXXXX6145,Active,2018-02-18,INR,5000,BR002
ACC00198,CUST00182,Current,Premium Current Account,XXXXXX8432,Active,2019-11-15,INR,212663.52,BR013
ACC00199,CUST00183,Current,Premium Current Account,XXXXXX1565,Active,2016-10-12,INR,209848.15,BR013
ACC00200,CUST00184,Savings,Regular Savings Account,XXXXXX4878,Active,2025-05-21,INR,8980.92,BR060
ACC00201,CUST00185,Current,Business Current Account,XXXXXX6473,Active,2019-12-10,INR,142875.82,BR031
ACC00202,CUST00186,Savings,Regular Savings Account,XXXXXX1802,Active,2024-01-08,INR,33138.79,BR022
ACC00203,CUST00187,Savings,Regular Savings Account,XXXXXX7573,Active,2023-04-20,INR,85194.99,BR057
ACC00204,CUST00188,Salary,Savings Account,XXXXXX6028,Active,2026-01-31,INR,159356.05,BR021
ACC00205,CUST00189,Salary,Premium Salary Account,XXXXXX4780,Active,2022-04-28,INR,118946.49,BR025
ACC00206,CUST00190,Savings,Savings Max,XXXXXX7667,Active,2019-08-22,INR,310185.63,BR035
ACC00207,CUST00191,Current,Regular Current Account,XXXXXX9183,Active,2024-03-06,INR,17163.15,BR040
ACC00208,CUST00192,Salary,Salary Account,XXXXXX5834,Active,2026-06-10,INR,83247.17,BR077
ACC00209,CUST00193,Salary,Salary Account,XXXXXX4228,Active,2024-05-30,INR,61549.13,BR033
ACC00210,CUST00194,Savings,Regular Savings Account,XXXXXX1703,Active,2023-02-19,INR,37197.21,BR024
ACC00211,CUST00195,Savings,Savings Max,XXXXXX1416,Active,2021-11-07,INR,354568.81,BR026
ACC00212,CUST00196,Savings,Millennia Savings Account,XXXXXX7989,Active,2026-04-30,INR,45822.99,BR079
ACC00213,CUST00197,Savings,Millennia Savings Account,XXXXXX8568,Active,2018-09-30,INR,5000,BR014
ACC00214,CUST00198,Savings,Savings Max,XXXXXX7247,Active,2025-11-27,INR,85134.87,BR058
ACC00215,CUST00199,Savings,Regular Savings Account,XXXXXX1100,Active,2026-05-11,INR,27889.75,BR032
ACC00216,CUST00200,Current,Premium Current Account,XXXXXX4213,Active,2026-01-05,INR,71523.13,BR056
ACC00217,CUST00201,Savings,Millennia Savings Account,XXXXXX1647,Active,2026-03-15,INR,62944.28,BR017
ACC00218,CUST00202,Savings,Millennia Savings Account,XXXXXX1882,Active,2022-03-06,INR,380503.17,BR012
ACC00219,CUST00203,Savings,Savings Max,XXXXXX2711,Active,2024-11-11,INR,156320.9,BR019
ACC00220,CUST00204,Savings,Savings Max,XXXXXX1501,Active,2024-12-26,INR,32204.16,BR026
ACC00221,CUST00205,Salary,Premium Salary Account,XXXXXX7889,Active,2020-04-28,INR,224172.14,BR059
ACC00222,CUST00206,Salary,Savings Account,XXXXXX2734,Active,2025-10-31,INR,9345.68,BR049
ACC00223,CUST00207,Salary,Premium Salary Account,XXXXXX5925,Active,2018-09-24,INR,94818.45,BR073
ACC00224,CUST00208,Savings,Regular Savings Account,XXXXXX4728,Active,2022-07-26,INR,78235.42,BR078
ACC00225,CUST00209,Savings,Digital Savings Account,XXXXXX7088,Active,2024-10-16,INR,44703.48,BR027
ACC00226,CUST00210,Salary,Savings Account,XXXXXX1442,Active,2026-07-04,INR,262432.36,BR059
ACC00227,CUST00211,Salary,Premium Salary Account,XXXXXX5418,Active,2025-01-31,INR,114382.33,BR024
ACC00228,CUST00212,Savings,Millennia Savings Account,XXXXXX1799,Active,2025-09-08,INR,265546.53,BR050
ACC00229,CUST00213,Current,Business Current Account,XXXXXX2706,Active,2024-04-24,INR,709591.22,BR033
ACC00230,CUST00214,Savings,Savings Max,XXXXXX8563,Active,2021-03-23,INR,134370.93,BR005
ACC00231,CUST00215,Savings,Savings Max,XXXXXX6647,Active,2024-01-19,INR,270474.28,BR071
ACC00232,CUST00215,Current,Regular Current Account,XXXXXX3260,Active,2025-02-10,INR,65123.26,BR071
ACC00233,CUST00216,Savings,Regular Savings Account,XXXXXX3831,Active,2023-07-06,INR,55720.27,BR017
ACC00234,CUST00217,Savings,Savings Max,XXXXXX9408,Active,2015-10-22,INR,11599.2,BR037
ACC00235,CUST00218,Salary,Premium Salary Account,XXXXXX3045,Active,2024-08-15,INR,268260.43,BR043
ACC00236,CUST00219,Current,Regular Current Account,XXXXXX5044,Active,2026-07-11,INR,374770.34,BR040
ACC00237,CUST00220,Salary,Salary Account,XXXXXX1013,Active,2023-06-21,INR,141629.95,BR068
ACC00238,CUST00221,Current,Regular Current Account,XXXXXX1514,Active,2018-04-08,INR,818050.74,BR025
ACC00239,CUST00222,Savings,Digital Savings Account,XXXXXX1234,Active,2022-06-18,INR,484165.72,BR017
ACC00240,CUST00223,Salary,Premium Salary Account,XXXXXX6959,Active,2022-12-12,INR,73803.75,BR060
ACC00241,CUST00223,Savings,Millennia Savings Account,XXXXXX9670,Active,2023-09-13,INR,524707.32,BR060
ACC00242,CUST00224,Savings,Digital Savings Account,XXXXXX5743,Active,2023-07-24,INR,5000,BR078
ACC00243,CUST00225,Current,Regular Current Account,XXXXXX6719,Active,2025-01-14,INR,209934.17,BR023
ACC00244,CUST00226,Current,Premium Current Account,XXXXXX3602,Active,2026-06-29,INR,390801.89,BR001
ACC00245,CUST00226,Savings,Savings Max,XXXXXX3034,Active,2026-08-17,INR,798362.68,BR001
ACC00246,CUST00227,Savings,Savings Max,XXXXXX8628,Active,2024-04-13,INR,19166.28,BR008
ACC00247,CUST00228,Savings,Regular Savings Account,XXXXXX6664,Active,2020-02-15,INR,24454.61,BR018
ACC00248,CUST00229,Salary,Savings Account,XXXXXX2833,Active,2022-03-25,INR,22951.03,BR070
ACC00249,CUST00230,Salary,Salary Account,XXXXXX5112,Active,2025-09-25,INR,201984.59,BR075
ACC00250,CUST00231,Salary,Salary Account,XXXXXX7202,Active,2026-03-23,INR,104947.66,BR080
ACC00251,CUST00232,Savings,Digital Savings Account,XXXXXX7033,Active,2021-09-04,INR,17894.44,BR005
ACC00252,CUST00233,Savings,Savings Max,XXXXXX7050,Active,2025-08-31,INR,816696.82,BR034
ACC00253,CUST00233,Current,Premium Current Account,XXXXXX6007,Active,2026-06-17,INR,2783148.24,BR034
ACC00254,CUST00234,Current,Premium Current Account,XXXXXX4152,Active,2026-02-06,INR,121587.78,BR076
ACC00255,CUST00235,Salary,Premium Salary Account,XXXXXX9851,Active,2022-01-01,INR,11188.87,BR012
ACC00256,CUST00236,Salary,Salary Account,XXXXXX6960,Active,2020-07-31,INR,56163.91,BR023
ACC00257,CUST00237,Savings,Regular Savings Account,XXXXXX6615,Active,2026-04-24,INR,139049.3,BR063
ACC00258,CUST00238,Savings,Savings Max,XXXXXX6739,Active,2019-12-14,INR,216761.67,BR050
ACC00259,CUST00238,Current,Business Current Account,XXXXXX7297,Active,2021-09-30,INR,215765.18,BR050
ACC00260,CUST00239,Savings,Digital Savings Account,XXXXXX6914,Active,2026-01-01,INR,355817.09,BR005
ACC00261,CUST00240,Savings,Regular Savings Account,XXXXXX1647,Active,2018-06-06,INR,895880.17,BR013
ACC00262,CUST00241,Salary,Salary Account,XXXXXX3117,Active,2025-03-10,INR,96673.92,BR022
ACC00263,CUST00242,Salary,Salary Account,XXXXXX9173,Active,2023-04-08,INR,124256.74,BR027
ACC00264,CUST00243,Savings,Savings Max,XXXXXX2268,Active,2023-12-13,INR,5000,BR027
ACC00265,CUST00244,Savings,Digital Savings Account,XXXXXX3182,Active,2018-06-25,INR,48916.06,BR057
ACC00266,CUST00245,Savings,Savings Max,XXXXXX5723,Active,2020-01-24,INR,97104.56,BR046
ACC00267,CUST00246,Salary,Salary Account,XXXXXX9243,Active,2022-03-13,INR,41498.58,BR061
ACC00268,CUST00247,Current,Premium Current Account,XXXXXX3828,Active,2025-06-07,INR,63288.1,BR013
ACC00269,CUST00248,Salary,Salary Account,XXXXXX1259,Active,2021-03-09,INR,183309.0,BR001
ACC00270,CUST00249,Savings,Savings Max,XXXXXX5806,Active,2020-06-07,INR,292234.07,BR023
ACC00271,CUST00249,Current,Business Current Account,XXXXXX4836,Active,2024-01-15,INR,564009.45,BR023
ACC00272,CUST00250,Savings,Millennia Savings Account,XXXXXX4424,Active,2024-09-19,INR,481840.18,BR016
ACC00273,CUST00251,Savings,Savings Max,XXXXXX1672,Active,2025-09-05,INR,52131.12,BR070
ACC00274,CUST00252,Current,Business Current Account,XXXXXX8498,Active,2025-06-17,INR,72534.43,BR040
ACC00275,CUST00253,Savings,Regular Savings Account,XXXXXX7168,Active,2023-05-29,INR,71808.16,BR005
ACC00276,CUST00254,Salary,Savings Account,XXXXXX2101,Active,2025-06-27,INR,110462.69,BR074
ACC00277,CUST00255,Current,Premium Current Account,XXXXXX9114,Active,2024-07-09,INR,175492.32,BR058
ACC00278,CUST00255,Savings,Millennia Savings Account,XXXXXX1702,Active,2026-05-29,INR,114055.43,BR058
ACC00279,CUST00256,Current,Premium Current Account,XXXXXX4915,Active,2019-05-06,INR,478304.76,BR057
ACC00280,CUST00257,Salary,Savings Account,XXXXXX4356,Active,2019-05-01,INR,63192.42,BR024
ACC00281,CUST00258,Savings,Savings Max,XXXXXX7770,Active,2024-05-10,INR,66249.23,BR016
ACC00282,CUST00258,Current,Business Current Account,XXXXXX8707,Active,2024-12-07,INR,282689.37,BR016
ACC00283,CUST00259,Salary,Salary Account,XXXXXX3680,Active,2020-03-27,INR,133956.15,BR046
ACC00284,CUST00260,Savings,Millennia Savings Account,XXXXXX7521,Active,2023-01-21,INR,89796.1,BR044
ACC00285,CUST00261,Savings,Digital Savings Account,XXXXXX4108,Active,2026-03-30,INR,253263.95,BR077
ACC00286,CUST00262,Current,Premium Current Account,XXXXXX2092,Active,2026-06-02,INR,329254.62,BR033
ACC00287,CUST00262,Savings,Millennia Savings Account,XXXXXX7488,Active,2026-08-02,INR,450138.01,BR033
ACC00288,CUST00263,Savings,Regular Savings Account,XXXXXX6168,Active,2021-12-01,INR,37000.06,BR002
ACC00289,CUST00264,Savings,Digital Savings Account,XXXXXX3720,Active,2019-04-09,INR,112707.63,BR060
ACC00290,CUST00265,Savings,Regular Savings Account,XXXXXX4220,Active,2024-09-10,INR,10499.0,BR002
ACC00291,CUST00266,Current,Business Current Account,XXXXXX9082,Active,2025-08-03,INR,115762.44,BR075
ACC00292,CUST00266,Savings,Savings Max,XXXXXX3208,Active,2025-08-20,INR,192892.64,BR075
ACC00293,CUST00267,Savings,Millennia Savings Account,XXXXXX7786,Active,2019-05-16,INR,296438.66,BR042
ACC00294,CUST00268,Savings,Savings Max,XXXXXX1991,Active,2021-10-04,INR,697627.08,BR039
ACC00295,CUST00268,Current,Business Current Account,XXXXXX6243,Active,2024-08-11,INR,2233636.8,BR039
ACC00296,CUST00269,Savings,Digital Savings Account,XXXXXX3878,Active,2021-12-02,INR,164034.58,BR004
ACC00297,CUST00270,Salary,Savings Account,XXXXXX6140,Active,2023-07-06,INR,228303.06,BR055
ACC00298,CUST00271,Current,Premium Current Account,XXXXXX2556,Active,2016-07-04,INR,120069.05,BR010
ACC00299,CUST00271,Savings,Regular Savings Account,XXXXXX7360,Active,2021-02-15,INR,218615.35,BR010
ACC00300,CUST00272,Salary,Premium Salary Account,XXXXXX4618,Active,2019-08-24,INR,179805.7,BR070
ACC00301,CUST00273,Savings,Regular Savings Account,XXXXXX3717,Active,2022-06-04,INR,53481.47,BR067
ACC00302,CUST00274,Savings,Savings Max,XXXXXX6812,Active,2025-11-02,INR,34536.21,BR056
ACC00303,CUST00275,Savings,Millennia Savings Account,XXXXXX1454,Active,2025-12-15,INR,158766.01,BR012
ACC00304,CUST00276,Savings,Savings Max,XXXXXX3175,Active,2023-07-19,INR,70100.44,BR015
ACC00305,CUST00277,Salary,Salary Account,XXXXXX5286,Active,2025-09-21,INR,89487.73,BR016
ACC00306,CUST00278,Savings,Millennia Savings Account,XXXXXX2541,Active,2025-04-16,INR,34411.56,BR043
ACC00307,CUST00279,Savings,Millennia Savings Account,XXXXXX2119,Active,2026-07-04,INR,132968.4,BR032
ACC00308,CUST00280,Salary,Savings Account,XXXXXX5556,Active,2019-10-09,INR,13487.76,BR060
ACC00309,CUST00281,Savings,Millennia Savings Account,XXXXXX7141,Active,2018-07-03,INR,193324.61,BR064
ACC00310,CUST00281,Current,Premium Current Account,XXXXXX8871,Active,2026-03-27,INR,101076.07,BR064
ACC00311,CUST00282,Savings,Digital Savings Account,XXXXXX8512,Active,2019-08-22,INR,939057.37,BR055
ACC00312,CUST00282,Current,Premium Current Account,XXXXXX1385,Active,2022-12-08,INR,464940.28,BR055
ACC00313,CUST00283,Savings,Millennia Savings Account,XXXXXX6291,Active,2024-11-26,INR,168969.99,BR060
ACC00314,CUST00284,Salary,Savings Account,XXXXXX5373,Active,2023-09-12,INR,149720.83,BR057
ACC00315,CUST00285,Salary,Salary Account,XXXXXX7171,Active,2025-03-05,INR,96303.2,BR035
ACC00316,CUST00286,Savings,Regular Savings Account,XXXXXX4626,Active,2024-07-16,INR,32091.64,BR001
ACC00317,CUST00287,Savings,Millennia Savings Account,XXXXXX9285,Active,2025-06-26,INR,108551.65,BR020
ACC00318,CUST00288,Savings,Millennia Savings Account,XXXXXX7519,Active,2024-01-03,INR,67071.32,BR060
ACC00319,CUST00289,Current,Regular Current Account,XXXXXX6964,Active,2025-11-16,INR,152065.53,BR053
ACC00320,CUST00290,Current,Premium Current Account,XXXXXX6642,Active,2025-01-10,INR,73552.6,BR024
ACC00321,CUST00291,Savings,Digital Savings Account,XXXXXX1502,Active,2022-12-04,INR,83112.28,BR039
ACC00322,CUST00292,Savings,Savings Max,XXXXXX5628,Active,2024-12-20,INR,223848.96,BR061
ACC00323,CUST00292,Current,Business Current Account,XXXXXX4469,Active,2026-08-17,INR,131775.17,BR061
ACC00324,CUST00293,Current,Business Current Account,XXXXXX1917,Active,2025-07-02,INR,49380.0,BR063
ACC00325,CUST00294,Savings,Savings Max,XXXXXX6493,Active,2020-10-01,INR,35949.0,BR060
ACC00326,CUST00295,Savings,Millennia Savings Account,XXXXXX6272,Active,2023-07-03,INR,117243.69,BR046
ACC00327,CUST00296,Savings,Millennia Savings Account,XXXXXX6485,Active,2026-01-15,INR,210774.12,BR059
ACC00328,CUST00297,Salary,Savings Account,XXXXXX1826,Active,2024-04-24,INR,142768.55,BR001
ACC00329,CUST00298,Savings,Regular Savings Account,XXXXXX8231,Active,2026-02-26,INR,62627.05,BR067
ACC00330,CUST00299,Savings,Savings Max,XXXXXX3622,Active,2022-06-04,INR,65289.16,BR045
ACC00331,CUST00300,Current,Business Current Account,XXXXXX2054,Active,2023-02-06,INR,47727.83,BR021
ACC00332,CUST00300,Savings,Digital Savings Account,XXXXXX2240,Active,2025-02-11,INR,437526.77,BR021
ACC00333,CUST00301,Current,Premium Current Account,XXXXXX7716,Active,2026-05-30,INR,114463.23,BR069
ACC00334,CUST00302,Current,Premium Current Account,XXXXXX7293,Active,2023-12-04,INR,220467.58,BR068
ACC00335,CUST00303,Savings,Digital Savings Account,XXXXXX8416,Active,2024-03-02,INR,412822.9,BR048
ACC00336,CUST00303,Current,Regular Current Account,XXXXXX9769,Active,2024-11-16,INR,721877.58,BR048
ACC00337,CUST00304,Savings,Savings Max,XXXXXX1663,Active,2019-10-28,INR,53619.69,BR006
ACC00338,CUST00305,Current,Regular Current Account,XXXXXX8738,Active,2026-05-21,INR,305374.74,BR044
ACC00339,CUST00306,Savings,Millennia Savings Account,XXXXXX9168,Active,2022-05-16,INR,63390.96,BR024
ACC00340,CUST00307,Savings,Savings Max,XXXXXX5985,Active,2015-08-12,INR,83836.45,BR020
ACC00341,CUST00308,Salary,Savings Account,XXXXXX7077,Active,2020-04-28,INR,102071.13,BR041
ACC00342,CUST00308,Savings,Millennia Savings Account,XXXXXX1393,Active,2024-03-28,INR,36492.29,BR041
ACC00343,CUST00309,Current,Business Current Account,XXXXXX9452,Active,2025-08-02,INR,105826.24,BR069
ACC00344,CUST00310,Current,Premium Current Account,XXXXXX1348,Active,2019-06-26,INR,15401.71,BR016
ACC00345,CUST00311,Salary,Savings Account,XXXXXX6440,Active,2021-07-06,INR,494536.43,BR072
ACC00346,CUST00312,Salary,Premium Salary Account,XXXXXX9908,Active,2025-07-04,INR,216826.23,BR046
ACC00347,CUST00313,Savings,Digital Savings Account,XXXXXX9283,Active,2023-02-19,INR,493075.2,BR073
ACC00348,CUST00314,Savings,Millennia Savings Account,XXXXXX4102,Active,2025-01-02,INR,5000,BR056
ACC00349,CUST00315,Salary,Premium Salary Account,XXXXXX6333,Active,2022-03-06,INR,44469.0,BR040
ACC00350,CUST00316,Savings,Savings Max,XXXXXX6027,Active,2026-04-20,INR,103488.25,BR008
ACC00351,CUST00317,Current,Business Current Account,XXXXXX1074,Active,2021-10-19,INR,8575.86,BR055
ACC00352,CUST00318,Salary,Premium Salary Account,XXXXXX9749,Active,2021-11-17,INR,77179.0,BR075
ACC00353,CUST00319,Savings,Millennia Savings Account,XXXXXX6889,Active,2025-03-27,INR,30026.88,BR009
ACC00354,CUST00320,Current,Business Current Account,XXXXXX3159,Active,2023-01-04,INR,81398.09,BR043
ACC00355,CUST00321,Salary,Savings Account,XXXXXX2053,Active,2025-07-11,INR,86179.57,BR034
ACC00356,CUST00322,Salary,Premium Salary Account,XXXXXX9575,Active,2026-06-20,INR,137599.42,BR077
ACC00357,CUST00323,Savings,Digital Savings Account,XXXXXX9074,Active,2026-04-25,INR,125245.58,BR066
ACC00358,CUST00324,Salary,Premium Salary Account,XXXXXX6930,Active,2026-06-06,INR,39680.11,BR048
ACC00359,CUST00325,Savings,Digital Savings Account,XXXXXX2999,Active,2021-11-20,INR,79453.45,BR065
ACC00360,CUST00326,Savings,Millennia Savings Account,XXXXXX7339,Active,2018-10-21,INR,100976.36,BR037
ACC00361,CUST00327,Savings,Savings Max,XXXXXX2142,Active,2024-10-22,INR,602226.49,BR054
ACC00362,CUST00328,Savings,Regular Savings Account,XXXXXX8016,Active,2025-12-22,INR,62371.09,BR073
ACC00363,CUST00329,Savings,Regular Savings Account,XXXXXX9224,Active,2021-11-29,INR,5047.43,BR030
ACC00364,CUST00330,Salary,Savings Account,XXXXXX6736,Active,2020-06-02,INR,13570.16,BR074
ACC00365,CUST00331,Salary,Premium Salary Account,XXXXXX6672,Active,2026-05-06,INR,149743.96,BR039
ACC00366,CUST00332,Current,Regular Current Account,XXXXXX3984,Active,2023-08-05,INR,211071.42,BR064
ACC00367,CUST00333,Salary,Savings Account,XXXXXX3776,Active,2022-06-26,INR,136857.16,BR042
ACC00368,CUST00333,Savings,Regular Savings Account,XXXXXX7950,Active,2025-08-03,INR,120786.04,BR042
ACC00369,CUST00334,Current,Premium Current Account,XXXXXX6275,Active,2020-05-30,INR,123758.87,BR005
ACC00370,CUST00334,Savings,Savings Max,XXXXXX9764,Active,2023-07-22,INR,197857.14,BR005
ACC00371,CUST00335,Savings,Savings Max,XXXXXX2869,Active,2024-11-15,INR,23327.6,BR025
ACC00372,CUST00336,Salary,Savings Account,XXXXXX4585,Active,2022-02-20,INR,101297.08,BR029
ACC00373,CUST00337,Savings,Savings Max,XXXXXX2285,Active,2026-01-21,INR,15718.67,BR041
ACC00374,CUST00338,Savings,Savings Max,XXXXXX9773,Active,2023-03-31,INR,157224.32,BR038
ACC00375,CUST00339,Salary,Salary Account,XXXXXX1352,Active,2022-01-22,INR,88765.87,BR029
ACC00376,CUST00340,Savings,Savings Max,XXXXXX6318,Active,2026-05-02,INR,57754.13,BR055
ACC00377,CUST00341,Salary,Premium Salary Account,XXXXXX8313,Active,2020-11-20,INR,104695.85,BR039
ACC00378,CUST00342,Salary,Premium Salary Account,XXXXXX5451,Active,2025-10-12,INR,222581.71,BR048
ACC00379,CUST00343,Salary,Savings Account,XXXXXX6542,Active,2026-04-22,INR,68821.27,BR062
ACC00380,CUST00344,Current,Regular Current Account,XXXXXX7882,Active,2021-05-17,INR,162450.58,BR065
ACC00381,CUST00345,Savings,Millennia Savings Account,XXXXXX2116,Active,2020-04-18,INR,117079.3,BR048
ACC00382,CUST00346,Salary,Salary Account,XXXXXX3937,Active,2018-01-06,INR,68323.88,BR063
ACC00383,CUST00347,Current,Business Current Account,XXXXXX9626,Active,2023-07-13,INR,55180.81,BR046
ACC00384,CUST00348,Current,Premium Current Account,XXXXXX6189,Active,2024-12-05,INR,43629.98,BR047
ACC00385,CUST00349,Savings,Regular Savings Account,XXXXXX8295,Active,2026-07-09,INR,844101.91,BR017
ACC00386,CUST00349,Current,Regular Current Account,XXXXXX4867,Active,2026-08-16,INR,785576.18,BR017
ACC00387,CUST00350,Savings,Millennia Savings Account,XXXXXX3475,Active,2023-10-10,INR,7636.52,BR018
ACC00388,CUST00351,Savings,Digital Savings Account,XXXXXX1932,Active,2023-09-21,INR,87897.03,BR015
ACC00389,CUST00352,Savings,Regular Savings Account,XXXXXX5746,Active,2021-07-12,INR,104175.85,BR038
ACC00390,CUST00352,Current,Business Current Account,XXXXXX5571,Active,2025-09-18,INR,124175.57,BR038
ACC00391,CUST00353,Current,Business Current Account,XXXXXX9796,Active,2024-11-17,INR,136351.47,BR029
ACC00392,CUST00354,Savings,Savings Max,XXXXXX2922,Active,2023-09-01,INR,89082.69,BR007
ACC00393,CUST00355,Savings,Millennia Savings Account,XXXXXX1774,Active,2026-05-04,INR,108403.8,BR007
ACC00394,CUST00356,Savings,Regular Savings Account,XXXXXX9845,Active,2026-04-25,INR,117363.59,BR048
ACC00395,CUST00357,Savings,Regular Savings Account,XXXXXX7970,Active,2024-04-02,INR,1034202.91,BR003
ACC00396,CUST00358,Savings,Regular Savings Account,XXXXXX1361,Active,2025-01-24,INR,16435.04,BR072
ACC00397,CUST00359,Salary,Salary Account,XXXXXX1839,Active,2022-04-11,INR,14011.63,BR013
ACC00398,CUST00360,Savings,Regular Savings Account,XXXXXX8846,Active,2024-02-06,INR,9754.6,BR027
ACC00399,CUST00361,Savings,Millennia Savings Account,XXXXXX1657,Active,2025-01-09,INR,87349.27,BR019
ACC00400,CUST00362,Current,Premium Current Account,XXXXXX1225,Active,2024-10-26,INR,119782.66,BR024
ACC00401,CUST00363,Salary,Savings Account,XXXXXX1981,Active,2022-09-15,INR,34109.62,BR055
ACC00402,CUST00364,Savings,Digital Savings Account,XXXXXX8972,Active,2024-06-18,INR,865145.2,BR069
ACC00403,CUST00365,Savings,Savings Max,XXXXXX7912,Active,2025-08-10,INR,246039.37,BR064
ACC00404,CUST00366,Savings,Digital Savings Account,XXXXXX7902,Active,2024-07-07,INR,71132.85,BR001
ACC00405,CUST00367,Salary,Salary Account,XXXXXX2369,Active,2022-04-21,INR,137480.74,BR024
ACC00406,CUST00368,Salary,Savings Account,XXXXXX2076,Active,2020-10-08,INR,744189.47,BR017
ACC00407,CUST00369,Savings,Millennia Savings Account,XXXXXX5831,Active,2025-03-29,INR,5000,BR024
ACC00408,CUST00370,Savings,Millennia Savings Account,XXXXXX7444,Active,2022-01-31,INR,75688.14,BR026
ACC00409,CUST00371,Salary,Salary Account,XXXXXX2170,Active,2021-08-07,INR,127643.31,BR036
ACC00410,CUST00372,Salary,Salary Account,XXXXXX2169,Active,2019-07-15,INR,57868.72,BR016
ACC00411,CUST00373,Savings,Millennia Savings Account,XXXXXX6387,Active,2026-06-08,INR,43396.4,BR054
ACC00412,CUST00374,Current,Business Current Account,XXXXXX6138,Active,2024-06-05,INR,75241.45,BR001
ACC00413,CUST00375,Savings,Millennia Savings Account,XXXXXX6751,Active,2016-12-19,INR,552728.16,BR069
ACC00414,CUST00375,Current,Regular Current Account,XXXXXX6334,Active,2019-07-08,INR,644634.64,BR069
ACC00415,CUST00376,Savings,Millennia Savings Account,XXXXXX4317,Active,2020-04-11,INR,5000,BR049
ACC00416,CUST00377,Current,Regular Current Account,XXXXXX3139,Active,2025-10-28,INR,411565.04,BR023
ACC00417,CUST00378,Savings,Millennia Savings Account,XXXXXX8583,Active,2025-11-18,INR,218746.94,BR035
ACC00418,CUST00379,Current,Business Current Account,XXXXXX8685,Active,2026-01-18,INR,802835.47,BR054
ACC00419,CUST00380,Savings,Digital Savings Account,XXXXXX1982,Active,2025-09-14,INR,421187.13,BR006
ACC00420,CUST00381,Savings,Regular Savings Account,XXXXXX6672,Active,2023-01-02,INR,107206.01,BR041
ACC00421,CUST00382,Salary,Premium Salary Account,XXXXXX5070,Active,2025-09-02,INR,336819.64,BR071
ACC00422,CUST00383,Current,Premium Current Account,XXXXXX4101,Active,2020-12-02,INR,417963.43,BR018
ACC00423,CUST00384,Savings,Regular Savings Account,XXXXXX4653,Active,2021-03-16,INR,149151.09,BR011
ACC00424,CUST00385,Salary,Salary Account,XXXXXX9459,Active,2020-10-08,INR,135127.01,BR059
ACC00425,CUST00386,Salary,Premium Salary Account,XXXXXX4250,Active,2024-02-01,INR,194329.36,BR049
ACC00426,CUST00387,Salary,Salary Account,XXXXXX4481,Active,2017-06-19,INR,24670.36,BR006
ACC00427,CUST00388,Salary,Salary Account,XXXXXX8352,Active,2023-07-23,INR,57488.48,BR076
ACC00428,CUST00389,Savings,Savings Max,XXXXXX2835,Active,2023-06-30,INR,49917.0,BR047
ACC00429,CUST00390,Salary,Salary Account,XXXXXX4301,Active,2021-06-12,INR,42335.72,BR047
ACC00430,CUST00391,Savings,Millennia Savings Account,XXXXXX1960,Active,2023-09-12,INR,195720.79,BR053
ACC00431,CUST00392,Current,Business Current Account,XXXXXX9176,Active,2023-05-10,INR,124282.23,BR051
ACC00432,CUST00393,Salary,Savings Account,XXXXXX1406,Active,2021-02-19,INR,41196.98,BR028
ACC00433,CUST00394,Current,Business Current Account,XXXXXX6826,Active,2024-04-12,INR,46328.5,BR062
ACC00434,CUST00395,Current,Regular Current Account,XXXXXX3508,Active,2023-02-06,INR,63366.17,BR064
ACC00435,CUST00396,Savings,Digital Savings Account,XXXXXX8095,Active,2019-08-20,INR,44107.27,BR047
ACC00436,CUST00397,Salary,Salary Account,XXXXXX5025,Active,2022-06-19,INR,79708.96,BR080
ACC00437,CUST00398,Savings,Digital Savings Account,XXXXXX6049,Active,2020-09-07,INR,123558.75,BR060
ACC00438,CUST00398,Current,Business Current Account,XXXXXX7507,Active,2026-07-01,INR,193515.03,BR060
ACC00439,CUST00399,Savings,Savings Max,XXXXXX2983,Active,2026-06-16,INR,68920.79,BR077
ACC00440,CUST00400,Salary,Savings Account,XXXXXX3127,Active,2020-03-26,INR,151978.16,BR074
ACC00441,CUST00401,Salary,Salary Account,XXXXXX8985,Active,2024-07-19,INR,112069.14,BR029
ACC00442,CUST00402,Current,Regular Current Account,XXXXXX3742,Active,2025-03-17,INR,18593.13,BR063
ACC00443,CUST00403,Salary,Salary Account,XXXXXX7672,Active,2025-12-17,INR,424422.49,BR016
ACC00444,CUST00403,Savings,Millennia Savings Account,XXXXXX4084,Active,2026-05-22,INR,1220725.38,BR016
ACC00445,CUST00404,Current,Premium Current Account,XXXXXX9954,Active,2024-02-17,INR,15788.24,BR023
ACC00446,CUST00405,Current,Regular Current Account,XXXXXX9993,Active,2021-07-05,INR,109954.27,BR005
ACC00447,CUST00406,Salary,Salary Account,XXXXXX2167,Active,2026-02-16,INR,16248.76,BR072
ACC00448,CUST00407,Salary,Savings Account,XXXXXX4173,Active,2019-04-24,INR,78871.61,BR003
ACC00449,CUST00408,Salary,Premium Salary Account,XXXXXX2889,Active,2023-12-02,INR,25107.38,BR059
ACC00450,CUST00409,Savings,Digital Savings Account,XXXXXX1861,Active,2024-12-18,INR,100867.72,BR006
ACC00451,CUST00410,Current,Premium Current Account,XXXXXX7403,Active,2025-05-10,INR,673887.14,BR062
ACC00452,CUST00411,Salary,Premium Salary Account,XXXXXX8833,Active,2026-06-26,INR,132821.93,BR040
ACC00453,CUST00412,Savings,Digital Savings Account,XXXXXX1496,Active,2025-11-05,INR,126271.88,BR059
ACC00454,CUST00413,Salary,Premium Salary Account,XXXXXX7984,Active,2023-10-23,INR,105921.13,BR078
ACC00455,CUST00414,Salary,Premium Salary Account,XXXXXX3871,Active,2019-01-11,INR,105593.67,BR037
ACC00456,CUST00415,Savings,Regular Savings Account,XXXXXX6471,Active,2024-04-28,INR,164610.07,BR002
ACC00457,CUST00416,Salary,Premium Salary Account,XXXXXX7843,Active,2024-03-05,INR,67106.7,BR046
ACC00458,CUST00417,Current,Premium Current Account,XXXXXX3606,Active,2022-12-05,INR,197905.38,BR058
ACC00459,CUST00418,Salary,Salary Account,XXXXXX2166,Active,2024-05-21,INR,72179.74,BR072
ACC00460,CUST00419,Salary,Savings Account,XXXXXX3165,Active,2024-08-14,INR,94332.79,BR035
ACC00461,CUST00420,Savings,Regular Savings Account,XXXXXX1949,Active,2026-01-04,INR,27295.74,BR054
ACC00462,CUST00421,Savings,Regular Savings Account,XXXXXX4852,Active,2024-03-25,INR,17417.8,BR012
ACC00463,CUST00422,Savings,Regular Savings Account,XXXXXX2556,Active,2026-07-06,INR,34309.25,BR077
ACC00464,CUST00423,Salary,Premium Salary Account,XXXXXX7589,Active,2024-04-08,INR,177708.83,BR026
ACC00465,CUST00424,Salary,Salary Account,XXXXXX5957,Active,2022-06-25,INR,131742.18,BR003
ACC00466,CUST00425,Savings,Digital Savings Account,XXXXXX4853,Active,2022-03-02,INR,208583.52,BR075
ACC00467,CUST00426,Savings,Digital Savings Account,XXXXXX4770,Active,2026-01-24,INR,8586.83,BR018
ACC00468,CUST00427,Savings,Savings Max,XXXXXX9767,Active,2020-12-25,INR,709516.55,BR014
ACC00469,CUST00427,Current,Regular Current Account,XXXXXX9552,Active,2023-05-26,INR,414500.67,BR014
ACC00470,CUST00428,Savings,Regular Savings Account,XXXXXX8247,Active,2018-07-26,INR,78275.59,BR026
ACC00471,CUST00429,Current,Business Current Account,XXXXXX6359,Active,2025-10-20,INR,1198108.01,BR068
ACC00472,CUST00429,Savings,Regular Savings Account,XXXXXX6807,Active,2026-06-02,INR,919249.15,BR068
ACC00473,CUST00430,Savings,Digital Savings Account,XXXXXX1134,Active,2026-04-04,INR,32625.58,BR033
ACC00474,CUST00431,Salary,Salary Account,XXXXXX9612,Active,2025-09-08,INR,209689.03,BR018
ACC00475,CUST00432,Savings,Millennia Savings Account,XXXXXX9857,Active,2024-08-13,INR,685128.59,BR045
ACC00476,CUST00433,Salary,Savings Account,XXXXXX3569,Active,2019-04-05,INR,163662.48,BR008
ACC00477,CUST00434,Savings,Digital Savings Account,XXXXXX3406,Active,2020-08-22,INR,1027961.79,BR070
ACC00478,CUST00435,Savings,Regular Savings Account,XXXXXX3205,Active,2021-01-24,INR,101647.12,BR030
ACC00479,CUST00436,Salary,Salary Account,XXXXXX9334,Active,2023-07-28,INR,183225.79,BR006
ACC00480,CUST00437,Savings,Savings Max,XXXXXX5325,Active,2025-08-02,INR,15507.38,BR008
ACC00481,CUST00438,Salary,Premium Salary Account,XXXXXX9029,Active,2020-06-18,INR,146586.52,BR036
ACC00482,CUST00439,Salary,Premium Salary Account,XXXXXX2216,Active,2015-11-05,INR,21900.45,BR024
ACC00483,CUST00440,Current,Premium Current Account,XXXXXX3776,Active,2024-06-03,INR,357219.9,BR006
ACC00484,CUST00441,Salary,Savings Account,XXXXXX5980,Active,2023-05-10,INR,75540.47,BR004
ACC00485,CUST00442,Current,Regular Current Account,XXXXXX4967,Active,2021-08-14,INR,228425.72,BR074
ACC00486,CUST00443,Savings,Digital Savings Account,XXXXXX7157,Active,2022-11-10,INR,247609.2,BR011
ACC00487,CUST00444,Current,Regular Current Account,XXXXXX9684,Active,2025-06-16,INR,462400.14,BR026
ACC00488,CUST00445,Salary,Premium Salary Account,XXXXXX9557,Active,2020-07-10,INR,41311.94,BR044
ACC00489,CUST00446,Savings,Savings Max,XXXXXX5089,Active,2021-06-13,INR,5000,BR066
ACC00490,CUST00447,Savings,Digital Savings Account,XXXXXX3915,Active,2022-03-07,INR,156942.31,BR037
ACC00491,CUST00448,Current,Business Current Account,XXXXXX1494,Active,2026-02-11,INR,36689.49,BR004
ACC00492,CUST00449,Salary,Salary Account,XXXXXX5751,Active,2023-04-14,INR,126877.41,BR021
ACC00493,CUST00450,Salary,Salary Account,XXXXXX9555,Active,2025-12-12,INR,60861.13,BR017
ACC00494,CUST00451,Salary,Salary Account,XXXXXX1521,Active,2024-05-03,INR,74464.9,BR077
ACC00495,CUST00452,Savings,Regular Savings Account,XXXXXX5208,Active,2023-07-11,INR,5000,BR004
ACC00496,CUST00453,Savings,Regular Savings Account,XXXXXX3802,Active,2020-03-09,INR,130433.34,BR015
ACC00497,CUST00454,Salary,Premium Salary Account,XXXXXX2432,Active,2025-07-24,INR,376951.37,BR032
ACC00498,CUST00455,Savings,Millennia Savings Account,XXXXXX7091,Active,2024-01-11,INR,25937.37,BR054
ACC00499,CUST00456,Savings,Digital Savings Account,XXXXXX2533,Active,2026-02-01,INR,342921.91,BR062
ACC00500,CUST00457,Current,Regular Current Account,XXXXXX2586,Active,2020-08-23,INR,487830.28,BR032
ACC00501,CUST00458,Current,Premium Current Account,XXXXXX1698,Active,2026-03-19,INR,324998.52,BR062
ACC00502,CUST00458,Savings,Digital Savings Account,XXXXXX8223,Active,2026-07-02,INR,747089.89,BR062
ACC00503,CUST00459,Current,Premium Current Account,XXXXXX6086,Active,2024-10-23,INR,97897.99,BR016
ACC00504,CUST00459,Savings,Digital Savings Account,XXXXXX7906,Active,2025-10-27,INR,419278.07,BR016
ACC00505,CUST00460,Current,Business Current Account,XXXXXX3938,Active,2026-04-09,INR,214980.13,BR061
ACC00506,CUST00461,Savings,Regular Savings Account,XXXXXX5148,Active,2023-02-28,INR,28914.59,BR055
ACC00507,CUST00462,Savings,Millennia Savings Account,XXXXXX9524,Active,2026-04-18,INR,13545.73,BR061
ACC00508,CUST00463,Current,Regular Current Account,XXXXXX9358,Active,2021-04-02,INR,29347.63,BR061
ACC00509,CUST00464,Savings,Savings Max,XXXXXX4932,Active,2025-06-23,INR,16632.84,BR045
ACC00510,CUST00465,Current,Business Current Account,XXXXXX9604,Active,2025-06-29,INR,158885.46,BR033
ACC00511,CUST00466,Current,Business Current Account,XXXXXX2245,Active,2017-05-11,INR,236948.16,BR013
ACC00512,CUST00467,Savings,Digital Savings Account,XXXXXX1031,Active,2020-01-20,INR,56105.03,BR006
ACC00513,CUST00468,Current,Premium Current Account,XXXXXX2450,Active,2024-11-12,INR,518826.5,BR002
ACC00514,CUST00468,Savings,Savings Max,XXXXXX6526,Active,2025-09-15,INR,735844.33,BR002
ACC00515,CUST00469,Savings,Savings Max,XXXXXX4481,Active,2024-10-08,INR,58755.77,BR034
ACC00516,CUST00470,Salary,Premium Salary Account,XXXXXX7976,Active,2026-01-24,INR,91963.16,BR071
ACC00517,CUST00471,Salary,Premium Salary Account,XXXXXX8765,Active,2021-09-11,INR,58677.64,BR013
ACC00518,CUST00472,Current,Premium Current Account,XXXXXX2221,Active,2019-10-13,INR,3215813.79,BR035
ACC00519,CUST00473,Savings,Regular Savings Account,XXXXXX8380,Active,2025-11-30,INR,14814.72,BR040
ACC00520,CUST00474,Current,Premium Current Account,XXXXXX3341,Active,2023-09-17,INR,965894.1,BR052
ACC00521,CUST00475,Salary,Premium Salary Account,XXXXXX1137,Active,2026-06-13,INR,147837.12,BR044
ACC00522,CUST00476,Savings,Millennia Savings Account,XXXXXX5891,Active,2024-02-05,INR,229633.75,BR065
ACC00523,CUST00477,Salary,Salary Account,XXXXXX7106,Active,2021-03-12,INR,217745.32,BR044
ACC00524,CUST00478,Salary,Premium Salary Account,XXXXXX7221,Active,2021-11-24,INR,92948.37,BR005
ACC00525,CUST00479,Current,Business Current Account,XXXXXX2275,Active,2025-01-01,INR,800106.97,BR066
ACC00526,CUST00479,Savings,Digital Savings Account,XXXXXX1252,Active,2026-04-04,INR,1171364.14,BR066
ACC00527,CUST00480,Salary,Salary Account,XXXXXX7063,Active,2025-11-03,INR,21370.43,BR024
ACC00528,CUST00481,Savings,Savings Max,XXXXXX5267,Active,2026-06-24,INR,35354.42,BR059
ACC00529,CUST00482,Salary,Savings Account,XXXXXX3054,Active,2025-01-03,INR,36747.6,BR045
ACC00530,CUST00483,Current,Premium Current Account,XXXXXX4448,Active,2023-02-16,INR,1213186.13,BR028
ACC00531,CUST00483,Savings,Regular Savings Account,XXXXXX2167,Active,2025-11-05,INR,1473525.85,BR028
ACC00532,CUST00484,Salary,Premium Salary Account,XXXXXX7126,Active,2023-05-14,INR,48230.75,BR021
ACC00533,CUST00485,Current,Premium Current Account,XXXXXX7503,Active,2024-02-08,INR,49281.04,BR061
ACC00534,CUST00486,Savings,Savings Max,XXXXXX1540,Active,2026-05-11,INR,115290.19,BR023
ACC00535,CUST00487,Current,Regular Current Account,XXXXXX6495,Active,2025-04-24,INR,66584.32,BR057
ACC00536,CUST00487,Savings,Digital Savings Account,XXXXXX9589,Active,2026-06-08,INR,31700.52,BR057
ACC00537,CUST00488,Savings,Digital Savings Account,XXXXXX1729,Active,2019-12-06,INR,33131.87,BR013
ACC00538,CUST00489,Current,Business Current Account,XXXXXX3287,Active,2024-08-01,INR,1050184.9,BR061
ACC00539,CUST00490,Current,Regular Current Account,XXXXXX2826,Active,2019-08-19,INR,64916.62,BR065
ACC00540,CUST00490,Savings,Millennia Savings Account,XXXXXX5729,Active,2024-09-02,INR,417147.21,BR065
ACC00541,CUST00491,Savings,Millennia Savings Account,XXXXXX1417,Active,2025-09-21,INR,24775.92,BR068
ACC00542,CUST00492,Salary,Salary Account,XXXXXX6167,Active,2024-11-27,INR,13493.6,BR059
ACC00543,CUST00493,Savings,Digital Savings Account,XXXXXX3440,Active,2022-07-14,INR,83987.78,BR013
ACC00544,CUST00494,Savings,Millennia Savings Account,XXXXXX6819,Active,2025-03-29,INR,116751.38,BR039
ACC00545,CUST00495,Salary,Salary Account,XXXXXX3149,Active,2025-07-16,INR,104886.71,BR014
ACC00546,CUST00496,Salary,Salary Account,XXXXXX8311,Active,2025-09-02,INR,139987.93,BR034
ACC00547,CUST00497,Savings,Digital Savings Account,XXXXXX7852,Active,2023-04-16,INR,73564.09,BR038
ACC00548,CUST00498,Savings,Regular Savings Account,XXXXXX8390,Active,2024-04-13,INR,551479.38,BR032
ACC00549,CUST00498,Current,Premium Current Account,XXXXXX7982,Active,2025-07-14,INR,1336590.09,BR032
ACC00550,CUST00499,Current,Premium Current Account,XXXXXX7427,Active,2023-10-03,INR,358125.77,BR034
ACC00551,CUST00499,Savings,Regular Savings Account,XXXXXX4572,Active,2026-08-11,INR,366389.23,BR034
ACC00552,CUST00500,Savings,Digital Savings Account,XXXXXX7963,Active,2021-07-19,INR,99671.24,BR051
ACC00553,CUST00501,Salary,Premium Salary Account,XXXXXX3408,Active,2023-05-10,INR,91642.92,BR060
ACC00554,CUST00502,Salary,Premium Salary Account,XXXXXX1007,Active,2020-12-14,INR,254958.45,BR020
ACC00555,CUST00503,Current,Premium Current Account,XXXXXX7261,Active,2025-04-03,INR,199505.45,BR027
ACC00556,CUST00503,Savings,Savings Max,XXXXXX5024,Active,2026-05-05,INR,853499.04,BR027
ACC00557,CUST00504,Savings,Regular Savings Account,XXXXXX1995,Active,2026-05-24,INR,46364.75,BR065
ACC00558,CUST00505,Savings,Regular Savings Account,XXXXXX4100,Active,2023-12-08,INR,357636.86,BR047
ACC00559,CUST00506,Current,Premium Current Account,XXXXXX3806,Active,2019-11-15,INR,217851.81,BR038
ACC00560,CUST00506,Savings,Digital Savings Account,XXXXXX9975,Active,2023-09-28,INR,601377.13,BR038
ACC00561,CUST00507,Current,Regular Current Account,XXXXXX2107,Active,2026-03-22,INR,66701.97,BR061
ACC00562,CUST00507,Savings,Savings Max,XXXXXX8436,Active,2026-05-05,INR,343447.65,BR061
ACC00563,CUST00508,Current,Business Current Account,XXXXXX4408,Active,2021-05-01,INR,201331.02,BR033
ACC00564,CUST00509,Salary,Savings Account,XXXXXX1759,Active,2023-02-17,INR,120361.29,BR076
ACC00565,CUST00510,Savings,Digital Savings Account,XXXXXX4938,Active,2023-11-02,INR,638574.1,BR062
ACC00566,CUST00511,Salary,Premium Salary Account,XXXXXX6933,Active,2025-06-12,INR,17018.25,BR009
ACC00567,CUST00512,Savings,Millennia Savings Account,XXXXXX7585,Active,2024-11-16,INR,389492.47,BR003
ACC00568,CUST00512,Current,Premium Current Account,XXXXXX7942,Active,2026-07-10,INR,230950.33,BR003
ACC00569,CUST00513,Savings,Millennia Savings Account,XXXXXX6874,Active,2018-05-15,INR,57396.08,BR038
ACC00570,CUST00514,Salary,Premium Salary Account,XXXXXX9436,Active,2018-08-07,INR,106100.71,BR051
ACC00571,CUST00515,Savings,Digital Savings Account,XXXXXX7692,Active,2025-05-04,INR,39363.7,BR077
ACC00572,CUST00516,Savings,Digital Savings Account,XXXXXX2353,Active,2025-09-07,INR,59824.26,BR078
ACC00573,CUST00517,Salary,Savings Account,XXXXXX6213,Active,2025-05-02,INR,159579.65,BR056
ACC00574,CUST00518,Current,Regular Current Account,XXXXXX9635,Active,2025-10-06,INR,22164.37,BR006
ACC00575,CUST00519,Salary,Salary Account,XXXXXX1010,Active,2023-08-19,INR,61620.48,BR036
ACC00576,CUST00520,Salary,Premium Salary Account,XXXXXX1523,Active,2025-01-07,INR,641834.0,BR064
ACC00577,CUST00521,Salary,Savings Account,XXXXXX8594,Active,2019-06-28,INR,24393.74,BR052
ACC00578,CUST00522,Salary,Savings Account,XXXXXX9958,Active,2026-06-17,INR,52126.92,BR029
ACC00579,CUST00523,Savings,Digital Savings Account,XXXXXX7444,Active,2022-12-12,INR,289404.52,BR047
ACC00580,CUST00524,Savings,Millennia Savings Account,XXXXXX5453,Active,2023-12-27,INR,50290.59,BR080
ACC00581,CUST00524,Current,Regular Current Account,XXXXXX7523,Active,2024-02-05,INR,459246.01,BR080
ACC00582,CUST00525,Salary,Savings Account,XXXXXX6771,Active,2024-02-09,INR,85849.8,BR028
ACC00583,CUST00526,Salary,Premium Salary Account,XXXXXX9381,Active,2021-02-18,INR,20018.86,BR077
ACC00584,CUST00527,Savings,Millennia Savings Account,XXXXXX7000,Active,2023-07-04,INR,432655.99,BR011
ACC00585,CUST00527,Current,Regular Current Account,XXXXXX1680,Active,2024-11-18,INR,633700.56,BR011
ACC00586,CUST00528,Savings,Millennia Savings Account,XXXXXX1026,Active,2025-09-11,INR,76136.67,BR013
ACC00587,CUST00529,Current,Regular Current Account,XXXXXX2800,Active,2015-11-17,INR,61390.54,BR020
ACC00588,CUST00530,Savings,Digital Savings Account,XXXXXX1590,Active,2026-04-25,INR,5000,BR068
ACC00589,CUST00531,Current,Regular Current Account,XXXXXX1272,Active,2021-04-03,INR,29854.03,BR008
ACC00590,CUST00532,Current,Business Current Account,XXXXXX7668,Active,2023-09-30,INR,953802.95,BR028
ACC00591,CUST00533,Savings,Millennia Savings Account,XXXXXX8934,Active,2026-06-17,INR,612095.4,BR077
ACC00592,CUST00534,Current,Regular Current Account,XXXXXX7504,Active,2026-07-16,INR,874438.38,BR029
ACC00593,CUST00535,Savings,Savings Max,XXXXXX5797,Active,2026-02-22,INR,370659.43,BR064
ACC00594,CUST00536,Savings,Digital Savings Account,XXXXXX8445,Active,2022-03-14,INR,71737.45,BR044
ACC00595,CUST00537,Current,Business Current Account,XXXXXX3852,Active,2023-07-25,INR,192406.59,BR008
ACC00596,CUST00538,Salary,Premium Salary Account,XXXXXX5679,Active,2018-12-03,INR,12982.48,BR079
ACC00597,CUST00539,Savings,Savings Max,XXXXXX5788,Active,2017-11-03,INR,15030.65,BR070
ACC00598,CUST00540,Savings,Regular Savings Account,XXXXXX6851,Active,2026-03-21,INR,14707.26,BR047
ACC00599,CUST00541,Savings,Digital Savings Account,XXXXXX9526,Active,2017-10-05,INR,596336.61,BR073
ACC00600,CUST00542,Savings,Regular Savings Account,XXXXXX8551,Active,2026-04-28,INR,310466.31,BR046
ACC00601,CUST00543,Savings,Millennia Savings Account,XXXXXX5144,Active,2026-02-04,INR,70298.85,BR032
ACC00602,CUST00544,Salary,Premium Salary Account,XXXXXX9060,Active,2024-05-11,INR,302069.38,BR009
ACC00603,CUST00544,Savings,Digital Savings Account,XXXXXX2421,Active,2024-10-27,INR,391520.92,BR009
ACC00604,CUST00545,Salary,Savings Account,XXXXXX1868,Active,2018-03-18,INR,185527.66,BR031
ACC00605,CUST00546,Current,Regular Current Account,XXXXXX9466,Active,2025-07-30,INR,226666.56,BR066
ACC00606,CUST00547,Current,Regular Current Account,XXXXXX4213,Active,2026-02-06,INR,1345674.34,BR031
ACC00607,CUST00548,Savings,Millennia Savings Account,XXXXXX5822,Active,2026-06-01,INR,21718.63,BR056
ACC00608,CUST00549,Savings,Savings Max,XXXXXX5486,Active,2021-06-14,INR,105680.99,BR070
ACC00609,CUST00550,Savings,Digital Savings Account,XXXXXX1174,Active,2021-10-26,INR,5000,BR045
ACC00610,CUST00551,Salary,Savings Account,XXXXXX7194,Active,2024-08-22,INR,24794.09,BR022
ACC00611,CUST00552,Salary,Premium Salary Account,XXXXXX3468,Active,2025-12-21,INR,50644.85,BR024
ACC00612,CUST00553,Salary,Savings Account,XXXXXX6896,Active,2023-08-13,INR,74870.81,BR062
ACC00613,CUST00553,Savings,Regular Savings Account,XXXXXX7175,Active,2026-07-05,INR,141974.7,BR062
ACC00614,CUST00554,Savings,Millennia Savings Account,XXXXXX5933,Active,2022-04-25,INR,20676.65,BR030
ACC00615,CUST00555,Salary,Savings Account,XXXXXX6128,Active,2026-01-28,INR,90772.86,BR042
ACC00616,CUST00556,Salary,Premium Salary Account,XXXXXX1559,Active,2023-01-10,INR,30396.38,BR077
ACC00617,CUST00557,Current,Business Current Account,XXXXXX3083,Active,2025-01-27,INR,41306.17,BR049
ACC00618,CUST00558,Savings,Millennia Savings Account,XXXXXX4843,Active,2017-11-25,INR,76665.15,BR005
ACC00619,CUST00559,Current,Premium Current Account,XXXXXX1253,Active,2019-11-18,INR,355786.8,BR071
ACC00620,CUST00560,Current,Business Current Account,XXXXXX4485,Active,2024-01-22,INR,1164719.09,BR038
ACC00621,CUST00561,Savings,Savings Max,XXXXXX4212,Active,2023-04-03,INR,46173.25,BR021
ACC00622,CUST00562,Savings,Regular Savings Account,XXXXXX5484,Active,2025-05-21,INR,424516.12,BR039
ACC00623,CUST00563,Salary,Premium Salary Account,XXXXXX7128,Active,2024-07-02,INR,347353.81,BR062
ACC00624,CUST00564,Salary,Savings Account,XXXXXX8980,Active,2025-06-13,INR,40445.71,BR016
ACC00625,CUST00565,Current,Regular Current Account,XXXXXX6726,Active,2026-02-18,INR,446229.68,BR056
ACC00626,CUST00566,Savings,Digital Savings Account,XXXXXX8674,Active,2023-12-07,INR,5000,BR030
ACC00627,CUST00567,Savings,Millennia Savings Account,XXXXXX3272,Active,2022-05-27,INR,89665.13,BR070
ACC00628,CUST00568,Salary,Savings Account,XXXXXX5182,Active,2026-04-06,INR,95762.91,BR027
ACC00629,CUST00569,Salary,Savings Account,XXXXXX8510,Active,2023-12-21,INR,66378.64,BR074
ACC00630,CUST00570,Current,Premium Current Account,XXXXXX7962,Active,2026-04-08,INR,163219.59,BR027
ACC00631,CUST00571,Salary,Salary Account,XXXXXX7840,Active,2020-06-06,INR,360784.02,BR061
ACC00632,CUST00572,Current,Premium Current Account,XXXXXX4084,Active,2025-09-13,INR,428174.86,BR005
ACC00633,CUST00572,Savings,Digital Savings Account,XXXXXX8281,Active,2025-10-25,INR,509008.19,BR005
ACC00634,CUST00573,Salary,Salary Account,XXXXXX2367,Active,2021-12-04,INR,34409.95,BR058
ACC00635,CUST00574,Current,Regular Current Account,XXXXXX3357,Active,2025-12-14,INR,49943.83,BR015
ACC00636,CUST00575,Salary,Premium Salary Account,XXXXXX6247,Active,2019-08-04,INR,33229.04,BR016
ACC00637,CUST00576,Savings,Savings Max,XXXXXX9979,Active,2023-11-29,INR,241896.78,BR015
ACC00638,CUST00577,Savings,Millennia Savings Account,XXXXXX3950,Active,2024-03-28,INR,589952.96,BR010
ACC00639,CUST00578,Salary,Premium Salary Account,XXXXXX9438,Active,2025-09-03,INR,57256.95,BR066
ACC00640,CUST00579,Savings,Digital Savings Account,XXXXXX7502,Active,2021-12-31,INR,99492.67,BR042
ACC00641,CUST00580,Savings,Millennia Savings Account,XXXXXX5638,Active,2021-10-31,INR,355325.67,BR041
ACC00642,CUST00581,Current,Regular Current Account,XXXXXX3249,Active,2022-10-30,INR,220840.7,BR023
ACC00643,CUST00582,Savings,Digital Savings Account,XXXXXX3021,Active,2026-04-01,INR,37183.61,BR071
ACC00644,CUST00583,Savings,Digital Savings Account,XXXXXX3798,Active,2019-01-08,INR,510724.48,BR055
ACC00645,CUST00584,Salary,Premium Salary Account,XXXXXX4838,Active,2022-05-27,INR,376586.41,BR027
ACC00646,CUST00585,Current,Premium Current Account,XXXXXX9933,Active,2022-11-14,INR,1560897.15,BR011
ACC00647,CUST00585,Savings,Savings Max,XXXXXX9712,Active,2024-02-27,INR,1022634.22,BR011
ACC00648,CUST00586,Current,Business Current Account,XXXXXX9822,Active,2025-07-07,INR,228714.33,BR052
ACC00649,CUST00587,Current,Regular Current Account,XXXXXX3603,Active,2025-12-14,INR,2964490.16,BR045
ACC00650,CUST00588,Savings,Regular Savings Account,XXXXXX3376,Active,2025-03-11,INR,237454.53,BR038
ACC00651,CUST00588,Current,Premium Current Account,XXXXXX9126,Active,2026-03-28,INR,446545.32,BR038
ACC00652,CUST00589,Savings,Millennia Savings Account,XXXXXX8498,Active,2022-09-18,INR,57177.43,BR010
ACC00653,CUST00590,Savings,Millennia Savings Account,XXXXXX1670,Active,2022-06-09,INR,85467.85,BR048
ACC00654,CUST00591,Current,Regular Current Account,XXXXXX4030,Active,2024-12-10,INR,785593.86,BR033
ACC00655,CUST00591,Savings,Savings Max,XXXXXX8889,Active,2025-07-30,INR,483861.23,BR033
ACC00656,CUST00592,Salary,Salary Account,XXXXXX6752,Active,2021-08-09,INR,532205.91,BR032
ACC00657,CUST00593,Salary,Savings Account,XXXXXX4166,Active,2020-11-18,INR,73174.55,BR071
ACC00658,CUST00594,Savings,Millennia Savings Account,XXXXXX7322,Active,2026-02-26,INR,138240.76,BR007
ACC00659,CUST00595,Savings,Savings Max,XXXXXX1498,Active,2020-10-10,INR,63677.57,BR079
ACC00660,CUST00596,Savings,Digital Savings Account,XXXXXX6050,Active,2021-08-20,INR,41952.44,BR064
ACC00661,CUST00597,Savings,Digital Savings Account,XXXXXX6870,Active,2025-12-14,INR,44320.63,BR039
ACC00662,CUST00598,Salary,Salary Account,XXXXXX1460,Active,2020-11-22,INR,77707.07,BR009
ACC00663,CUST00599,Savings,Savings Max,XXXXXX1020,Active,2021-09-24,INR,117883.08,BR044
ACC00664,CUST00600,Salary,Salary Account,XXXXXX1343,Active,2025-07-11,INR,121623.38,BR046
ACC00665,CUST00601,Salary,Salary Account,XXXXXX1238,Active,2026-07-03,INR,8024.78,BR013
ACC00666,CUST00602,Savings,Digital Savings Account,XXXXXX6126,Active,2026-03-29,INR,5000,BR076
ACC00667,CUST00603,Savings,Digital Savings Account,XXXXXX3733,Active,2022-07-11,INR,312105.28,BR007
ACC00668,CUST00603,Current,Premium Current Account,XXXXXX4850,Active,2025-10-02,INR,1874755.94,BR007
ACC00669,CUST00604,Savings,Millennia Savings Account,XXXXXX6143,Active,2026-05-06,INR,197282.53,BR019
ACC00670,CUST00605,Savings,Regular Savings Account,XXXXXX1826,Active,2022-02-17,INR,199054.76,BR051
ACC00671,CUST00605,Current,Business Current Account,XXXXXX2413,Active,2022-10-26,INR,259420.37,BR051
ACC00672,CUST00606,Savings,Regular Savings Account,XXXXXX4699,Active,2022-02-14,INR,27532.95,BR034
ACC00673,CUST00607,Savings,Regular Savings Account,XXXXXX5926,Active,2024-10-06,INR,396190.83,BR077
ACC00674,CUST00607,Current,Business Current Account,XXXXXX7360,Active,2024-10-16,INR,580883.16,BR077
ACC00675,CUST00608,Savings,Savings Max,XXXXXX9662,Active,2024-07-30,INR,24108.26,BR027
ACC00676,CUST00609,Current,Regular Current Account,XXXXXX4078,Active,2020-12-02,INR,33904.67,BR016
ACC00677,CUST00609,Savings,Regular Savings Account,XXXXXX2457,Active,2025-04-01,INR,309859.94,BR016
ACC00678,CUST00610,Savings,Regular Savings Account,XXXXXX9061,Active,2022-03-20,INR,52036.67,BR066
ACC00679,CUST00611,Current,Business Current Account,XXXXXX2936,Active,2023-02-18,INR,649968.55,BR060
ACC00680,CUST00612,Salary,Premium Salary Account,XXXXXX6888,Active,2017-10-16,INR,190217.46,BR053
ACC00681,CUST00613,Salary,Savings Account,XXXXXX1522,Active,2026-03-14,INR,20246.78,BR036
ACC00682,CUST00614,Current,Premium Current Account,XXXXXX7178,Active,2023-02-13,INR,96319.44,BR021
ACC00683,CUST00614,Savings,Savings Max,XXXXXX7922,Active,2025-03-19,INR,353833.78,BR021
ACC00684,CUST00615,Savings,Millennia Savings Account,XXXXXX4126,Active,2020-08-20,INR,298076.04,BR025
ACC00685,CUST00616,Savings,Digital Savings Account,XXXXXX1401,Active,2022-11-01,INR,208641.21,BR025
ACC00686,CUST00617,Salary,Savings Account,XXXXXX7406,Active,2023-07-09,INR,285879.18,BR019
ACC00687,CUST00617,Savings,Savings Max,XXXXXX3197,Active,2026-08-13,INR,333289.3,BR019
ACC00688,CUST00618,Savings,Regular Savings Account,XXXXXX2398,Active,2024-11-16,INR,516846.03,BR008
ACC00689,CUST00618,Current,Regular Current Account,XXXXXX3446,Active,2025-07-16,INR,412930.11,BR008
ACC00690,CUST00619,Current,Premium Current Account,XXXXXX3318,Active,2025-03-25,INR,42287.4,BR031
ACC00691,CUST00620,Current,Regular Current Account,XXXXXX1057,Active,2021-07-16,INR,227607.63,BR068
ACC00692,CUST00621,Savings,Millennia Savings Account,XXXXXX1841,Active,2023-04-06,INR,114955.51,BR013
ACC00693,CUST00622,Savings,Digital Savings Account,XXXXXX9881,Active,2018-02-07,INR,34592.79,BR071
ACC00694,CUST00623,Savings,Regular Savings Account,XXXXXX6178,Active,2026-06-10,INR,15674.14,BR061
ACC00695,CUST00624,Savings,Regular Savings Account,XXXXXX4587,Active,2022-10-03,INR,35626.71,BR021
ACC00696,CUST00625,Savings,Regular Savings Account,XXXXXX9551,Active,2017-07-31,INR,194241.94,BR001
ACC00697,CUST00626,Savings,Digital Savings Account,XXXXXX9209,Active,2023-04-18,INR,243657.22,BR069
ACC00698,CUST00626,Current,Premium Current Account,XXXXXX8980,Active,2026-02-06,INR,392350.46,BR069
ACC00699,CUST00627,Savings,Regular Savings Account,XXXXXX9172,Active,2025-10-19,INR,131356.01,BR069
ACC00700,CUST00628,Current,Business Current Account,XXXXXX9917,Active,2021-06-16,INR,919078.14,BR055
ACC00701,CUST00628,Savings,Regular Savings Account,XXXXXX3710,Active,2025-08-04,INR,811191.9,BR055
ACC00702,CUST00629,Salary,Salary Account,XXXXXX8483,Active,2026-05-09,INR,341553.93,BR042
ACC00703,CUST00630,Savings,Savings Max,XXXXXX8120,Active,2017-01-24,INR,5000,BR074
ACC00704,CUST00631,Savings,Millennia Savings Account,XXXXXX1279,Active,2025-07-16,INR,196982.42,BR036
ACC00705,CUST00632,Savings,Regular Savings Account,XXXXXX7024,Active,2020-08-09,INR,723219.65,BR080
ACC00706,CUST00633,Salary,Salary Account,XXXXXX3649,Active,2019-12-11,INR,44724.67,BR025
ACC00707,CUST00634,Savings,Millennia Savings Account,XXXXXX7561,Active,2025-06-25,INR,142239.01,BR068
ACC00708,CUST00635,Savings,Regular Savings Account,XXXXXX3676,Active,2025-03-26,INR,10940.42,BR003
ACC00709,CUST00636,Savings,Savings Max,XXXXXX4838,Active,2026-06-11,INR,6571.81,BR005
ACC00710,CUST00637,Savings,Millennia Savings Account,XXXXXX4503,Active,2024-10-30,INR,20521.73,BR070
ACC00711,CUST00638,Current,Business Current Account,XXXXXX3902,Active,2019-05-07,INR,185342.63,BR053
ACC00712,CUST00639,Salary,Savings Account,XXXXXX4298,Active,2023-06-06,INR,169489.85,BR054
ACC00713,CUST00640,Savings,Millennia Savings Account,XXXXXX6685,Active,2018-05-28,INR,19496.02,BR025
ACC00714,CUST00641,Savings,Millennia Savings Account,XXXXXX1292,Active,2024-02-09,INR,78543.37,BR051
ACC00715,CUST00642,Current,Premium Current Account,XXXXXX3631,Active,2026-01-17,INR,481206.01,BR028
ACC00716,CUST00642,Savings,Regular Savings Account,XXXXXX4269,Active,2026-05-13,INR,814142.23,BR028
ACC00717,CUST00643,Savings,Regular Savings Account,XXXXXX8049,Active,2026-05-16,INR,157755.5,BR058
ACC00718,CUST00644,Current,Business Current Account,XXXXXX1410,Active,2023-03-01,INR,267824.19,BR037
ACC00719,CUST00645,Savings,Digital Savings Account,XXXXXX2782,Active,2025-06-25,INR,336740.72,BR059
ACC00720,CUST00646,Current,Regular Current Account,XXXXXX5996,Active,2026-02-28,INR,67225.27,BR056
ACC00721,CUST00647,Current,Regular Current Account,XXXXXX5327,Active,2026-05-27,INR,136908.72,BR067
ACC00722,CUST00648,Current,Regular Current Account,XXXXXX6196,Active,2025-06-05,INR,85743.96,BR049
ACC00723,CUST00649,Savings,Regular Savings Account,XXXXXX7566,Active,2025-05-06,INR,46860.6,BR006
ACC00724,CUST00650,Salary,Premium Salary Account,XXXXXX2833,Active,2021-09-09,INR,60012.37,BR049
ACC00725,CUST00650,Savings,Millennia Savings Account,XXXXXX8426,Active,2025-09-13,INR,121814.9,BR049
ACC00726,CUST00651,Savings,Savings Max,XXXXXX2791,Active,2025-10-18,INR,169336.37,BR077
ACC00727,CUST00651,Current,Premium Current Account,XXXXXX7048,Active,2025-11-01,INR,293707.76,BR077
ACC00728,CUST00652,Current,Business Current Account,XXXXXX9811,Active,2023-11-13,INR,888890.79,BR069
ACC00729,CUST00653,Current,Premium Current Account,XXXXXX8194,Active,2025-06-29,INR,332484.41,BR031
ACC00730,CUST00654,Salary,Salary Account,XXXXXX5098,Active,2026-02-21,INR,66964.58,BR013
ACC00731,CUST00655,Savings,Regular Savings Account,XXXXXX9089,Active,2025-11-29,INR,183470.61,BR024
ACC00732,CUST00656,Salary,Salary Account,XXXXXX5366,Active,2026-02-02,INR,55173.35,BR058
ACC00733,CUST00657,Salary,Premium Salary Account,XXXXXX6685,Active,2024-01-23,INR,66247.6,BR012
ACC00734,CUST00658,Salary,Savings Account,XXXXXX6196,Active,2021-01-04,INR,42425.9,BR080
ACC00735,CUST00659,Savings,Savings Max,XXXXXX3782,Active,2025-05-16,INR,81395.96,BR079
ACC00736,CUST00660,Savings,Regular Savings Account,XXXXXX4835,Active,2023-12-24,INR,32667.45,BR049
ACC00737,CUST00661,Savings,Regular Savings Account,XXXXXX1821,Active,2022-08-03,INR,204067.26,BR024
ACC00738,CUST00662,Current,Business Current Account,XXXXXX2348,Active,2025-11-26,INR,47583.05,BR068
ACC00739,CUST00663,Current,Business Current Account,XXXXXX7583,Active,2022-11-19,INR,54981.21,BR052
ACC00740,CUST00664,Current,Regular Current Account,XXXXXX9797,Active,2017-03-01,INR,301142.37,BR048
ACC00741,CUST00665,Savings,Regular Savings Account,XXXXXX1156,Active,2023-09-08,INR,5000,BR007
ACC00742,CUST00666,Savings,Regular Savings Account,XXXXXX5590,Active,2019-05-02,INR,48986.58,BR068
ACC00743,CUST00667,Salary,Premium Salary Account,XXXXXX2193,Active,2018-03-13,INR,263685.79,BR017
ACC00744,CUST00668,Savings,Savings Max,XXXXXX7741,Active,2025-08-03,INR,56034.54,BR039
ACC00745,CUST00669,Savings,Savings Max,XXXXXX9948,Active,2026-04-28,INR,81260.62,BR055
ACC00746,CUST00670,Salary,Premium Salary Account,XXXXXX2981,Active,2016-12-28,INR,546891.16,BR055
ACC00747,CUST00671,Savings,Millennia Savings Account,XXXXXX2969,Active,2025-07-22,INR,54883.86,BR047
ACC00748,CUST00672,Savings,Digital Savings Account,XXXXXX2111,Active,2025-06-10,INR,942232.91,BR032
ACC00749,CUST00673,Salary,Salary Account,XXXXXX4049,Active,2026-03-21,INR,44237.23,BR042
ACC00750,CUST00674,Current,Regular Current Account,XXXXXX4323,Active,2025-10-26,INR,384837.08,BR004
ACC00751,CUST00675,Savings,Digital Savings Account,XXXXXX2812,Active,2020-07-19,INR,5000,BR054
ACC00752,CUST00676,Savings,Digital Savings Account,XXXXXX1887,Active,2025-08-17,INR,404729.58,BR009
ACC00753,CUST00676,Current,Regular Current Account,XXXXXX8266,Active,2026-04-21,INR,1110117.41,BR009
ACC00754,CUST00677,Current,Regular Current Account,XXXXXX6447,Active,2025-11-24,INR,30896.61,BR007
ACC00755,CUST00678,Salary,Salary Account,XXXXXX5584,Active,2025-01-12,INR,139575.97,BR006
ACC00756,CUST00679,Savings,Savings Max,XXXXXX1568,Active,2025-09-19,INR,331499.67,BR004
ACC00757,CUST00680,Savings,Savings Max,XXXXXX6328,Active,2024-05-24,INR,121514.82,BR059
ACC00758,CUST00681,Current,Premium Current Account,XXXXXX2315,Active,2025-12-12,INR,38415.72,BR005
ACC00759,CUST00682,Savings,Digital Savings Account,XXXXXX9752,Active,2024-03-18,INR,135889.35,BR042
ACC00760,CUST00683,Savings,Regular Savings Account,XXXXXX3469,Active,2020-04-10,INR,33954.98,BR003
ACC00761,CUST00684,Current,Business Current Account,XXXXXX1302,Active,2026-02-23,INR,216302.14,BR079
ACC00762,CUST00685,Savings,Regular Savings Account,XXXXXX7747,Active,2026-02-26,INR,174404.11,BR001
ACC00763,CUST00686,Savings,Savings Max,XXXXXX4271,Active,2026-03-31,INR,228303.07,BR018
ACC00764,CUST00687,Savings,Savings Max,XXXXXX8719,Active,2025-05-11,INR,57887.14,BR058
ACC00765,CUST00688,Savings,Millennia Savings Account,XXXXXX4908,Active,2026-06-21,INR,87454.55,BR026
ACC00766,CUST00689,Current,Business Current Account,XXXXXX3321,Active,2019-08-15,INR,9294.17,BR056
ACC00767,CUST00690,Current,Regular Current Account,XXXXXX5916,Active,2018-08-20,INR,195510.98,BR016
ACC00768,CUST00690,Savings,Millennia Savings Account,XXXXXX9211,Active,2022-05-09,INR,300424.04,BR016
ACC00769,CUST00691,Salary,Salary Account,XXXXXX3053,Active,2024-08-05,INR,74290.44,BR064
ACC00770,CUST00692,Current,Regular Current Account,XXXXXX9418,Active,2026-03-19,INR,412282.97,BR023
ACC00771,CUST00692,Savings,Regular Savings Account,XXXXXX6078,Active,2026-07-03,INR,741117.88,BR023
ACC00772,CUST00693,Savings,Savings Max,XXXXXX7441,Active,2018-09-23,INR,64957.19,BR008
ACC00773,CUST00694,Savings,Regular Savings Account,XXXXXX5521,Active,2026-01-07,INR,98132.75,BR038
ACC00774,CUST00695,Savings,Savings Max,XXXXXX2070,Active,2025-11-23,INR,96204.19,BR054
ACC00775,CUST00696,Savings,Digital Savings Account,XXXXXX4949,Active,2024-07-04,INR,121598.37,BR051
ACC00776,CUST00697,Salary,Salary Account,XXXXXX3969,Active,2026-02-11,INR,141482.65,BR043
ACC00777,CUST00698,Current,Business Current Account,XXXXXX3756,Active,2025-03-31,INR,731160.79,BR021
ACC00778,CUST00698,Savings,Millennia Savings Account,XXXXXX4521,Active,2025-08-07,INR,820701.84,BR021
ACC00779,CUST00699,Savings,Savings Max,XXXXXX5285,Active,2023-05-20,INR,7078.03,BR055
ACC00780,CUST00700,Salary,Premium Salary Account,XXXXXX5367,Active,2025-12-26,INR,944056.09,BR003
ACC00781,CUST00701,Salary,Premium Salary Account,XXXXXX9396,Active,2025-01-31,INR,86230.09,BR017
ACC00782,CUST00702,Salary,Savings Account,XXXXXX7484,Active,2024-01-23,INR,103845.58,BR032
ACC00783,CUST00703,Savings,Millennia Savings Account,XXXXXX8447,Active,2020-01-05,INR,274052.2,BR049
ACC00784,CUST00704,Salary,Savings Account,XXXXXX2248,Active,2024-08-29,INR,118323.87,BR007
ACC00785,CUST00705,Current,Premium Current Account,XXXXXX7743,Active,2023-03-18,INR,122929.15,BR040
ACC00786,CUST00706,Salary,Savings Account,XXXXXX3025,Active,2023-03-06,INR,191076.53,BR054
ACC00787,CUST00707,Current,Business Current Account,XXXXXX6162,Active,2018-09-04,INR,138473.77,BR079
ACC00788,CUST00708,Current,Premium Current Account,XXXXXX3623,Active,2024-01-25,INR,37044.87,BR017
ACC00789,CUST00708,Savings,Savings Max,XXXXXX8046,Active,2024-12-05,INR,370526.94,BR017
ACC00790,CUST00709,Savings,Regular Savings Account,XXXXXX4139,Active,2026-02-16,INR,8411.68,BR076
ACC00791,CUST00710,Salary,Salary Account,XXXXXX8739,Active,2018-11-19,INR,115130.34,BR048
ACC00792,CUST00711,Savings,Millennia Savings Account,XXXXXX4766,Active,2025-06-28,INR,288058.91,BR022
ACC00793,CUST00712,Savings,Digital Savings Account,XXXXXX7500,Active,2025-03-18,INR,137667.74,BR042
ACC00794,CUST00713,Savings,Millennia Savings Account,XXXXXX9034,Active,2026-03-15,INR,92828.08,BR047
ACC00795,CUST00714,Savings,Millennia Savings Account,XXXXXX5894,Active,2017-11-17,INR,150277.02,BR068
ACC00796,CUST00715,Savings,Savings Max,XXXXXX6424,Active,2020-08-16,INR,51811.7,BR029
ACC00797,CUST00715,Current,Business Current Account,XXXXXX2800,Active,2024-05-15,INR,215260.35,BR029
ACC00798,CUST00716,Savings,Digital Savings Account,XXXXXX1018,Active,2023-12-11,INR,30690.35,BR015
ACC00799,CUST00717,Current,Premium Current Account,XXXXXX1284,Active,2025-11-10,INR,810646.86,BR008
ACC00800,CUST00718,Savings,Savings Max,XXXXXX6085,Active,2026-04-21,INR,233043.44,BR003
ACC00801,CUST00718,Current,Regular Current Account,XXXXXX5487,Active,2026-06-03,INR,242246.73,BR003
ACC00802,CUST00719,Savings,Savings Max,XXXXXX7358,Active,2023-03-24,INR,5000,BR029
ACC00803,CUST00720,Current,Regular Current Account,XXXXXX7445,Active,2023-01-05,INR,594142.38,BR002
ACC00804,CUST00720,Savings,Millennia Savings Account,XXXXXX5728,Active,2025-04-11,INR,142326.54,BR002
ACC00805,CUST00721,Savings,Millennia Savings Account,XXXXXX8572,Active,2026-02-14,INR,167355.16,BR046
ACC00806,CUST00722,Salary,Savings Account,XXXXXX5360,Active,2026-02-06,INR,78072.8,BR050
ACC00807,CUST00723,Salary,Salary Account,XXXXXX4700,Active,2022-06-04,INR,100771.01,BR038
ACC00808,CUST00724,Savings,Millennia Savings Account,XXXXXX2548,Active,2025-09-25,INR,38527.56,BR028
ACC00809,CUST00725,Savings,Digital Savings Account,XXXXXX5632,Active,2021-06-11,INR,527391.81,BR070
ACC00810,CUST00726,Savings,Regular Savings Account,XXXXXX8001,Active,2026-06-19,INR,5000,BR057
ACC00811,CUST00727,Savings,Savings Max,XXXXXX7418,Active,2026-02-15,INR,261427.71,BR067
ACC00812,CUST00728,Savings,Millennia Savings Account,XXXXXX7693,Active,2026-04-09,INR,253130.44,BR043
ACC00813,CUST00729,Salary,Savings Account,XXXXXX7888,Active,2022-10-31,INR,127185.54,BR025
ACC00814,CUST00730,Savings,Savings Max,XXXXXX6370,Active,2018-02-12,INR,5000,BR007
ACC00815,CUST00731,Salary,Salary Account,XXXXXX1041,Active,2024-07-04,INR,66734.22,BR013
ACC00816,CUST00732,Savings,Millennia Savings Account,XXXXXX9837,Active,2026-01-11,INR,392620.58,BR057
ACC00817,CUST00732,Current,Premium Current Account,XXXXXX2573,Active,2026-04-25,INR,1075226.92,BR057
ACC00818,CUST00733,Savings,Regular Savings Account,XXXXXX3458,Active,2026-07-13,INR,62436.05,BR013
ACC00819,CUST00734,Savings,Digital Savings Account,XXXXXX4042,Active,2026-06-17,INR,94770.39,BR075
ACC00820,CUST00735,Salary,Premium Salary Account,XXXXXX2946,Active,2026-03-09,INR,195639.28,BR006
ACC00821,CUST00736,Salary,Salary Account,XXXXXX2407,Active,2023-10-29,INR,31532.52,BR025
ACC00822,CUST00737,Salary,Savings Account,XXXXXX5181,Active,2020-02-09,INR,170626.81,BR024
ACC00823,CUST00738,Savings,Savings Max,XXXXXX2075,Active,2025-06-15,INR,27848.38,BR057
ACC00824,CUST00739,Savings,Regular Savings Account,XXXXXX3207,Active,2024-03-23,INR,5000,BR023
ACC00825,CUST00740,Savings,Regular Savings Account,XXXXXX2939,Active,2015-04-09,INR,68304.38,BR022
ACC00826,CUST00741,Current,Premium Current Account,XXXXXX1224,Active,2023-12-09,INR,58105.79,BR007
ACC00827,CUST00741,Savings,Digital Savings Account,XXXXXX9480,Active,2026-08-16,INR,646562.83,BR007
ACC00828,CUST00742,Savings,Millennia Savings Account,XXXXXX8895,Active,2026-01-29,INR,27653.53,BR023
ACC00829,CUST00743,Current,Premium Current Account,XXXXXX1303,Active,2019-12-11,INR,63866.24,BR002
ACC00830,CUST00744,Savings,Regular Savings Account,XXXXXX1478,Active,2023-09-20,INR,44593.68,BR008
ACC00831,CUST00745,Savings,Regular Savings Account,XXXXXX3856,Active,2022-12-20,INR,111784.77,BR068
ACC00832,CUST00746,Savings,Millennia Savings Account,XXXXXX1161,Active,2019-02-23,INR,32805.1,BR051
ACC00833,CUST00747,Salary,Premium Salary Account,XXXXXX5970,Active,2025-09-24,INR,45738.6,BR078
ACC00834,CUST00748,Salary,Salary Account,XXXXXX2767,Active,2026-01-31,INR,41253.28,BR069
ACC00835,CUST00749,Current,Regular Current Account,XXXXXX4645,Active,2017-09-22,INR,98263.15,BR032
ACC00836,CUST00750,Salary,Premium Salary Account,XXXXXX6579,Active,2022-10-10,INR,400833.02,BR043
ACC00837,CUST00750,Savings,Digital Savings Account,XXXXXX2726,Active,2024-05-29,INR,330162.47,BR043
ACC00838,CUST00751,Salary,Savings Account,XXXXXX1494,Active,2021-12-11,INR,85271.74,BR080
ACC00839,CUST00751,Savings,Digital Savings Account,XXXXXX6943,Active,2023-05-31,INR,277558.25,BR080
ACC00840,CUST00752,Current,Premium Current Account,XXXXXX1550,Active,2026-07-13,INR,238212.96,BR037
ACC00841,CUST00753,Savings,Savings Max,XXXXXX4350,Active,2026-07-04,INR,5000,BR046
ACC00842,CUST00754,Savings,Millennia Savings Account,XXXXXX7327,Active,2020-02-04,INR,146801.5,BR015
ACC00843,CUST00755,Salary,Salary Account,XXXXXX7069,Active,2023-07-26,INR,51455.92,BR057
ACC00844,CUST00756,Current,Business Current Account,XXXXXX2148,Active,2025-11-13,INR,15877.24,BR028
ACC00845,CUST00757,Current,Regular Current Account,XXXXXX9542,Active,2023-03-18,INR,60215.73,BR046
ACC00846,CUST00758,Salary,Savings Account,XXXXXX4201,Active,2024-10-01,INR,111595.42,BR061
ACC00847,CUST00759,Savings,Digital Savings Account,XXXXXX7892,Active,2026-05-15,INR,531633.79,BR024
ACC00848,CUST00760,Salary,Premium Salary Account,XXXXXX2306,Active,2025-07-11,INR,161379.94,BR078
ACC00849,CUST00761,Salary,Savings Account,XXXXXX9766,Active,2025-12-24,INR,942169.39,BR062
ACC00850,CUST00762,Salary,Salary Account,XXXXXX2016,Active,2019-06-16,INR,83097.04,BR066
ACC00851,CUST00763,Savings,Regular Savings Account,XXXXXX6892,Active,2025-12-09,INR,390409.4,BR003
ACC00852,CUST00763,Current,Premium Current Account,XXXXXX8288,Active,2026-01-11,INR,530258.72,BR003
ACC00853,CUST00764,Savings,Regular Savings Account,XXXXXX8330,Active,2024-03-12,INR,189523.35,BR010
ACC00854,CUST00764,Current,Regular Current Account,XXXXXX9694,Active,2025-09-13,INR,566148.01,BR010
ACC00855,CUST00765,Savings,Regular Savings Account,XXXXXX4081,Active,2020-01-29,INR,118470.68,BR074
ACC00856,CUST00766,Current,Premium Current Account,XXXXXX7338,Active,2025-07-21,INR,41710.79,BR016
ACC00857,CUST00767,Savings,Millennia Savings Account,XXXXXX1376,Active,2022-02-12,INR,306525.27,BR039
ACC00858,CUST00768,Salary,Premium Salary Account,XXXXXX8791,Active,2021-02-09,INR,94810.54,BR024
ACC00859,CUST00769,Current,Regular Current Account,XXXXXX2593,Active,2022-02-21,INR,553728.81,BR072
ACC00860,CUST00770,Salary,Salary Account,XXXXXX5191,Active,2024-04-05,INR,17420.84,BR034
ACC00861,CUST00771,Savings,Regular Savings Account,XXXXXX9829,Active,2021-01-07,INR,168601.66,BR013
ACC00862,CUST00771,Current,Business Current Account,XXXXXX2494,Active,2021-03-17,INR,431498.17,BR013
ACC00863,CUST00772,Savings,Regular Savings Account,XXXXXX2156,Active,2026-05-27,INR,163891.29,BR006
ACC00864,CUST00773,Savings,Digital Savings Account,XXXXXX7974,Active,2018-08-29,INR,329810.94,BR061
ACC00865,CUST00774,Savings,Regular Savings Account,XXXXXX5707,Active,2020-03-28,INR,165872.41,BR032
ACC00866,CUST00774,Current,Premium Current Account,XXXXXX6875,Active,2022-05-18,INR,976061.1,BR032
ACC00867,CUST00775,Salary,Salary Account,XXXXXX9229,Active,2026-03-23,INR,70183.89,BR019
ACC00868,CUST00776,Savings,Savings Max,XXXXXX8297,Active,2019-11-24,INR,170787.55,BR024
ACC00869,CUST00777,Salary,Savings Account,XXXXXX7173,Active,2022-05-06,INR,153477.29,BR059
ACC00870,CUST00778,Current,Business Current Account,XXXXXX2812,Active,2021-02-22,INR,305983.33,BR017
ACC00871,CUST00778,Savings,Millennia Savings Account,XXXXXX8338,Active,2022-06-25,INR,196543.36,BR017
ACC00872,CUST00779,Savings,Millennia Savings Account,XXXXXX2909,Active,2025-12-07,INR,28398.68,BR061
ACC00873,CUST00780,Salary,Salary Account,XXXXXX1000,Active,2025-12-09,INR,34804.32,BR050
ACC00874,CUST00781,Current,Premium Current Account,XXXXXX6929,Active,2025-10-21,INR,82987.71,BR079
ACC00875,CUST00782,Current,Business Current Account,XXXXXX4115,Active,2022-12-21,INR,5000,BR050
ACC00876,CUST00783,Savings,Digital Savings Account,XXXXXX6373,Active,2025-09-15,INR,107074.28,BR039
ACC00877,CUST00784,Current,Premium Current Account,XXXXXX3762,Active,2026-06-30,INR,69442.07,BR055
ACC00878,CUST00785,Savings,Digital Savings Account,XXXXXX4773,Active,2021-11-10,INR,321246.74,BR015
ACC00879,CUST00786,Savings,Regular Savings Account,XXXXXX1668,Active,2026-07-07,INR,412650.39,BR034
ACC00880,CUST00786,Current,Business Current Account,XXXXXX8394,Active,2026-07-22,INR,190521.44,BR034
ACC00881,CUST00787,Salary,Salary Account,XXXXXX8176,Active,2023-01-22,INR,158836.29,BR038
ACC00882,CUST00788,Salary,Premium Salary Account,XXXXXX1048,Active,2025-11-02,INR,273489.86,BR023
ACC00883,CUST00789,Salary,Salary Account,XXXXXX2022,Active,2024-11-18,INR,30529.94,BR056
ACC00884,CUST00790,Salary,Premium Salary Account,XXXXXX8148,Active,2026-06-02,INR,76992.4,BR076
ACC00885,CUST00791,Salary,Premium Salary Account,XXXXXX8050,Active,2016-04-24,INR,213168.16,BR025
ACC00886,CUST00792,Current,Premium Current Account,XXXXXX2315,Active,2020-05-23,INR,20901.11,BR056
ACC00887,CUST00793,Savings,Regular Savings Account,XXXXXX3620,Active,2024-05-21,INR,93721.06,BR023
ACC00888,CUST00794,Savings,Digital Savings Account,XXXXXX1101,Active,2025-07-30,INR,62038.89,BR009
ACC00889,CUST00795,Salary,Salary Account,XXXXXX4320,Active,2019-07-05,INR,71678.19,BR065
ACC00890,CUST00796,Current,Regular Current Account,XXXXXX2254,Active,2023-06-17,INR,299251.83,BR042
ACC00891,CUST00796,Savings,Regular Savings Account,XXXXXX9999,Active,2024-09-01,INR,407313.2,BR042
ACC00892,CUST00797,Savings,Regular Savings Account,XXXXXX9109,Active,2025-11-03,INR,422065.98,BR051
ACC00893,CUST00798,Salary,Premium Salary Account,XXXXXX7189,Active,2026-03-12,INR,193911.76,BR075
ACC00894,CUST00799,Savings,Regular Savings Account,XXXXXX9310,Active,2025-10-27,INR,13090.44,BR008
ACC00895,CUST00800,Salary,Premium Salary Account,XXXXXX9299,Active,2025-06-09,INR,14112.72,BR054
ACC00896,CUST00801,Savings,Millennia Savings Account,XXXXXX1757,Active,2021-12-02,INR,32029.89,BR057
ACC00897,CUST00802,Savings,Millennia Savings Account,XXXXXX4226,Active,2024-07-10,INR,131406.96,BR038
ACC00898,CUST00803,Savings,Millennia Savings Account,XXXXXX1331,Active,2024-04-06,INR,341032.85,BR055
ACC00899,CUST00804,Salary,Savings Account,XXXXXX9084,Active,2025-06-24,INR,135126.81,BR030
ACC00900,CUST00805,Savings,Digital Savings Account,XXXXXX1188,Active,2026-04-08,INR,119407.19,BR064
ACC00901,CUST00806,Savings,Millennia Savings Account,XXXXXX6204,Active,2018-06-12,INR,116734.54,BR068
ACC00902,CUST00807,Salary,Savings Account,XXXXXX1029,Active,2021-02-09,INR,64657.54,BR074
ACC00903,CUST00808,Savings,Regular Savings Account,XXXXXX2382,Active,2018-01-10,INR,810873.16,BR072
ACC00904,CUST00809,Savings,Regular Savings Account,XXXXXX6700,Active,2021-08-04,INR,297764.42,BR014
ACC00905,CUST00810,Current,Regular Current Account,XXXXXX6646,Active,2026-06-10,INR,5000,BR044
ACC00906,CUST00811,Salary,Salary Account,XXXXXX2064,Active,2026-04-26,INR,224471.73,BR066
ACC00907,CUST00812,Salary,Premium Salary Account,XXXXXX6973,Active,2023-10-23,INR,53453.31,BR010
ACC00908,CUST00813,Salary,Premium Salary Account,XXXXXX5815,Active,2026-06-18,INR,303212.78,BR065
ACC00909,CUST00814,Current,Business Current Account,XXXXXX7979,Active,2025-07-30,INR,558513.2,BR041
ACC00910,CUST00815,Savings,Digital Savings Account,XXXXXX1223,Active,2025-11-06,INR,160272.57,BR031
ACC00911,CUST00816,Savings,Regular Savings Account,XXXXXX6939,Active,2025-07-06,INR,99249.09,BR028
ACC00912,CUST00817,Salary,Premium Salary Account,XXXXXX7861,Active,2024-06-27,INR,254201.28,BR056
ACC00913,CUST00818,Salary,Savings Account,XXXXXX2431,Active,2020-01-11,INR,315934.15,BR024
ACC00914,CUST00819,Salary,Premium Salary Account,XXXXXX1210,Active,2018-11-12,INR,63365.22,BR039
ACC00915,CUST00820,Current,Business Current Account,XXXXXX9870,Active,2021-02-12,INR,264174.26,BR076
ACC00916,CUST00821,Salary,Premium Salary Account,XXXXXX4295,Active,2022-04-01,INR,63100.06,BR043
ACC00917,CUST00822,Savings,Digital Savings Account,XXXXXX9074,Active,2026-01-29,INR,54416.15,BR067
ACC00918,CUST00823,Current,Premium Current Account,XXXXXX1718,Active,2023-05-17,INR,515855.35,BR054
ACC00919,CUST00824,Current,Business Current Account,XXXXXX5628,Active,2024-06-13,INR,96039.12,BR064
ACC00920,CUST00825,Salary,Salary Account,XXXXXX7972,Active,2021-07-05,INR,635920.72,BR050
ACC00921,CUST00826,Savings,Millennia Savings Account,XXXXXX8275,Active,2023-08-11,INR,66706.05,BR049
ACC00922,CUST00827,Current,Business Current Account,XXXXXX6521,Active,2024-11-05,INR,232144.61,BR061
ACC00923,CUST00828,Salary,Premium Salary Account,XXXXXX3111,Active,2024-10-28,INR,599188.97,BR050
ACC00924,CUST00829,Savings,Millennia Savings Account,XXXXXX4478,Active,2019-05-29,INR,64933.42,BR017
ACC00925,CUST00830,Salary,Salary Account,XXXXXX3837,Active,2024-04-12,INR,107666.18,BR013
ACC00926,CUST00831,Current,Regular Current Account,XXXXXX3065,Active,2025-09-21,INR,39833.15,BR012
ACC00927,CUST00832,Current,Regular Current Account,XXXXXX6981,Active,2024-12-17,INR,947483.99,BR072
ACC00928,CUST00833,Current,Business Current Account,XXXXXX1156,Active,2024-04-03,INR,167171.81,BR036
ACC00929,CUST00834,Salary,Salary Account,XXXXXX5506,Active,2021-01-30,INR,98644.32,BR043
ACC00930,CUST00835,Savings,Savings Max,XXXXXX9054,Active,2026-06-15,INR,34791.31,BR012
ACC00931,CUST00836,Current,Regular Current Account,XXXXXX1206,Active,2023-01-11,INR,705102.89,BR062
ACC00932,CUST00837,Current,Premium Current Account,XXXXXX8131,Active,2026-04-22,INR,17168.97,BR065
ACC00933,CUST00838,Savings,Digital Savings Account,XXXXXX2574,Active,2020-06-04,INR,91143.53,BR019
ACC00934,CUST00839,Savings,Millennia Savings Account,XXXXXX4168,Active,2023-05-15,INR,59699.92,BR018
ACC00935,CUST00840,Salary,Savings Account,XXXXXX1074,Active,2024-05-25,INR,49626.78,BR045
ACC00936,CUST00841,Salary,Savings Account,XXXXXX7805,Active,2017-10-24,INR,149429.01,BR055
ACC00937,CUST00842,Current,Regular Current Account,XXXXXX9252,Active,2024-06-15,INR,611385.59,BR039
ACC00938,CUST00843,Salary,Savings Account,XXXXXX4761,Active,2021-02-21,INR,104294.3,BR059
ACC00939,CUST00844,Savings,Digital Savings Account,XXXXXX8640,Active,2026-01-10,INR,37984.21,BR061
ACC00940,CUST00845,Savings,Millennia Savings Account,XXXXXX9739,Active,2019-05-18,INR,33376.85,BR020
ACC00941,CUST00846,Current,Regular Current Account,XXXXXX5454,Active,2026-01-18,INR,225712.41,BR019
ACC00942,CUST00847,Savings,Digital Savings Account,XXXXXX4344,Active,2024-11-24,INR,85768.78,BR024
ACC00943,CUST00847,Current,Business Current Account,XXXXXX5812,Active,2025-08-28,INR,965397.84,BR024
ACC00944,CUST00848,Current,Premium Current Account,XXXXXX7714,Active,2024-01-17,INR,111296.92,BR026
ACC00945,CUST00849,Salary,Premium Salary Account,XXXXXX4189,Active,2023-11-17,INR,5000,BR014
ACC00946,CUST00850,Salary,Savings Account,XXXXXX9764,Active,2026-05-20,INR,45661.65,BR016
ACC00947,CUST00851,Salary,Savings Account,XXXXXX5905,Active,2026-03-27,INR,93322.28,BR050
ACC00948,CUST00852,Salary,Premium Salary Account,XXXXXX8129,Active,2026-02-11,INR,53870.78,BR033
ACC00949,CUST00853,Savings,Digital Savings Account,XXXXXX8765,Active,2020-11-21,INR,5000,BR047
ACC00950,CUST00854,Savings,Digital Savings Account,XXXXXX7839,Active,2023-03-11,INR,14697.16,BR074
ACC00951,CUST00855,Savings,Regular Savings Account,XXXXXX6688,Active,2026-03-31,INR,78673.64,BR038
ACC00952,CUST00856,Salary,Salary Account,XXXXXX7298,Active,2025-07-16,INR,36051.74,BR015
ACC00953,CUST00857,Savings,Millennia Savings Account,XXXXXX9173,Active,2024-04-13,INR,170524.25,BR020
ACC00954,CUST00858,Salary,Savings Account,XXXXXX8590,Active,2022-03-02,INR,69115.52,BR008
ACC00955,CUST00859,Savings,Savings Max,XXXXXX7093,Active,2025-07-08,INR,122752.9,BR058
ACC00956,CUST00860,Salary,Salary Account,XXXXXX9609,Active,2018-01-21,INR,46327.67,BR056
ACC00957,CUST00861,Savings,Millennia Savings Account,XXXXXX5130,Active,2020-04-07,INR,351077.91,BR074
ACC00958,CUST00862,Savings,Savings Max,XXXXXX1544,Active,2024-05-02,INR,25074.17,BR031
ACC00959,CUST00863,Savings,Savings Max,XXXXXX5235,Active,2018-10-26,INR,19247.74,BR008
ACC00960,CUST00864,Current,Premium Current Account,XXXXXX5693,Active,2019-06-17,INR,134025.67,BR013
ACC00961,CUST00865,Savings,Savings Max,XXXXXX6516,Active,2025-07-22,INR,94195.35,BR075
ACC00962,CUST00866,Savings,Regular Savings Account,XXXXXX5280,Active,2024-10-26,INR,187079.75,BR034
ACC00963,CUST00867,Salary,Salary Account,XXXXXX3622,Active,2019-01-27,INR,228003.57,BR056
ACC00964,CUST00868,Salary,Salary Account,XXXXXX1802,Active,2022-02-10,INR,120831.51,BR053
ACC00965,CUST00869,Savings,Millennia Savings Account,XXXXXX2059,Active,2025-03-30,INR,5000,BR032
ACC00966,CUST00870,Savings,Regular Savings Account,XXXXXX6307,Active,2018-05-11,INR,127677.06,BR072
ACC00967,CUST00871,Current,Regular Current Account,XXXXXX1715,Active,2023-10-19,INR,74438.19,BR075
ACC00968,CUST00872,Current,Premium Current Account,XXXXXX8640,Active,2017-01-25,INR,54747.4,BR058
ACC00969,CUST00873,Salary,Salary Account,XXXXXX7431,Active,2021-01-11,INR,35287.35,BR055
ACC00970,CUST00874,Salary,Premium Salary Account,XXXXXX3305,Active,2026-06-09,INR,78309.88,BR018
ACC00971,CUST00875,Salary,Salary Account,XXXXXX3759,Active,2024-08-10,INR,111626.74,BR070
ACC00972,CUST00876,Salary,Salary Account,XXXXXX6078,Active,2026-04-06,INR,115098.12,BR070
ACC00973,CUST00877,Salary,Savings Account,XXXXXX1915,Active,2024-09-18,INR,405277.55,BR075
ACC00974,CUST00878,Salary,Savings Account,XXXXXX4956,Active,2019-02-20,INR,188881.1,BR076
ACC00975,CUST00878,Savings,Regular Savings Account,XXXXXX5834,Active,2022-03-20,INR,329460.19,BR076
ACC00976,CUST00879,Savings,Savings Max,XXXXXX9565,Active,2025-09-27,INR,133689.46,BR007
ACC00977,CUST00880,Current,Premium Current Account,XXXXXX8461,Active,2023-05-04,INR,41323.97,BR001
ACC00978,CUST00881,Savings,Millennia Savings Account,XXXXXX3992,Active,2025-03-09,INR,101808.63,BR023
ACC00979,CUST00882,Savings,Regular Savings Account,XXXXXX5621,Active,2022-12-22,INR,41382.94,BR015
ACC00980,CUST00882,Current,Business Current Account,XXXXXX2723,Active,2024-09-22,INR,284631.42,BR015
ACC00981,CUST00883,Salary,Salary Account,XXXXXX8566,Active,2026-06-03,INR,12624.52,BR012
ACC00982,CUST00884,Savings,Digital Savings Account,XXXXXX2964,Active,2021-07-01,INR,208279.4,BR022
ACC00983,CUST00884,Current,Premium Current Account,XXXXXX2809,Active,2026-05-24,INR,259116.26,BR022
ACC00984,CUST00885,Savings,Regular Savings Account,XXXXXX3656,Active,2024-04-08,INR,678359.65,BR035
ACC00985,CUST00886,Savings,Digital Savings Account,XXXXXX8293,Active,2025-11-16,INR,15650.1,BR034
ACC00986,CUST00887,Salary,Savings Account,XXXXXX7680,Active,2025-05-13,INR,112435.83,BR012
ACC00987,CUST00888,Salary,Premium Salary Account,XXXXXX3569,Active,2024-02-06,INR,61937.59,BR035
ACC00988,CUST00889,Savings,Millennia Savings Account,XXXXXX7289,Active,2021-04-20,INR,64339.37,BR065
ACC00989,CUST00890,Savings,Digital Savings Account,XXXXXX4028,Active,2019-08-23,INR,18614.65,BR039
ACC00990,CUST00891,Savings,Millennia Savings Account,XXXXXX6178,Active,2022-07-26,INR,754751.05,BR025
ACC00991,CUST00892,Salary,Salary Account,XXXXXX5555,Active,2023-08-04,INR,154965.18,BR076
ACC00992,CUST00893,Savings,Savings Max,XXXXXX6367,Active,2019-10-29,INR,7033.13,BR078
ACC00993,CUST00894,Current,Business Current Account,XXXXXX7947,Active,2025-02-08,INR,34446.31,BR029
ACC00994,CUST00895,Savings,Millennia Savings Account,XXXXXX8074,Active,2025-04-15,INR,205067.69,BR007
ACC00995,CUST00896,Salary,Premium Salary Account,XXXXXX6674,Active,2024-06-11,INR,648551.7,BR060
ACC00996,CUST00897,Salary,Salary Account,XXXXXX1474,Active,2025-08-28,INR,148974.93,BR054
ACC00997,CUST00898,Salary,Premium Salary Account,XXXXXX6591,Active,2026-01-15,INR,210198.31,BR012
ACC00998,CUST00899,Salary,Premium Salary Account,XXXXXX1422,Active,2020-03-04,INR,217874.02,BR046
ACC00999,CUST00900,Savings,Millennia Savings Account,XXXXXX7076,Active,2024-05-20,INR,173528.75,BR052
ACC01000,CUST00901,Salary,Premium Salary Account,XXXXXX2729,Active,2021-07-29,INR,95152.51,BR022
ACC01001,CUST00902,Savings,Digital Savings Account,XXXXXX1989,Active,2026-04-21,INR,16472.46,BR052
ACC01002,CUST00903,Savings,Savings Max,XXXXXX4264,Active,2018-08-19,INR,181412.78,BR020
ACC01003,CUST00904,Savings,Savings Max,XXXXXX2343,Active,2025-10-15,INR,377703.3,BR067
ACC01004,CUST00905,Savings,Digital Savings Account,XXXXXX1607,Active,2024-10-03,INR,109393.47,BR073
ACC01005,CUST00906,Current,Regular Current Account,XXXXXX9568,Active,2025-07-24,INR,236443.5,BR001
ACC01006,CUST00907,Salary,Premium Salary Account,XXXXXX1641,Active,2025-11-09,INR,177887.6,BR041
ACC01007,CUST00908,Savings,Regular Savings Account,XXXXXX3722,Active,2022-07-15,INR,89922.51,BR062
ACC01008,CUST00909,Savings,Millennia Savings Account,XXXXXX4259,Active,2025-08-18,INR,21301.2,BR061
ACC01009,CUST00910,Savings,Millennia Savings Account,XXXXXX4808,Active,2026-04-05,INR,41882.91,BR001
ACC01010,CUST00910,Current,Regular Current Account,XXXXXX5513,Active,2026-05-16,INR,283807.8,BR001
ACC01011,CUST00911,Current,Premium Current Account,XXXXXX5164,Active,2026-07-11,INR,27881.56,BR041
ACC01012,CUST00912,Current,Premium Current Account,XXXXXX1035,Active,2021-01-11,INR,106677.21,BR003
ACC01013,CUST00913,Savings,Millennia Savings Account,XXXXXX9008,Active,2024-07-13,INR,47544.52,BR003
ACC01014,CUST00914,Salary,Salary Account,XXXXXX7385,Active,2022-11-18,INR,319913.07,BR019
ACC01015,CUST00915,Savings,Digital Savings Account,XXXXXX2495,Active,2023-04-26,INR,351128.6,BR061
ACC01016,CUST00916,Savings,Millennia Savings Account,XXXXXX2750,Active,2026-02-14,INR,155622.02,BR063
ACC01017,CUST00917,Current,Premium Current Account,XXXXXX4833,Active,2024-02-02,INR,376030.43,BR007
ACC01018,CUST00918,Savings,Digital Savings Account,XXXXXX2262,Active,2025-11-04,INR,281758.74,BR031
ACC01019,CUST00919,Current,Business Current Account,XXXXXX9419,Active,2023-08-30,INR,426700.19,BR045
ACC01020,CUST00920,Salary,Salary Account,XXXXXX6628,Active,2025-10-28,INR,39252.05,BR037
ACC01021,CUST00921,Savings,Savings Max,XXXXXX9913,Active,2026-03-03,INR,28951.5,BR020
ACC01022,CUST00922,Savings,Digital Savings Account,XXXXXX7726,Active,2025-10-20,INR,324106.59,BR048
ACC01023,CUST00923,Current,Premium Current Account,XXXXXX1335,Active,2025-09-19,INR,131167.84,BR068
ACC01024,CUST00924,Current,Regular Current Account,XXXXXX2081,Active,2016-11-05,INR,57047.2,BR062
ACC01025,CUST00925,Savings,Regular Savings Account,XXXXXX3986,Active,2026-05-13,INR,13249.59,BR034
ACC01026,CUST00926,Current,Regular Current Account,XXXXXX3512,Active,2020-04-02,INR,3057953.23,BR001
ACC01027,CUST00927,Current,Premium Current Account,XXXXXX8253,Active,2024-11-11,INR,219086.46,BR050
ACC01028,CUST00928,Savings,Digital Savings Account,XXXXXX1530,Active,2022-10-27,INR,5000,BR065
ACC01029,CUST00929,Savings,Regular Savings Account,XXXXXX1943,Active,2025-11-28,INR,63275.73,BR017
ACC01030,CUST00930,Salary,Salary Account,XXXXXX7410,Active,2024-09-20,INR,117348.47,BR034
ACC01031,CUST00931,Current,Premium Current Account,XXXXXX1043,Active,2024-02-13,INR,105338.66,BR080
ACC01032,CUST00931,Savings,Savings Max,XXXXXX4040,Active,2024-06-18,INR,223757.23,BR080
ACC01033,CUST00932,Current,Regular Current Account,XXXXXX4661,Active,2024-11-07,INR,333435.87,BR014
ACC01034,CUST00933,Salary,Savings Account,XXXXXX3419,Active,2022-05-14,INR,64999.34,BR063
ACC01035,CUST00934,Salary,Premium Salary Account,XXXXXX4257,Active,2018-07-17,INR,69189.99,BR077
ACC01036,CUST00935,Current,Regular Current Account,XXXXXX6031,Active,2022-04-18,INR,340658.01,BR001
ACC01037,CUST00936,Current,Regular Current Account,XXXXXX8003,Active,2023-08-15,INR,406314.83,BR054
ACC01038,CUST00936,Savings,Regular Savings Account,XXXXXX5275,Active,2025-08-07,INR,1095382.54,BR054
ACC01039,CUST00937,Salary,Savings Account,XXXXXX6134,Active,2026-04-06,INR,82095.15,BR069
ACC01040,CUST00938,Savings,Millennia Savings Account,XXXXXX5745,Active,2024-01-14,INR,37141.26,BR004
ACC01041,CUST00939,Salary,Premium Salary Account,XXXXXX9780,Active,2026-03-09,INR,93287.55,BR060
ACC01042,CUST00940,Current,Premium Current Account,XXXXXX5726,Active,2026-06-08,INR,73915.23,BR035
ACC01043,CUST00941,Salary,Savings Account,XXXXXX8621,Active,2024-05-23,INR,149630.36,BR047
ACC01044,CUST00942,Salary,Savings Account,XXXXXX3196,Active,2023-03-27,INR,118955.05,BR021
ACC01045,CUST00943,Current,Premium Current Account,XXXXXX2142,Active,2025-06-30,INR,407364.06,BR012
ACC01046,CUST00943,Savings,Savings Max,XXXXXX1370,Active,2026-07-09,INR,586103.79,BR012
ACC01047,CUST00944,Savings,Regular Savings Account,XXXXXX4202,Active,2025-07-02,INR,121007.01,BR065
ACC01048,CUST00945,Savings,Digital Savings Account,XXXXXX2369,Active,2020-08-10,INR,79080.22,BR057
ACC01049,CUST00946,Salary,Premium Salary Account,XXXXXX5976,Active,2024-05-23,INR,35387.76,BR065
ACC01050,CUST00947,Savings,Savings Max,XXXXXX1478,Active,2025-08-30,INR,32412.92,BR073
ACC01051,CUST00948,Salary,Premium Salary Account,XXXXXX8464,Active,2020-06-28,INR,44073.33,BR030
ACC01052,CUST00949,Current,Business Current Account,XXXXXX8921,Active,2026-02-27,INR,135104.95,BR022
ACC01053,CUST00950,Current,Premium Current Account,XXXXXX1605,Active,2025-01-16,INR,555685.91,BR010
ACC01054,CUST00951,Current,Premium Current Account,XXXXXX9875,Active,2023-06-22,INR,2609740.56,BR019
ACC01055,CUST00952,Salary,Salary Account,XXXXXX6269,Active,2025-09-13,INR,213992.58,BR064
ACC01056,CUST00953,Savings,Millennia Savings Account,XXXXXX7918,Active,2023-12-09,INR,5805.79,BR039
ACC01057,CUST00954,Current,Premium Current Account,XXXXXX7512,Active,2024-06-02,INR,568793.23,BR016
ACC01058,CUST00955,Savings,Regular Savings Account,XXXXXX2252,Active,2024-12-26,INR,22529.63,BR030
ACC01059,CUST00956,Current,Business Current Account,XXXXXX1074,Active,2020-08-05,INR,1339458.63,BR045
ACC01060,CUST00957,Savings,Digital Savings Account,XXXXXX8707,Active,2021-10-12,INR,275481.12,BR017
ACC01061,CUST00957,Current,Regular Current Account,XXXXXX8556,Active,2023-09-27,INR,477688.64,BR017
ACC01062,CUST00958,Current,Premium Current Account,XXXXXX5060,Active,2024-10-02,INR,59008.94,BR038
ACC01063,CUST00958,Savings,Millennia Savings Account,XXXXXX9890,Active,2025-05-27,INR,63866.68,BR038
ACC01064,CUST00959,Salary,Premium Salary Account,XXXXXX8735,Active,2024-02-24,INR,119753.15,BR079
ACC01065,CUST00960,Current,Business Current Account,XXXXXX3442,Active,2026-07-17,INR,405939.23,BR037
ACC01066,CUST00961,Savings,Savings Max,XXXXXX7819,Active,2023-07-13,INR,49550.88,BR015
ACC01067,CUST00962,Salary,Salary Account,XXXXXX7461,Active,2020-03-23,INR,124070.17,BR011
ACC01068,CUST00963,Salary,Salary Account,XXXXXX8439,Active,2022-07-08,INR,119265.59,BR053
ACC01069,CUST00964,Current,Business Current Account,XXXXXX8135,Active,2026-01-15,INR,134307.67,BR043
ACC01070,CUST00965,Current,Regular Current Account,XXXXXX4640,Active,2017-11-07,INR,285489.89,BR018
ACC01071,CUST00966,Current,Business Current Account,XXXXXX9024,Active,2024-01-19,INR,19318.45,BR030
ACC01072,CUST00967,Salary,Savings Account,XXXXXX9535,Active,2025-03-26,INR,770331.0,BR007
ACC01073,CUST00968,Current,Premium Current Account,XXXXXX4322,Active,2021-11-24,INR,124179.8,BR009
ACC01074,CUST00969,Current,Premium Current Account,XXXXXX4833,Active,2020-12-12,INR,74786.79,BR041
ACC01075,CUST00970,Savings,Regular Savings Account,XXXXXX6412,Active,2018-06-23,INR,49508.87,BR054
ACC01076,CUST00971,Salary,Salary Account,XXXXXX4451,Active,2023-12-11,INR,566541.39,BR010
ACC01077,CUST00971,Savings,Regular Savings Account,XXXXXX3835,Active,2025-11-03,INR,551368.19,BR010
ACC01078,CUST00972,Savings,Millennia Savings Account,XXXXXX4482,Active,2017-02-17,INR,65250.89,BR062
ACC01079,CUST00973,Salary,Premium Salary Account,XXXXXX5954,Active,2021-10-14,INR,13273.0,BR052
ACC01080,CUST00974,Savings,Savings Max,XXXXXX3846,Active,2024-03-25,INR,10076.41,BR053
ACC01081,CUST00975,Salary,Salary Account,XXXXXX6825,Active,2015-11-04,INR,99228.08,BR061
ACC01082,CUST00976,Savings,Savings Max,XXXXXX8207,Active,2023-11-19,INR,5000,BR076
ACC01083,CUST00977,Savings,Digital Savings Account,XXXXXX4311,Active,2022-05-18,INR,85898.3,BR034
ACC01084,CUST00978,Salary,Premium Salary Account,XXXXXX9979,Active,2025-06-03,INR,26204.11,BR064
ACC01085,CUST00979,Salary,Premium Salary Account,XXXXXX5858,Active,2021-12-20,INR,144292.32,BR078
ACC01086,CUST00980,Savings,Millennia Savings Account,XXXXXX2115,Active,2026-04-09,INR,92774.04,BR045
ACC01087,CUST00980,Current,Premium Current Account,XXXXXX3859,Active,2026-05-15,INR,299825.6,BR045
ACC01088,CUST00981,Salary,Premium Salary Account,XXXXXX3688,Active,2024-04-27,INR,658035.33,BR009
ACC01089,CUST00982,Savings,Regular Savings Account,XXXXXX4166,Active,2026-02-19,INR,32718.48,BR047
ACC01090,CUST00983,Savings,Savings Max,XXXXXX2724,Active,2020-06-08,INR,271632.41,BR049
ACC01091,CUST00984,Savings,Digital Savings Account,XXXXXX1086,Active,2023-06-19,INR,564936.6,BR015
ACC01092,CUST00985,Savings,Digital Savings Account,XXXXXX2422,Active,2023-07-05,INR,157501.76,BR058
ACC01093,CUST00986,Savings,Digital Savings Account,XXXXXX7600,Active,2023-10-01,INR,48870.56,BR060
ACC01094,CUST00987,Savings,Regular Savings Account,XXXXXX9516,Active,2020-03-12,INR,76519.29,BR017
ACC01095,CUST00988,Current,Business Current Account,XXXXXX9264,Active,2026-03-28,INR,984685.18,BR031
ACC01096,CUST00989,Salary,Savings Account,XXXXXX6413,Active,2022-10-02,INR,128338.13,BR070
ACC01097,CUST00990,Salary,Savings Account,XXXXXX6038,Active,2018-01-07,INR,76526.92,BR003
ACC01098,CUST00991,Salary,Salary Account,XXXXXX3433,Active,2025-05-14,INR,362368.77,BR011
ACC01099,CUST00992,Savings,Millennia Savings Account,XXXXXX9885,Active,2022-05-24,INR,8371.87,BR029
ACC01100,CUST00993,Savings,Regular Savings Account,XXXXXX3564,Active,2025-08-18,INR,32062.14,BR021
ACC01101,CUST00994,Savings,Regular Savings Account,XXXXXX2294,Active,2023-02-14,INR,80743.06,BR030
ACC01102,CUST00995,Savings,Digital Savings Account,XXXXXX1293,Active,2025-01-22,INR,34832.87,BR013
ACC01103,CUST00996,Current,Premium Current Account,XXXXXX4965,Active,2025-09-15,INR,437441.78,BR060
ACC01104,CUST00997,Savings,Millennia Savings Account,XXXXXX3950,Active,2020-04-01,INR,217131.72,BR023
ACC01105,CUST00998,Salary,Savings Account,XXXXXX1207,Active,2025-06-21,INR,105375.25,BR004
ACC01106,CUST00999,Savings,Millennia Savings Account,XXXXXX2925,Active,2024-04-27,INR,283058.38,BR020
ACC01107,CUST01000,Salary,Premium Salary Account,XXXXXX1863,Active,2026-02-14,INR,20629.32,BR034
